{"labels": [2, 12, 7, 0, 2, 3, 7, 8, 10, 11, 20, 2, 7, 12, 7, 1, 3, 6, 7, 10, 2, 2, 2, 10, 2, 12, 23, 2, 2, 2, 2, 12, 2, 2, 7, 2, 3, 2, 7, 10, 12, 2, 12, 2, 10, 2, 2, 2, 2, 2, 2, 10, 7, 2, 7, 22, 0, 2, 10, 2, 2, 4, 10, 2, 2, 10, 2, 10, 12, 19, 2, 2, 12, 8, 2, 2, 2, 2, 3, 4, 7, 9, 10, 12, 2, 2, 2, 2, 2, 2, 7, 10, 12, 10, 2, 7, 2, 10, 11, 10], "scores": [0.0, 0.0, 0.00013549020513892174, 0.0, 0.0, 0.0, 0.0, 0.0, 0.0, 0.0, 0.0, 0.0, 0.0003787086461670697, 0.0, 0.0002677979355212301, 0.0005095683736726642, 0.00010868268145713955, 0.7936697602272034, 0.0028636022470891476, 0.00022415013518184423, 0.0, 0.0, 0.0, 0.0, 0.0, 0.00015116740541998297, 0.9379773736000061, 0.0, 0.0, 0.0, 0.0, 0.0, 0.0, 0.0, 0.0005036508664488792, 0.0, 0.9695566296577454, 0.0, 0.0, 0.0, 0.0, 0.0, 0.0, 0.0, 0.0, 0.0, 0.0, 0.0, 0.0, 0.0, 0.0, 0.0, 0.00011191575322300196, 0.0, 0.00012689489813055843, 0.0003069490776397288, 0.9466206431388855, 0.0, 0.0, 0.0, 0.0, 0.0, 0.0, 0.0, 0.0, 0.0, 0.0, 0.0, 0.001237577060237527, 0.9830782413482666, 0.0, 0.0, 0.0, 0.8769550919532776, 0.0, 0.0, 0.0, 0.0, 0.0, 0.0, 0.0, 0.0, 0.0, 0.0, 0.0, 0.0, 0.0, 0.0, 0.0, 0.0, 0.0, 0.0, 0.0, 0.0, 0.0, 0.0, 0.0, 0.0, 0.8068463802337646, 0.0], "bboxes": [[0.0, 0.0, 0.0, 0.0], [0.0, 0.0, 0.0, 0.0], [750.0, 534.0, 1372.0, 648.0], [0.0, 0.0, 0.0, 0.0], [0.0, 0.0, 0.0, 0.0], [0.0, 0.0, 0.0, 0.0], [0.0, 0.0, 0.0, 0.0], [0.0, 0.0, 0.0, 0.0], [0.0, 0.0, 0.0, 0.0], [0.0, 0.0, 0.0, 0.0], [0.0, 0.0, 0.0, 0.0], [0.0, 0.0, 0.0, 0.0], [775.0, 608.0, 823.0, 651.0], [0.0, 0.0, 0.0, 0.0], [779.0, 604.0, 833.0, 655.0], [787.0, 598.0, 894.0, 644.0], [787.0, 598.0, 894.0, 644.0], [787.0, 598.0, 894.0, 644.0], [787.0, 598.0, 894.0, 644.0], [787.0, 598.0, 894.0, 644.0], [0.0, 0.0, 0.0, 0.0], [0.0, 0.0, 0.0, 0.0], [0.0, 0.0, 0.0, 0.0], [0.0, 0.0, 0.0, 0.0], [0.0, 0.0, 0.0, 0.0], [820.0, 543.0, 961.0, 682.0], [820.0, 543.0, 961.0, 682.0], [0.0, 0.0, 0.0, 0.0], [0.0, 0.0, 0.0, 0.0], [0.0, 0.0, 0.0, 0.0], [0.0, 0.0, 0.0, 0.0], [0.0, 0.0, 0.0, 0.0], [0.0, 0.0, 0.0, 0.0], [0.0, 0.0, 0.0, 0.0], [803.0, 601.0, 837.0, 651.0], [0.0, 0.0, 0.0, 0.0], [934.0, 456.0, 1039.0, 617.0], [0.0, 0.0, 0.0, 0.0], [0.0, 0.0, 0.0, 0.0], [0.0, 0.0, 0.0, 0.0], [0.0, 0.0, 0.0, 0.0], [0.0, 0.0, 0.0, 0.0], [0.0, 0.0, 0.0, 0.0], [0.0, 0.0, 0.0, 0.0], [0.0, 0.0, 0.0, 0.0], [0.0, 0.0, 0.0, 0.0], [0.0, 0.0, 0.0, 0.0], [0.0, 0.0, 0.0, 0.0], [0.0, 0.0, 0.0, 0.0], [0.0, 0.0, 0.0, 0.0], [0.0, 0.0, 0.0, 0.0], [0.0, 0.0, 0.0, 0.0], [746.0, 593.0, 839.0, 662.0], [0.0, 0.0, 0.0, 0.0], [1273.0, 497.0, 1569.0, 804.0], [1273.0, 497.0, 1569.0, 804.0], [579.0, 513.0, 1518.0, 807.0], [0.0, 0.0, 0.0, 0.0], [0.0, 0.0, 0.0, 0.0], [0.0, 0.0, 0.0, 0.0], [0.0, 0.0, 0.0, 0.0], [0.0, 0.0, 0.0, 0.0], [0.0, 0.0, 0.0, 0.0], [0.0, 0.0, 0.0, 0.0], [0.0, 0.0, 0.0, 0.0], [0.0, 0.0, 0.0, 0.0], [0.0, 0.0, 0.0, 0.0], [0.0, 0.0, 0.0, 0.0], [523.0, 507.0, 1561.0, 1080.0], [523.0, 507.0, 1561.0, 1080.0], [0.0, 0.0, 0.0, 0.0], [0.0, 0.0, 0.0, 0.0], [0.0, 0.0, 0.0, 0.0], [814.0, 421.0, 919.0, 592.0], [0.0, 0.0, 0.0, 0.0], [0.0, 0.0, 0.0, 0.0], [0.0, 0.0, 0.0, 0.0], [0.0, 0.0, 0.0, 0.0], [0.0, 0.0, 0.0, 0.0], [0.0, 0.0, 0.0, 0.0], [0.0, 0.0, 0.0, 0.0], [0.0, 0.0, 0.0, 0.0], [0.0, 0.0, 0.0, 0.0], [0.0, 0.0, 0.0, 0.0], [0.0, 0.0, 0.0, 0.0], [0.0, 0.0, 0.0, 0.0], [0.0, 0.0, 0.0, 0.0], [0.0, 0.0, 0.0, 0.0], [0.0, 0.0, 0.0, 0.0], [0.0, 0.0, 0.0, 0.0], [0.0, 0.0, 0.0, 0.0], [0.0, 0.0, 0.0, 0.0], [0.0, 0.0, 0.0, 0.0], [0.0, 0.0, 0.0, 0.0], [0.0, 0.0, 0.0, 0.0], [0.0, 0.0, 0.0, 0.0], [0.0, 0.0, 0.0, 0.0], [0.0, 0.0, 0.0, 0.0], [944.0, 483.0, 1101.0, 680.0], [0.0, 0.0, 0.0, 0.0]], "masks": [{"size": [1080, 1920], "counts": "PPYo1"}, {"size": [1080, 1920], "counts": "PPYo1"}, {"size": [1080, 1920], "counts": "fdgh02fQ1O0100N2N200O1O001O1O1O1O010O1O1O1O1O1O100O1O1O101N1O101N1O100O1O100O100O100O2N100O100O10000O1000O010O1O100O1O2M2M4M3I9J6JmnR?MYQm@0000000kQ^21TnaM01OhX53TgJ2O000O2O01O01O01N010O1O1O2MP^Qb0"}, {"size": [1080, 1920], "counts": "PPYo1"}, {"size": [1080, 1920], "counts": "PPYo1"}, {"size": [1080, 1920], "counts": "PPYo1"}, {"size": [1080, 1920], "counts": "PPYo1"}, {"size": [1080, 1920], "counts": "PPYo1"}, {"size": [1080, 1920], "counts": "PPYo1"}, {"size": [1080, 1920], "counts": "PPYo1"}, {"size": [1080, 1920], "counts": "PPYo1"}, {"size": [1080, 1920], "counts": "PPYo1"}, {"size": [1080, 1920], "counts": "QPbi02dQ13N2M3N1N2O1O2N1O100O2N101N1O2O1N1O2N2O0O2O1N2N101N101O0O101O0O10000001O1O001N2O2M2M4M3M5K5J:Fo[TT1"}, {"size": [1080, 1920], "counts": "PPYo1"}, {"size": [1080, 1920], "counts": "oVfi05aQ12N3N1O1O2N1O2N2N2O0O2N2O1N2N2N3M2O1N2N1O1O2N100O2O0O2N1O100O11O000000100O001O1O1O1N2O1O2N2N2M4M4K3L4\\OonN=[Q1J4LVjiS1"}, {"size": [1080, 1920], "counts": "mdni04aQ15L3N2M3N2N2N1O2N1O1O2N1O2N1O2N1O1N200O1O1O1O1O010O00010O01O1O1O1N2O1N2O1N3M3N3L3N3M1N4M4K5Jdj?0]U@6K2N2O1N2O1O1O1N101O001O001O1O001O0000010O000010O00001O00001O001O0O2O001O1O001O1O1N3N2Mj_iQ1"}, {"size": [1080, 1920], "counts": "mdni04aQ15L3N2M3N2N2N1O2N1O1O2N1O2N1O2N1O1N200O1O1O1O1O010O00010O01O1O1O1N2O1N2O1N3M3N3L3N3M1N4M4K5Jdj?0]U@6K2N2O1N2O1O1O1N101O001O001O1O001O0000010O000010O00001O00001O001O0O2O001O1O001O1O1N3N2Mj_iQ1"}, {"size": [1080, 1920], "counts": "mdni04aQ15L3N2M3N2N2N1O2N1O1O2N1O2N1O2N1O1N200O1O1O1O1O010O00010O01O1O1O1N2O1N2O1N3M3N3L3N3M1N4M4K5Jdj?0]U@6K2N2O1N2O1O1O1N101O001O001O1O001O0000010O000010O00001O00001O001O0O2O001O1O001O1O1N3N2Mj_iQ1"}, {"size": [1080, 1920], "counts": "mdni04aQ15L3N2M3N2N2N1O2N1O1O2N1O2N1O2N1O1N200O1O1O1O1O010O00010O01O1O1O1N2O1N2O1N3M3N3L3N3M1N4M4K5Jdj?0]U@6K2N2O1N2O1O1O1N101O001O001O1O001O0000010O000010O00001O00001O001O0O2O001O1O001O1O1N3N2Mj_iQ1"}, {"size": [1080, 1920], "counts": "mdni04aQ15L3N2M3N2N2N1O2N1O1O2N1O2N1O2N1O1N200O1O1O1O1O010O00010O01O1O1O1N2O1N2O1N3M3N3L3N3M1N4M4K5Jdj?0]U@6K2N2O1N2O1O1O1N101O001O001O1O001O0000010O000010O00001O00001O001O0O2O001O1O001O1O1N3N2Mj_iQ1"}, {"size": [1080, 1920], "counts": "PPYo1"}, {"size": [1080, 1920], "counts": "PPYo1"}, {"size": [1080, 1920], "counts": "PPYo1"}, {"size": [1080, 1920], "counts": "PPYo1"}, {"size": [1080, 1920], "counts": "PPYo1"}, {"size": [1080, 1920], "counts": "T_Qk05`Q15K4K5J6M3L3O2L4D;E<K5M2N3K4O2O1N1O2N1O2N2O0O2N2N1O2N1O2N1O2N1O2N1O2N101N2N100O2N1O1O2N10001N1O1O2O0000001O000000010O0001O001O01O01O001O100O2N1O1O2M2O1O1N2O0N3N1M4K5M2M4K5M4M2N3N2M2O1N2O1O1N100O100O1O1O00O2M2J6O1K5I7K6J5O000001O2O1N2N2O2PORQOROQo0m0RQOoNon0P1TQOnNmn0Q1UQOlNmn0R1VQOjNmn0U1UQOgNnn0W1k0O1N3M2N2O1N2O1N2N2O1M4L3M4L5Kalbo0"}, {"size": [1080, 1920], "counts": "T_Qk05`Q15K4K5J6M3L3O2L4D;E<K5M2N3K4O2O1N1O2N1O2N2O0O2N2N1O2N1O2N1O2N1O2N1O2N101N2N100O2N1O1O2N10001N1O1O2O0000001O000000010O0001O001O01O01O001O100O2N1O1O2M2O1O1N2O0N3N1M4K5M2M4K5M4M2N3N2M2O1N2O1O1N100O100O1O1O00O2M2J6O1K5I7K6J5O000001O2O1N2N2O2PORQOROQo0m0RQOoNon0P1TQOnNmn0Q1UQOlNmn0R1VQOjNmn0U1UQOgNnn0W1k0O1N3M2N2O1N2O1N2N2O1M4L3M4L5Kalbo0"}, {"size": [1080, 1920], "counts": "PPYo1"}, {"size": [1080, 1920], "counts": "PPYo1"}, {"size": [1080, 1920], "counts": "PPYo1"}, {"size": [1080, 1920], "counts": "PPYo1"}, {"size": [1080, 1920], "counts": "PPYo1"}, {"size": [1080, 1920], "counts": "PPYo1"}, {"size": [1080, 1920], "counts": "PPYo1"}, {"size": [1080, 1920], "counts": "]`_j01eQ13N1M4L3N2O2O10O100O101N1O2O1MVV3KPjL1O2M10001O0000010O1000O1O1NTceS1"}, {"size": [1080, 1920], "counts": "PPYo1"}, {"size": [1080, 1920], "counts": "l`in03cQ16L2SoNNPP1S1J4L4L3L4M101N2N2N1O2M2O1O1O1O1O1O1O2N1O2N1N3N3M2N4L6J<D;E6J5K3M2N3N1N2N101N100O1O1O100O1O100O001O0010O01O01O0000001O0000001O00001N10001N100O2O0O1O2O0O1O2N1O2N1O2N1O2N1O2N1O2N2N2N2M3N3L4M4K7G:I6H=C`0@i0WO:CddPm0"}, {"size": [1080, 1920], "counts": "PPYo1"}, {"size": [1080, 1920], "counts": "PPYo1"}, {"size": [1080, 1920], "counts": "PPYo1"}, {"size": [1080, 1920], "counts": "PPYo1"}, {"size": [1080, 1920], "counts": "PPYo1"}, {"size": [1080, 1920], "counts": "PPYo1"}, {"size": [1080, 1920], "counts": "PPYo1"}, {"size": [1080, 1920], "counts": "PPYo1"}, {"size": [1080, 1920], "counts": "PPYo1"}, {"size": [1080, 1920], "counts": "PPYo1"}, {"size": [1080, 1920],