{"labels": [19, 10, 10, 2, 3, 4, 10, 10, 10, 10, 10, 1, 3, 6, 10, 10, 10, 10, 10, 1, 10, 10, 10, 4, 10, 10, 10, 10, 10, 10, 10, 10, 10, 1, 2, 3, 4, 7, 8, 10, 10, 19, 19, 10, 10, 0, 7, 10, 10, 10, 10, 10, 2, 4, 10, 10, 10, 1, 10, 10, 10, 1, 19, 7, 10, 19, 10, 1, 3, 4, 6, 8, 10, 11, 12, 19, 10, 10, 10, 2, 3, 4, 10, 10, 10, 10, 10, 10, 19, 10, 10, 10, 19, 10, 10, 1, 6, 10, 11, 10], "scores": [0.00016268050239887089, 0.0, 0.0, 0.0, 0.0, 0.0, 0.0, 0.0, 0.0, 0.0, 0.0, 0.0, 0.0, 0.0, 0.0, 0.0, 0.0, 0.0, 0.0, 0.0, 0.0, 0.0, 0.0, 0.0, 0.0, 0.0, 0.0, 0.0, 0.0, 0.0, 0.0, 0.0, 0.0, 0.0, 0.0, 0.0, 0.0, 0.0, 0.0, 0.0, 0.0, 0.00014359473425429314, 0.0001775628188624978, 0.0, 0.0, 0.0, 0.0, 0.0, 0.0, 0.0, 0.0, 0.0, 0.0, 0.0, 0.0, 0.0, 0.0, 0.0, 0.0, 0.0, 0.0, 0.0005691070691682398, 0.8958489298820496, 0.00016947540279943496, 0.0, 0.00040042962064035237, 0.0, 0.0, 0.0, 0.0, 0.0, 0.0, 0.0, 0.0, 0.0, 0.0, 0.0, 0.0, 0.0, 0.0, 0.0, 0.0, 0.0, 0.0, 0.0, 0.0, 0.0, 0.0, 0.0007410318939946592, 0.0, 0.0, 0.0, 0.00021596673468593508, 0.0, 0.0, 0.0, 0.0, 0.0, 0.0, 0.0], "bboxes": [[455.0, 768.0, 589.0, 996.0], [0.0, 0.0, 0.0, 0.0], [0.0, 0.0, 0.0, 0.0], [0.0, 0.0, 0.0, 0.0], [0.0, 0.0, 0.0, 0.0], [0.0, 0.0, 0.0, 0.0], [0.0, 0.0, 0.0, 0.0], [0.0, 0.0, 0.0, 0.0], [0.0, 0.0, 0.0, 0.0], [0.0, 0.0, 0.0, 0.0], [0.0, 0.0, 0.0, 0.0], [0.0, 0.0, 0.0, 0.0], [0.0, 0.0, 0.0, 0.0], [0.0, 0.0, 0.0, 0.0], [0.0, 0.0, 0.0, 0.0], [0.0, 0.0, 0.0, 0.0], [0.0, 0.0, 0.0, 0.0], [0.0, 0.0, 0.0, 0.0], [0.0, 0.0, 0.0, 0.0], [0.0, 0.0, 0.0, 0.0], [0.0, 0.0, 0.0, 0.0], [0.0, 0.0, 0.0, 0.0], [0.0, 0.0, 0.0, 0.0], [0.0, 0.0, 0.0, 0.0], [0.0, 0.0, 0.0, 0.0], [0.0, 0.0, 0.0, 0.0], [0.0, 0.0, 0.0, 0.0], [0.0, 0.0, 0.0, 0.0], [0.0, 0.0, 0.0, 0.0], [0.0, 0.0, 0.0, 0.0], [0.0, 0.0, 0.0, 0.0], [0.0, 0.0, 0.0, 0.0], [0.0, 0.0, 0.0, 0.0], [0.0, 0.0, 0.0, 0.0], [0.0, 0.0, 0.0, 0.0], [0.0, 0.0, 0.0, 0.0], [0.0, 0.0, 0.0, 0.0], [0.0, 0.0, 0.0, 0.0], [0.0, 0.0, 0.0, 0.0], [0.0, 0.0, 0.0, 0.0], [0.0, 0.0, 0.0, 0.0], [455.0, 772.0, 587.0, 995.0], [450.0, 757.0, 590.0, 997.0], [0.0, 0.0, 0.0, 0.0], [0.0, 0.0, 0.0, 0.0], [0.0, 0.0, 0.0, 0.0], [0.0, 0.0, 0.0, 0.0], [0.0, 0.0, 0.0, 0.0], [0.0, 0.0, 0.0, 0.0], [0.0, 0.0, 0.0, 0.0], [0.0, 0.0, 0.0, 0.0], [0.0, 0.0, 0.0, 0.0], [0.0, 0.0, 0.0, 0.0], [0.0, 0.0, 0.0, 0.0], [0.0, 0.0, 0.0, 0.0], [0.0, 0.0, 0.0, 0.0], [0.0, 0.0, 0.0, 0.0], [0.0, 0.0, 0.0, 0.0], [0.0, 0.0, 0.0, 0.0], [0.0, 0.0, 0.0, 0.0], [0.0, 0.0, 0.0, 0.0], [407.0, 410.0, 1581.0, 1080.0], [407.0, 410.0, 1581.0, 1080.0], [459.0, 766.0, 531.0, 934.0], [0.0, 0.0, 0.0, 0.0], [446.0, 746.0, 594.0, 1000.0], [0.0, 0.0, 0.0, 0.0], [0.0, 0.0, 0.0, 0.0], [0.0, 0.0, 0.0, 0.0], [0.0, 0.0, 0.0, 0.0], [0.0, 0.0, 0.0, 0.0], [0.0, 0.0, 0.0, 0.0], [0.0, 0.0, 0.0, 0.0], [0.0, 0.0, 0.0, 0.0], [0.0, 0.0, 0.0, 0.0], [0.0, 0.0, 0.0, 0.0], [0.0, 0.0, 0.0, 0.0], [0.0, 0.0, 0.0, 0.0], [0.0, 0.0, 0.0, 0.0], [0.0, 0.0, 0.0, 0.0], [0.0, 0.0, 0.0, 0.0], [0.0, 0.0, 0.0, 0.0], [0.0, 0.0, 0.0, 0.0], [0.0, 0.0, 0.0, 0.0], [0.0, 0.0, 0.0, 0.0], [0.0, 0.0, 0.0, 0.0], [0.0, 0.0, 0.0, 0.0], [0.0, 0.0, 0.0, 0.0], [444.0, 748.0, 694.0, 1080.0], [0.0, 0.0, 0.0, 0.0], [0.0, 0.0, 0.0, 0.0], [0.0, 0.0, 0.0, 0.0], [448.0, 753.0, 589.0, 996.0], [0.0, 0.0, 0.0, 0.0], [0.0, 0.0, 0.0, 0.0], [0.0, 0.0, 0.0, 0.0], [0.0, 0.0, 0.0, 0.0], [0.0, 0.0, 0.0, 0.0], [0.0, 0.0, 0.0, 0.0], [0.0, 0.0, 0.0, 0.0]], "masks": [{"size": [1080, 1920], "counts": "YeP?3bQ18I4M2O2M7\\O`0M101O1IeNooN_1lo0dNRPO]16`N]o0h1bPOYN]o0i1`PO\\N[o0U2L2N3L3L30[MQQO`2So0004L2N2N10001OWOVQOdNin0[1WQOhNgn0W1YQOjNfn0W2MRO]QOiNan0V1aQOiN_n0V1cQOjN\\n0V1eQOjNZn0U1gQOlNXn0WOcQOa1:XORn0VOfQO]1=]Olm0VOhQOh0LEb0>im0SOkQO5J4OI41M4b0g0Tn0TO^QO0c00Ml0Rn0SO]ROOCm0Pn0ROZSOn0hn02NUOYoNe0om0WOfTO0^Mi0km0WOmTOj0Rk0VOoTOi0Qn0O10O01O0]OToN:lP1F[oN4dP1K^oN4cP1J_oN5RQ1O90H3N04I\\`90f_F3M101N1000O1000O02N1M3N\\`90e_F1O01OcS21\\lM0oQ10omN5N0000O0101N01002M1O100O1O11N3M2O0O1N4M`U3O`jL3N100O1O10O1O2MXjj[1"}, {"size": [1080, 1920], "counts": "PPYo1"}, {"size": [1080, 1920], "counts": "PPYo1"}, {"size": [1080, 1920], "counts": "PPYo1"}, {"size": [1080, 1920], "counts": "PPYo1"}, {"size": [1080, 1920], "counts": "PPYo1"}, {"size": [1080, 1920], "counts": "PPYo1"}, {"size": [1080, 1920], "counts": "PPYo1"}, {"size": [1080, 1920], "counts": "PPYo1"}, {"size": [1080, 1920], "counts": "PPYo1"}, {"size": [1080, 1920], "counts": "PPYo1"}, {"size": [1080, 1920], "counts": "PPYo1"}, {"size": [1080, 1920], "counts": "PPYo1"}, {"size": [1080, 1920], "counts": "PPYo1"}, {"size": [1080, 1920], "counts": "PPYo1"}, {"size": [1080, 1920], "counts": "PPYo1"}, {"size": [1080, 1920], "counts": "PPYo1"}, {"size": [1080, 1920], "counts": "PPYo1"}, {"size": [1080, 1920], "counts": "PPYo1"}, {"size": [1080, 1920], "counts": "PPYo1"}, {"size": [1080, 1920], "counts": "PPYo1"}, {"size": [1080, 1920], "counts": "PPYo1"}, {"size": [1080, 1920], "counts": "PPYo1"}, {"size": [1080, 1920], "counts": "PPYo1"}, {"size": [1080, 1920], "counts": "PPYo1"}, {"size": [1080, 1920], "counts": "PPYo1"}, {"size": [1080, 1920], "counts": "PPYo1"}, {"size": [1080, 1920], "counts": "PPYo1"}, {"size": [1080, 1920], "counts": "PPYo1"}, {"size": [1080, 1920], "counts": "PPYo1"}, {"size": [1080, 1920], "counts": "PPYo1"}, {"size": [1080, 1920], "counts": "PPYo1"}, {"size": [1080, 1920], "counts": "PPYo1"}, {"size": [1080, 1920], "counts": "PPYo1"}, {"size": [1080, 1920], "counts": "PPYo1"}, {"size": [1080, 1920], "counts": "PPYo1"}, {"size": [1080, 1920], "counts": "PPYo1"}, {"size": [1080, 1920], "counts": "PPYo1"}, {"size": [1080, 1920], "counts": "PPYo1"}, {"size": [1080, 1920], "counts": "PPYo1"}, {"size": [1080, 1920], "counts": "PPYo1"}, {"size": [1080, 1920], "counts": "ZeP?1dQ16K7J2N2O5^O?L3O1O01OO6DdNPPO^1PP16N3XPO_NUo0c1iPO_NVo0`1iPOdNUo0\\1iPOgNUo0Y1kPOiNTo0V1kPOkNUo0m1O1O5K1OVORQOkNnn0S1TQOnNkn0Q1VQOUN4b0en0X1aQOiN^n0U1cQOlN]n0l0kQOVORn0i0QROXOlm0g0VROYOim0f0XRO[Ogm0`0^RO@bm0?_ROC_m0ZO_QOm0S1I]m0XOcQOg0X11Um0WOdQO7M2]1a0Ym0[O\\QOO`1f0Vm0VO]QO0e1f0Uo00O\\OSoN>mP1@ToNb0QQ12N0O2O0O10O1O1\\ORoN<nP1CZoN6gP1I[oN5UQ1O2Nina0NXQ^O5L10O10O01O100MbWg02_hXO0O10O010000O2N3M010O2OO3M2N101Nb\\7NacHO21L20Ohml[1"}, {"size": [1080, 1920], "counts": "k[k>3fQ1OVT2OikM4K7J4M2@D_oNa0\\P1e0H4M1O2M3L7K2_PORNVo0P2gPORNWo0P2gPOUNUo0[2D_MXQOc2hn0\\MXQOh2dn0XM[QOk2hn01O1O0O3N4MPM_QOh2an0VMaQOj2fn02N2O1N200O2M1ORO`QOeN_n0Z1cQOfN\\n0Z1eQOfNZn0Z1fQOgNYn0X1hQOiNWn0V1kQOjNTn0m0hQOWN7m0nm0YOjQOX12`N8o0km0XOmQOX1>Adm0WOPRO:N_O1?>a0am0WOTRO0MI<3A1c0l0^m0UOWRO0b1m0Tl0RO_TOn0ak0POaTOQ1]k0oNeTOP1Zk0POhTON^Mk0km0UOnTOj0Qn00O01O000DUoNKkP1O\\oN1cP1N_oN1aP1N`oN1aP1N`oNNH2bP1LjoNOF9XQ103J]`9Of_F3M2N2OO100O10O1000N2N2N9N^S20\\lM1_U3OajL001O000cS22\\lMOmQ12QnN2N1000O11N10O02O1O0O1O100O10O3M2O0O1O1O2MRR1NomN3O1O2O0O010O10O1O2N_hi[1"}, {"size": [1080, 1920], "counts": "PPYo1"}, {"size": [1080, 1920], "counts": "PPYo1"}, {"size": [1080, 1920], "counts": "PPYo1"}, {"size": [1080, 1920], "counts": "PPYo1"}, {"size": [1080, 1920], "counts": "PPYo1"}, {"size": [1080, 1920], "counts": "PPYo1"}, {"size": [1080, 1920], "counts": "PPYo1"}, {"size": [1080, 1920], "counts": "PPYo1"}, {"size": [1080, 1920], "counts": "PPYo1"}, {"size": [1080, 1920], "counts": "PPYo1"}, {"size": [1080, 1920], "counts": "PPYo1"}, {"size": [1080, 1920], "counts": "PPYo1"}, {"size": [1080, 1920], "counts": "PPYo1"}, {"size": [1080, 1920], "counts": "PPYo1"}, {"size": [1080, 1920], "counts": "PPYo1"}, {"size": [1080, 1920], "counts": "PPYo1"}, {"size": [1080, 1920], "counts": "PPYo1"}, {"size": [1080, 1920], "counts": "PPYo1"}, {"size": [1080, 1920],