{"labels": [2, 3, 4, 7, 8, 10, 11, 10, 10, 1, 3, 4, 6, 7, 10, 11, 12, 10, 2, 4, 10, 10, 1, 10, 10, 10, 10, 4, 7, 10, 12, 10, 3, 4, 7, 8, 10, 3, 7, 12, 10, 10, 10, 0, 7, 12, 10, 2, 3, 4, 10, 19, 10, 3, 4, 7, 10, 12, 1, 4, 6, 7, 10, 12, 10, 19, 12, 10, 1, 4, 7, 8, 10, 11, 12, 19, 10, 2, 10, 2, 3, 4, 7, 10, 19, 10, 10, 2, 19, 2, 7, 10, 1, 4, 6, 7, 10, 11, 12, 12], "scores": [0.0, 0.0, 0.0, 0.0, 0.0, 0.0, 0.0, 0.00022721878485754132, 0.0003232867456972599, 0.0015797001542523503, 0.0006887016934342682, 0.0002032138145295903, 0.0062995231710374355, 0.0003800953272730112, 0.0015804384602233768, 0.0005745324888266623, 0.0002581253938842565, 0.0, 0.00027415520162321627, 0.00018777714285533875, 0.0011618717107921839, 0.0003535499272402376, 0.0004574888153001666, 0.0002478108508512378, 0.0006505605997517705, 0.0031181045342236757, 0.0002744948142208159, 0.0001984454138437286, 0.00022490018454845995, 0.00046693754848092794, 0.0002333596785319969, 0.00028083965298719704, 0.57523113489151, 0.001218800083734095, 0.0004027296672575176, 0.0006349124014377594, 0.0003841868892777711, 0.0, 0.0, 0.0, 0.0017457329668104649, 0.00023925704590510577, 0.00028588116401806474, 0.002729695290327072, 0.0002543264126870781, 0.00043859423021785915, 0.0008109275950118899, 0.0, 0.0, 0.0, 0.0, 0.0, 0.0008563006995245814, 0.00030241956119425595, 0.00021021587599534541, 0.00023974140640348196, 0.0005201121675781906, 0.00020920869428664446, 0.0, 0.0, 0.0, 0.0, 0.0, 0.0, 0.00029460666701197624, 0.9747782945632935, 0.0003110775141976774, 0.0004110947484150529, 0.0016953956801444292, 0.0006516638677567244, 0.00022327632177621126, 0.17850731313228607, 0.010021157562732697, 0.00022550324501935393, 0.0007257734541781247, 0.00044225496822036803, 0.0002738384064286947, 0.0, 0.0, 0.0, 0.0, 0.0, 0.0, 0.0, 0.0, 0.00026012820308096707, 0.000902784347999841, 0.0, 0.0002655315038282424, 0.0, 0.0, 0.0009066430502571166, 0.0, 0.0, 0.0, 0.0, 0.0, 0.0, 0.0, 0.00016744686581660062], "bboxes": [[0.0, 0.0, 0.0, 0.0], [0.0, 0.0, 0.0, 0.0], [0.0, 0.0, 0.0, 0.0], [0.0, 0.0, 0.0, 0.0], [0.0, 0.0, 0.0, 0.0], [0.0, 0.0, 0.0, 0.0], [0.0, 0.0, 0.0, 0.0], [704.0, 280.0, 842.0, 399.0], [703.0, 279.0, 843.0, 400.0], [876.0, 426.0, 887.0, 432.0], [876.0, 426.0, 887.0, 432.0], [876.0, 426.0, 887.0, 432.0], [876.0, 426.0, 887.0, 432.0], [876.0, 426.0, 887.0, 432.0], [876.0, 426.0, 887.0, 432.0], [876.0, 426.0, 887.0, 432.0], [876.0, 426.0, 887.0, 432.0], [0.0, 0.0, 0.0, 0.0], [706.0, 284.0, 736.0, 311.0], [706.0, 284.0, 736.0, 311.0], [706.0, 284.0, 736.0, 311.0], [709.0, 285.0, 770.0, 327.0], [848.0, 409.0, 913.0, 447.0], [710.0, 285.0, 892.0, 433.0], [702.0, 281.0, 788.0, 348.0], [699.0, 273.0, 788.0, 346.0], [729.0, 298.0, 885.0, 431.0], [708.0, 285.0, 765.0, 327.0], [708.0, 285.0, 765.0, 327.0], [708.0, 285.0, 765.0, 327.0], [708.0, 285.0, 765.0, 327.0], [733.0, 301.0, 772.0, 328.0], [689.0, 263.0, 899.0, 439.0], [689.0, 263.0, 899.0, 439.0], [689.0, 263.0, 899.0, 439.0], [689.0, 263.0, 899.0, 439.0], [689.0, 263.0, 899.0, 439.0], [0.0, 0.0, 0.0, 0.0], [0.0, 0.0, 0.0, 0.0], [0.0, 0.0, 0.0, 0.0], [704.0, 280.0, 771.0, 330.0], [701.0, 281.0, 842.0, 401.0], [705.0, 284.0, 792.0, 350.0], [1565.0, 657.0, 1585.0, 716.0], [1565.0, 657.0, 1585.0, 716.0], [1565.0, 657.0, 1585.0, 716.0], [708.0, 285.0, 778.0, 333.0], [0.0, 0.0, 0.0, 0.0], [0.0, 0.0, 0.0, 0.0], [0.0, 0.0, 0.0, 0.0], [0.0, 0.0, 0.0, 0.0], [0.0, 0.0, 0.0, 0.0], [708.0, 285.0, 782.0, 335.0], [701.0, 274.0, 767.0, 327.0], [701.0, 274.0, 767.0, 327.0], [701.0, 274.0, 767.0, 327.0], [701.0, 274.0, 767.0, 327.0], [701.0, 274.0, 767.0, 327.0], [0.0, 0.0, 0.0, 0.0], [0.0, 0.0, 0.0, 0.0], [0.0, 0.0, 0.0, 0.0], [0.0, 0.0, 0.0, 0.0], [0.0, 0.0, 0.0, 0.0], [0.0, 0.0, 0.0, 0.0], [729.0, 299.0, 889.0, 432.0], [386.0, 205.0, 1575.0, 1080.0], [1559.0, 649.0, 1585.0, 718.0], [677.0, 261.0, 843.0, 403.0], [725.0, 295.0, 862.0, 424.0], [725.0, 295.0, 862.0, 424.0], [725.0, 295.0, 862.0, 424.0], [725.0, 295.0, 862.0, 424.0], [725.0, 295.0, 862.0, 424.0], [725.0, 295.0, 862.0, 424.0], [725.0, 295.0, 862.0, 424.0], [725.0, 295.0, 862.0, 424.0], [729.0, 305.0, 735.0, 311.0], [0.0, 0.0, 0.0, 0.0], [0.0, 0.0, 0.0, 0.0], [0.0, 0.0, 0.0, 0.0], [0.0, 0.0, 0.0, 0.0], [0.0, 0.0, 0.0, 0.0], [0.0, 0.0, 0.0, 0.0], [0.0, 0.0, 0.0, 0.0], [0.0, 0.0, 0.0, 0.0], [679.0, 263.0, 842.0, 399.0], [730.0, 302.0, 782.0, 335.0], [0.0, 0.0, 0.0, 0.0], [1550.0, 648.0, 1584.0, 775.0], [0.0, 0.0, 0.0, 0.0], [0.0, 0.0, 0.0, 0.0], [706.0, 281.0, 898.0, 437.0], [0.0, 0.0, 0.0, 0.0], [0.0, 0.0, 0.0, 0.0], [0.0, 0.0, 0.0, 0.0], [0.0, 0.0, 0.0, 0.0], [0.0, 0.0, 0.0, 0.0], [0.0, 0.0, 0.0, 0.0], [0.0, 0.0, 0.0, 0.0], [706.0, 284.0, 736.0, 311.0]], "masks": [{"size": [1080, 1920], "counts": "PPYo1"}, {"size": [1080, 1920], "counts": "PPYo1"}, {"size": [1080, 1920], "counts": "PPYo1"}, {"size": [1080, 1920], "counts": "PPYo1"}, {"size": [1080, 1920], "counts": "PPYo1"}, {"size": [1080, 1920], "counts": "PPYo1"}, {"size": [1080, 1920], "counts": "PPYo1"}, {"size": [1080, 1920], "counts": "ihVg03dQ15M1N2O000O1O0100000O1OJhnNLXQ13jnNMVQ11knN1UQ1MknN4\\Q11O1N102N3M1O1O001O1O001O1O1O10000O10O01O01O01O2O0O1000O1010OO000001O01O100O0000010O01O0010O10000O1O100O01O10O10O10000001N2N01000O011N101N2N100N3N1O4JS[\\1ORecN1NO001ORb`S1"}, {"size": [1080, 1920], "counts": "PgUg04dQ13L4N1O0O100O010000000O1O10GinN0WQ1NjnN3VQ1KknN6[Q10O2O1O1O3M1O10O01O001O001O10000O100O010O01O01O101O0000O2OO2OO01O01O010O1O1O01O01O010O010O010O100O100O01O010O10O1001O00O2N1O01001OO0102L3N2Moca1NT\\^N11N1O001N[`_S1"}, {"size": [1080, 1920], "counts": "ZZll04dQ11O00001O0001O1N2O00[RQR1"}, {"size": [1080, 1920], "counts": "ZZll04dQ11O00001O0001O1N2O00[RQR1"}, {"size": [1080, 1920], "counts": "ZZll04dQ11O00001O0001O1N2O00[RQR1"}, {"size": [1080, 1920], "counts": "ZZll04dQ11O00001O0001O1N2O00[RQR1"}, {"size": [1080, 1920], "counts": "ZZll04dQ11O00001O0001O1N2O00[RQR1"}, {"size": [1080, 1920], "counts": "ZZll04dQ11O00001O0001O1N2O00[RQR1"}, {"size": [1080, 1920], "counts": "ZZll04dQ11O00001O0001O1N2O00[RQR1"}, {"size": [1080, 1920], "counts": "ZZll04dQ11O00001O0001O1N2O00[RQR1"}, {"size": [1080, 1920], "counts": "PPYo1"}, {"size": [1080, 1920], "counts": "\\lXg02fQ11O0010O21N1N1OO2MS`9OP`F1OO10_nN0^Q14M3O1O1O10O1IcnN0P`QW1"}, {"size": [1080, 1920], "counts": "\\lXg02fQ11O0010O21N1N1OO2MS`9OP`F1OO10_nN0^Q14M3O1O1O10O1IcnN0P`QW1"}, {"size": [1080, 1920], "counts": "\\lXg02fQ11O0010O21N1N1OO2MS`9OP`F1OO10_nN0^Q14M3O1O1O10O1IcnN0P`QW1"}, {"size": [1080, 1920], "counts": "eQ\\g02fQ101O13L1O00O101NZ^80gaG1O1O6J001O101N01O1O0O2O01O1O010O20O00001N0001O010O1001O00O0103M0O1O01O0000000001O1O2M]blU1"}, {"size": [1080, 1920], "counts": "jhnk0:]Q14M1O2N001000O1O010002N2O0N0100O10O010O001O1O00001O0000000000000000O101O0O2O00010O001O00001O100O001O010O101N1O001O1O1O010O2N1O4K\\dUQ1"}, {"size": [1080, 1920], "counts": "]S]g02aS20TnN2O01O1Nia:1W^E2N6J00010O2OO001O1M3O02N1O10O11O0O20N10O0000100O1000000O010O10O4M0O0000O1O1011N1O010O0001O01O2M2N101N\\[b20^VhM0V^E101N2O1N2O00010O0O10001N11O001O0O2O0000001O3LdikQ1"}, {"size": [1080, 1920], "counts": "YeTg05cQ14L4L4L10N2N101001O002M2N0100@nnN9XQ12N1O001O1O1O1O1O1O010O1O1O100O01O010O1O010O01O10000001O00O010O1O0100O100O001O001O1O1O100O0001O1O01O10O01O01000O10O100O21M1O1O2N1O2O2M101N3KYbYU1"}, {"size": [1080, 1920], "counts": "k_Qg03cQ14N3M1O2O2M2000O000O010O02N1000O10O100O10O011O0001O1OO0100O001O010O0010000O10O010O01O010O2O0O10O1O2N11N2N000011N1O100O000001O01O100O100O2O0O10O010O0100O1O1O002O1N1O011N1002N03IabYU1"}, {"size": [1080, 1920], "counts": "RUQh09_Q110O02N1O01O1O1O11N1O1O00100O100000O10O1O00100O10O10O10O01O01O01O01O001O1O10000000O01O001O100O010O4K2O0NbPi10_oVN4M20N1O10O0WY5MjfJ5M2O002M1O01O1O1N2O101N1O1O]\\7NecH0O2O1O000010O00000001O02M2OkUSR1"}, {"size": [1080, 1920], "counts": "moZg02fQ110O30L2O10N1O`e<2^ZC2N101N2O0014JaSe0LclZO2O10O01000O1N10SkQV1"}, {"size": [1080, 1920], "counts": "moZg02fQ110O30L2O10N1O`e<2^ZC2N101N2O0014JaSe0LclZO2O10O01000O1N10SkQV1"}, {"size": [1080, 1920],