{"labels": [10, 2, 3, 4, 6, 7, 8, 10, 11, 4, 1, 3, 4, 6, 7, 10, 11, 12, 4, 10, 10, 4, 10, 1, 10, 4, 10, 10, 10, 1, 3, 4, 7, 10, 11, 12, 4, 3, 4, 7, 8, 10, 7, 12, 2, 4, 10, 4, 4, 10, 0, 4, 7, 10, 4, 10, 2, 3, 4, 10, 19, 10, 3, 4, 10, 1, 10, 4, 10, 19, 10, 1, 4, 6, 7, 8, 10, 11, 12, 19, 10, 1, 2, 3, 4, 7, 10, 19, 10, 4, 10, 19, 0, 1, 4, 6, 10, 11, 12, 4], "scores": [0.00042894791113212705, 0.0, 0.0, 0.0, 0.0, 0.0, 0.0, 0.0, 0.0, 0.00025873983395285904, 0.0, 0.0, 0.0, 0.0, 0.0, 0.0, 0.0, 0.0, 0.0, 0.0, 0.0, 0.0, 0.0, 0.0006061446038074791, 0.00025497283786535263, 0.0, 0.0, 0.0, 0.00038354762364178896, 0.0, 0.0, 0.0, 0.0, 0.0, 0.0, 0.0, 0.0, 0.5924648642539978, 0.005175722762942314, 0.0002663132327143103, 0.0008116021053865552, 0.0006188892875798047, 0.0, 0.0008974542142823339, 0.0, 0.0, 0.0, 0.0, 0.0003827085602097213, 0.0003696708590723574, 0.0, 0.0, 0.0, 0.0, 0.0002396098425379023, 0.0, 0.0, 0.0, 0.0, 0.0, 0.0, 0.0, 0.0, 0.0, 0.0, 0.014278199523687363, 0.002856584032997489, 0.0008902219706214964, 0.0007554769399575889, 0.9685699343681335, 0.00028293547802604735, 0.0, 0.0, 0.0, 0.0, 0.0, 0.0, 0.0, 0.0, 0.0, 0.0, 0.0, 0.0, 0.0, 0.0, 0.0, 0.0, 0.0, 0.000285273912595585, 0.0, 0.0, 0.00039437421946786344, 0.0, 0.0, 0.0, 0.0, 0.0, 0.0, 0.0, 0.0], "bboxes": [[836.0, 465.0, 906.0, 496.0], [0.0, 0.0, 0.0, 0.0], [0.0, 0.0, 0.0, 0.0], [0.0, 0.0, 0.0, 0.0], [0.0, 0.0, 0.0, 0.0], [0.0, 0.0, 0.0, 0.0], [0.0, 0.0, 0.0, 0.0], [0.0, 0.0, 0.0, 0.0], [0.0, 0.0, 0.0, 0.0], [836.0, 465.0, 902.0, 492.0], [0.0, 0.0, 0.0, 0.0], [0.0, 0.0, 0.0, 0.0], [0.0, 0.0, 0.0, 0.0], [0.0, 0.0, 0.0, 0.0], [0.0, 0.0, 0.0, 0.0], [0.0, 0.0, 0.0, 0.0], [0.0, 0.0, 0.0, 0.0], [0.0, 0.0, 0.0, 0.0], [0.0, 0.0, 0.0, 0.0], [0.0, 0.0, 0.0, 0.0], [0.0, 0.0, 0.0, 0.0], [0.0, 0.0, 0.0, 0.0], [0.0, 0.0, 0.0, 0.0], [832.0, 462.0, 1587.0, 715.0], [832.0, 462.0, 1587.0, 715.0], [0.0, 0.0, 0.0, 0.0], [0.0, 0.0, 0.0, 0.0], [0.0, 0.0, 0.0, 0.0], [422.0, 325.0, 1582.0, 499.0], [0.0, 0.0, 0.0, 0.0], [0.0, 0.0, 0.0, 0.0], [0.0, 0.0, 0.0, 0.0], [0.0, 0.0, 0.0, 0.0], [0.0, 0.0, 0.0, 0.0], [0.0, 0.0, 0.0, 0.0], [0.0, 0.0, 0.0, 0.0], [0.0, 0.0, 0.0, 0.0], [836.0, 465.0, 898.0, 491.0], [836.0, 465.0, 898.0, 491.0], [836.0, 465.0, 898.0, 491.0], [836.0, 465.0, 898.0, 491.0], [836.0, 465.0, 898.0, 491.0], [0.0, 0.0, 0.0, 0.0], [384.0, 335.0, 1588.0, 888.0], [0.0, 0.0, 0.0, 0.0], [0.0, 0.0, 0.0, 0.0], [0.0, 0.0, 0.0, 0.0], [0.0, 0.0, 0.0, 0.0], [836.0, 465.0, 904.0, 495.0], [836.0, 465.0, 904.0, 495.0], [0.0, 0.0, 0.0, 0.0], [0.0, 0.0, 0.0, 0.0], [0.0, 0.0, 0.0, 0.0], [0.0, 0.0, 0.0, 0.0], [837.0, 466.0, 901.0, 492.0], [0.0, 0.0, 0.0, 0.0], [0.0, 0.0, 0.0, 0.0], [0.0, 0.0, 0.0, 0.0], [0.0, 0.0, 0.0, 0.0], [0.0, 0.0, 0.0, 0.0], [0.0, 0.0, 0.0, 0.0], [0.0, 0.0, 0.0, 0.0], [0.0, 0.0, 0.0, 0.0], [0.0, 0.0, 0.0, 0.0], [0.0, 0.0, 0.0, 0.0], [422.0, 321.0, 475.0, 349.0], [422.0, 321.0, 475.0, 349.0], [846.0, 473.0, 896.0, 487.0], [846.0, 473.0, 896.0, 487.0], [380.0, 344.0, 1562.0, 1080.0], [444.0, 326.0, 703.0, 415.0], [0.0, 0.0, 0.0, 0.0], [0.0, 0.0, 0.0, 0.0], [0.0, 0.0, 0.0, 0.0], [0.0, 0.0, 0.0, 0.0], [0.0, 0.0, 0.0, 0.0], [0.0, 0.0, 0.0, 0.0], [0.0, 0.0, 0.0, 0.0], [0.0, 0.0, 0.0, 0.0], [0.0, 0.0, 0.0, 0.0], [0.0, 0.0, 0.0, 0.0], [0.0, 0.0, 0.0, 0.0], [0.0, 0.0, 0.0, 0.0], [0.0, 0.0, 0.0, 0.0], [0.0, 0.0, 0.0, 0.0], [0.0, 0.0, 0.0, 0.0], [0.0, 0.0, 0.0, 0.0], [0.0, 0.0, 0.0, 0.0], [440.0, 325.0, 686.0, 408.0], [0.0, 0.0, 0.0, 0.0], [0.0, 0.0, 0.0, 0.0], [398.0, 345.0, 1586.0, 819.0], [0.0, 0.0, 0.0, 0.0], [0.0, 0.0, 0.0, 0.0], [0.0, 0.0, 0.0, 0.0], [0.0, 0.0, 0.0, 0.0], [0.0, 0.0, 0.0, 0.0], [0.0, 0.0, 0.0, 0.0], [0.0, 0.0, 0.0, 0.0], [0.0, 0.0, 0.0, 0.0]], "masks": [{"size": [1080, 1920], "counts": "aUbk03eQ13M001O100O1O1O001O1000O010O10O10000O100O1O001O0O200O001O010O0010O001O000O10000000O100O100O100000001O01O00010O001O1O010O1O010O00001O1N3N2M[o\\Q1"}, {"size": [1080, 1920], "counts": "PPYo1"}, {"size": [1080, 1920], "counts": "PPYo1"}, {"size": [1080, 1920], "counts": "PPYo1"}, {"size": [1080, 1920], "counts": "PPYo1"}, {"size": [1080, 1920], "counts": "PPYo1"}, {"size": [1080, 1920], "counts": "PPYo1"}, {"size": [1080, 1920], "counts": "PPYo1"}, {"size": [1080, 1920], "counts": "PPYo1"}, {"size": [1080, 1920], "counts": "bUbk01fQ14M100O00100O1O1O0100O01O0100O10O010O100O1O001O0O2O10O01O0010O1O1O01O000O100000000O100O100O100000000001O01O01O1O001O100O1O001O0O3M^VaQ1"}, {"size": [1080, 1920], "counts": "PPYo1"}, {"size": [1080, 1920], "counts": "PPYo1"}, {"size": [1080, 1920], "counts": "PPYo1"}, {"size": [1080, 1920], "counts": "PPYo1"}, {"size": [1080, 1920], "counts": "PPYo1"}, {"size": [1080, 1920], "counts": "PPYo1"}, {"size": [1080, 1920], "counts": "PPYo1"}, {"size": [1080, 1920], "counts": "PPYo1"}, {"size": [1080, 1920], "counts": "PPYo1"}, {"size": [1080, 1920], "counts": "PPYo1"}, {"size": [1080, 1920], "counts": "PPYo1"}, {"size": [1080, 1920], "counts": "PPYo1"}, {"size": [1080, 1920], "counts": "PPYo1"}, {"size": [1080, 1920], "counts": "^n]k02fQ13M101N1O100O1O010O1O1O001000O0100O01000O10000O10O01O0O2O00100O001O0010O01O0001N100000000000O100O100000001O00000001O010O1O00100O1O0010O01O002M3N4K]i^e0MUU`ZO2WQ1=inNDONcP1o0BPOkoNY1]k0iNRYO^1mf0fNoXO[1Qg0kNhXOU1Xg0QOfTO\\Of3e1Wg0bNTUOd0_3n0[g0aNTUOc0OVOY3f1cg0eNSUOf0Z3a0fg01YXOIlg0:iWOXNYMU1Vk0d0_WOYNYMR1Zk0e0]WOYNXMn0`k0i0XWOZNVM9N2hk0[1mVOWN_M3M91Ogk0^1lVOYN^M0079H]k0i1mVOXN^MNbl0l1^SOUNZ22[j0Q1\\SO^O1_OX22Yj0S1aSOYOO@Y22Xj0U1_SO[O\\o0f0dPOZO[o0h0dPOYO4Ahn0R1YQOZOZo0b0iPOZO]o0`0hPOWObo0a0W1]O`gn:"}, {"size": [1080, 1920], "counts": "^n]k02fQ13M101N1O100O1O010O1O1O001000O0100O01000O10000O10O01O0O2O00100O001O0010O01O0001N100000000000O100O100000001O00000001O010O1O00100O1O0010O01O002M3N4K]i^e0MUU`ZO2WQ1=inNDONcP1o0BPOkoNY1]k0iNRYO^1mf0fNoXO[1Qg0kNhXOU1Xg0QOfTO\\Of3e1Wg0bNTUOd0_3n0[g0aNTUOc0OVOY3f1cg0eNSUOf0Z3a0fg01YXOIlg0:iWOXNYMU1Vk0d0_WOYNYMR1Zk0e0]WOYNXMn0`k0i0XWOZNVM9N2hk0[1mVOWN_M3M91Ogk0^1lVOYN^M0079H]k0i1mVOXN^MNbl0l1^SOUNZ22[j0Q1\\SO^O1_OX22Yj0S1aSOYOO@Y22Xj0U1_SO[O\\o0f0dPOZO[o0h0dPOYO4Ahn0R1YQOZOZo0b0iPOZO]o0`0hPOWObo0a0W1]O`gn:"}, {"size": [1080, 1920], "counts": "PPYo1"}, {"size": [1080, 1920], "counts": "PPYo1"}, {"size": [1080, 1920], "counts": "PPYo1"}, {"size": [1080, 1920], "counts": "P]m=3cQ13M3M3M3N3M3M2O0000000000001O0000001O01O0001O01O0O2O0O2O001N2O0000001O01N10000001N100O2N1N3HfnNN_iaT11RX_kN1000000PPT;"}, {"size": [1080, 1920], "counts": "PPYo1"}, {"size": [1080, 1920], "counts": "PPYo1"}, {"size": [1080, 1920], "counts": "PPYo1"}, {"size": [1080, 1920], "counts": "PPYo1"}, {"size": [1080, 1920], "counts": "PPYo1"}, {"size": [1080, 1920], "counts": "PPYo1"}, {"size": [1080, 1920], "counts": "PPYo1"}, {"size": [1080, 1920], "counts": "PPYo1"}, {"size": [1080, 1920], "counts": "bUbk01fQ13N100O1O10O02O0O1O0100O010O1O1O10O011O0O2N0O2O0O2O001O1O001O010O00000000000001O0000O100O10O1000001N100010O01O1O1O1N2N1O2M`]eQ1"}, {"size": [1080, 1920], "counts": "bUbk01fQ13N100O1O10O02O0O1O0100O010O1O1O10O011O0O2N0O2O0O2O001O1O001O010O00000000000001O0000O100O10O1000001N100010O01O1O1O1N2N1O2M`]eQ1"}, {"size": [1080, 1920], "counts": "bUbk01fQ13N100O1O10O02O0O1O0100O010O1O1O10O011O0O2N0O2O0O2O001O1O001O010O00000000000001O0000O100O10O1000001N100010O01O1O1O1N2N1O2M`]eQ1"}, {"size": [1080, 1920], "counts": "bUbk01fQ13N100O1O10O02O0O1O0100O010O1O1O10O011O0O2N0O2O0O2O001O1O001O010O00000000000001O0000O100O10O1000001N100010O01O1O1O1N2N1O2M`]eQ1"}, {"size": [1080, 1920], "counts": "bUbk01fQ13N100O1O10O02O0O1O0100O010O1O1O10O011O0O2N0O2O0O2O001O1O001O010O00000000000001O0000O100O10O1000001N100010O01O1O1O1N2N1O2M`]eQ1"}, {"size": [1080, 1920], "counts": "PPYo1"}, {"size": [1080, 1920],