{"labels": [10, 12, 2, 3, 4, 6, 7, 8, 10, 11, 1, 4, 6, 10, 10, 10, 2, 10, 12, 1, 10, 4, 3, 4, 7, 10, 11, 12, 4, 8, 3, 4, 7, 8, 10, 10, 12, 10, 10, 10, 12, 10, 0, 2, 4, 7, 10, 12, 10, 2, 3, 4, 10, 19, 10, 3, 4, 7, 10, 12, 1, 10, 19, 1, 3, 4, 6, 7, 8, 10, 11, 12, 19, 10, 12, 2, 3, 4, 7, 10, 12, 19, 10, 2, 10, 12, 8, 19, 4, 10, 0, 1, 4, 6, 7, 10, 11, 12, 19, 19], "scores": [0.000458486785646528, 0.0002700991462916136, 0.0, 0.0, 0.0, 0.0, 0.0, 0.0, 0.0, 0.0, 0.0038581809494644403, 0.00041533735929988325, 0.005819793324917555, 0.0009999264730140567, 0.0, 0.00023379137564916164, 0.0, 0.0, 0.0, 0.0008020013337954879, 0.0, 0.00028957356698811054, 0.0, 0.0, 0.0, 0.0, 0.0, 0.0, 0.00023492120089940727, 0.0004000017943326384, 0.625205397605896, 0.00437226053327322, 0.00021077378187328577, 0.00037163146771490574, 0.0002695421571843326, 0.0, 0.0, 0.0, 0.0003359324764460325, 0.0, 0.0, 0.0, 0.0, 0.0, 0.0, 0.0, 0.0, 0.0, 0.0, 0.0, 0.0, 0.0, 0.0, 0.0, 0.00031081936322152615, 0.0, 0.0, 0.0, 0.0, 0.0, 0.006852260325103998, 0.004673546180129051, 0.9739995002746582, 0.0, 0.0, 0.0, 0.0, 0.0, 0.0, 0.0, 0.0, 0.0, 0.0, 0.0, 0.0, 0.0, 0.0, 0.0, 0.0, 0.0, 0.0, 0.0, 0.0, 0.0, 0.0, 0.0, 0.0002975441166199744, 0.0014504857826977968, 0.00023136140953283757, 0.0002240136091131717, 0.0, 0.0, 0.0, 0.0, 0.0, 0.0, 0.0, 0.0, 0.0, 0.0], "bboxes": [[1557.0, 393.0, 1578.0, 430.0], [1557.0, 393.0, 1578.0, 430.0], [0.0, 0.0, 0.0, 0.0], [0.0, 0.0, 0.0, 0.0], [0.0, 0.0, 0.0, 0.0], [0.0, 0.0, 0.0, 0.0], [0.0, 0.0, 0.0, 0.0], [0.0, 0.0, 0.0, 0.0], [0.0, 0.0, 0.0, 0.0], [0.0, 0.0, 0.0, 0.0], [854.0, 480.0, 894.0, 494.0], [854.0, 480.0, 894.0, 494.0], [854.0, 480.0, 894.0, 494.0], [854.0, 480.0, 894.0, 494.0], [0.0, 0.0, 0.0, 0.0], [842.0, 477.0, 897.0, 495.0], [0.0, 0.0, 0.0, 0.0], [0.0, 0.0, 0.0, 0.0], [0.0, 0.0, 0.0, 0.0], [844.0, 479.0, 895.0, 495.0], [0.0, 0.0, 0.0, 0.0], [864.0, 479.0, 885.0, 491.0], [0.0, 0.0, 0.0, 0.0], [0.0, 0.0, 0.0, 0.0], [0.0, 0.0, 0.0, 0.0], [0.0, 0.0, 0.0, 0.0], [0.0, 0.0, 0.0, 0.0], [0.0, 0.0, 0.0, 0.0], [872.0, 482.0, 880.0, 489.0], [872.0, 482.0, 880.0, 489.0], [855.0, 478.0, 884.0, 493.0], [855.0, 478.0, 884.0, 493.0], [855.0, 478.0, 884.0, 493.0], [855.0, 478.0, 884.0, 493.0], [855.0, 478.0, 884.0, 493.0], [0.0, 0.0, 0.0, 0.0], [0.0, 0.0, 0.0, 0.0], [0.0, 0.0, 0.0, 0.0], [597.0, 396.0, 675.0, 423.0], [0.0, 0.0, 0.0, 0.0], [0.0, 0.0, 0.0, 0.0], [0.0, 0.0, 0.0, 0.0], [0.0, 0.0, 0.0, 0.0], [0.0, 0.0, 0.0, 0.0], [0.0, 0.0, 0.0, 0.0], [0.0, 0.0, 0.0, 0.0], [0.0, 0.0, 0.0, 0.0], [0.0, 0.0, 0.0, 0.0], [0.0, 0.0, 0.0, 0.0], [0.0, 0.0, 0.0, 0.0], [0.0, 0.0, 0.0, 0.0], [0.0, 0.0, 0.0, 0.0], [0.0, 0.0, 0.0, 0.0], [0.0, 0.0, 0.0, 0.0], [871.0, 481.0, 882.0, 490.0], [0.0, 0.0, 0.0, 0.0], [0.0, 0.0, 0.0, 0.0], [0.0, 0.0, 0.0, 0.0], [0.0, 0.0, 0.0, 0.0], [0.0, 0.0, 0.0, 0.0], [412.0, 344.0, 1575.0, 444.0], [412.0, 344.0, 1575.0, 444.0], [383.0, 367.0, 1584.0, 1080.0], [0.0, 0.0, 0.0, 0.0], [0.0, 0.0, 0.0, 0.0], [0.0, 0.0, 0.0, 0.0], [0.0, 0.0, 0.0, 0.0], [0.0, 0.0, 0.0, 0.0], [0.0, 0.0, 0.0, 0.0], [0.0, 0.0, 0.0, 0.0], [0.0, 0.0, 0.0, 0.0], [0.0, 0.0, 0.0, 0.0], [0.0, 0.0, 0.0, 0.0], [0.0, 0.0, 0.0, 0.0], [0.0, 0.0, 0.0, 0.0], [0.0, 0.0, 0.0, 0.0], [0.0, 0.0, 0.0, 0.0], [0.0, 0.0, 0.0, 0.0], [0.0, 0.0, 0.0, 0.0], [0.0, 0.0, 0.0, 0.0], [0.0, 0.0, 0.0, 0.0], [0.0, 0.0, 0.0, 0.0], [0.0, 0.0, 0.0, 0.0], [0.0, 0.0, 0.0, 0.0], [0.0, 0.0, 0.0, 0.0], [0.0, 0.0, 0.0, 0.0], [409.0, 404.0, 1586.0, 782.0], [409.0, 404.0, 1586.0, 782.0], [845.0, 477.0, 898.0, 495.0], [845.0, 477.0, 898.0, 495.0], [0.0, 0.0, 0.0, 0.0], [0.0, 0.0, 0.0, 0.0], [0.0, 0.0, 0.0, 0.0], [0.0, 0.0, 0.0, 0.0], [0.0, 0.0, 0.0, 0.0], [0.0, 0.0, 0.0, 0.0], [0.0, 0.0, 0.0, 0.0], [0.0, 0.0, 0.0, 0.0], [0.0, 0.0, 0.0, 0.0], [0.0, 0.0, 0.0, 0.0]], "masks": [{"size": [1080, 1920], "counts": "daZc12cQ14N1N3M2M5L3L4L401O1N1O10O2O2M3N2M4L5K5LZYX;"}, {"size": [1080, 1920], "counts": "daZc12cQ14N1N3M2M5L3L4L401O1N1O10O2O2M3N2M4L5K5LZYX;"}, {"size": [1080, 1920], "counts": "PPYo1"}, {"size": [1080, 1920], "counts": "PPYo1"}, {"size": [1080, 1920], "counts": "PPYo1"}, {"size": [1080, 1920], "counts": "PPYo1"}, {"size": [1080, 1920], "counts": "PPYo1"}, {"size": [1080, 1920], "counts": "PPYo1"}, {"size": [1080, 1920], "counts": "PPYo1"}, {"size": [1080, 1920], "counts": "PPYo1"}, {"size": [1080, 1920], "counts": "eUUl02fQ11N2N2O01O1MbS23\\lM2N1010O000000N3N1O1000000000O1000001O001N3N001O100O001N2N10WdiQ1"}, {"size": [1080, 1920], "counts": "eUUl02fQ11N2N2O01O1MbS23\\lM2N1010O000000N3N1O1000000000O1000001O001N3N001O100O001N2N10WdiQ1"}, {"size": [1080, 1920], "counts": "eUUl02fQ11N2N2O01O1MbS23\\lM2N1010O000000N3N1O1000000000O1000001O001N3N001O100O001N2N10WdiQ1"}, {"size": [1080, 1920], "counts": "eUUl02fQ11N2N2O01O1MbS23\\lM2N1010O000000N3N1O1000000000O1000001O001N3N001O100O001N2N10WdiQ1"}, {"size": [1080, 1920], "counts": "PPYo1"}, {"size": [1080, 1920], "counts": "a`hk01gQ11O1O2N001O001O1O001O001O0O10001OO2O0010N101O001O0001OO1O101N100O10000O1001N1000001O001O01O01O001O1N2O1N2N2NR_fQ1"}, {"size": [1080, 1920], "counts": "PPYo1"}, {"size": [1080, 1920], "counts": "PPYo1"}, {"size": [1080, 1920], "counts": "PPYo1"}, {"size": [1080, 1920], "counts": "Rdjk01fQ12O2OO01O001O1O1O001N10000010O001O00O2O0O2O01O001O00N201N1000000O0101O000000001N2O1O010O010N2O1N2N2N`bhQ1"}, {"size": [1080, 1920], "counts": "PPYo1"}, {"size": [1080, 1920], "counts": "Ug_l02eQ12N11O000000N3N2N2O00000O10O2O000O1O2N5KTTSR1"}, {"size": [1080, 1920], "counts": "PPYo1"}, {"size": [1080, 1920], "counts": "PPYo1"}, {"size": [1080, 1920], "counts": "PPYo1"}, {"size": [1080, 1920], "counts": "PPYo1"}, {"size": [1080, 1920], "counts": "PPYo1"}, {"size": [1080, 1920], "counts": "PPYo1"}, {"size": [1080, 1920], "counts": "UUhl02dQ13N2OO101O1N2Nl\\XR1"}, {"size": [1080, 1920], "counts": "UUhl02dQ13N2OO101O1N2Nl\\XR1"}, {"size": [1080, 1920], "counts": "ZWVl05bQ1101O0001O1OO2N2N2N1010N2O1OO1O2N101N10O100O2O0O1O1O2N2NPVTR1"}, {"size": [1080, 1920], "counts": "ZWVl05bQ1101O0001O1OO2N2N2N1010N2O1OO1O2N101N10O100O2O0O1O1O2N2NPVTR1"}, {"size": [1080, 1920], "counts": "ZWVl05bQ1101O0001O1OO2N2N2N1010N2O1OO1O2N101N10O100O2O0O1O1O2N2NPVTR1"}, {"size": [1080, 1920], "counts": "ZWVl05bQ1101O0001O1OO2N2N2N1010N2O1OO1O2N101N10O100O2O0O1O1O2N2NPVTR1"}, {"size": [1080, 1920], "counts": "ZWVl05bQ1101O0001O1OO2N2N2N1010N2O1OO1O2N101N10O100O2O0O1O1O2N2NPVTR1"}, {"size": [1080, 1920], "counts": "PPYo1"}, {"size": [1080, 1920], "counts": "PPYo1"}, {"size": [1080, 1920], "counts": "PPYo1"}, {"size": [1080, 1920], "counts": "UQfc05bQ110001O0000100O1O1O01O00010O000001O00001O01O10O01O0010O0010O01O0100O10O0001O0010O00001O001O01O001O0000O11O0010O01O001O1O10OO2O001NlX51TgJ00000001O00bePY1"}, {"size": [1080, 1920], "counts": "PPYo1"}, {"size": [1080, 1920], "counts": "PPYo1"}, {"size": [1080, 1920], "counts": "PPYo1"}, {"size": [1080, 1920], "counts": "PPYo1"}, {"size": [1080, 1920], "counts": "PPYo1"}, {"size": [1080, 1920], "counts": "PPYo1"}, {"size": [1080, 1920], "counts": "PPYo1"}, {"size": [1080, 1920], "counts": "PPYo1"}, {"size": [1080, 1920], "counts": "PPYo1"}, {"size": [1080, 1920], "counts": "PPYo1"}, {"size": [1080, 1920], "counts": "PPYo1"}, {"size": [1080, 1920], "counts": "PPYo1"}, {"size": [1080, 1920], "counts": "PPYo1"}, {"size": [1080, 1920], "counts": "PPYo1"}, {"size": [1080, 1920], "counts": "PPYo1"}, {"size": [1080, 1920], "counts": "]Sgl02dQ13M3O1OO10000O100O2N_YVR1"}, {"size": [1080, 1920], "counts": "PPYo1"}, {"size": [1080, 1920], "counts": "PPYo1"}, {"size": [1080, 1920], "counts": "PPYo1"}, {"size": [1080, 1920], "counts": "PPYo1"}, {"size": [1080, 1920], "counts": "PPYo1"}, {"size": [1080, 1920],