{"labels": [12, 12, 0, 2, 3, 4, 6, 7, 8, 10, 11, 12, 10, 12, 1, 6, 8, 10, 10, 2, 10, 12, 10, 8, 10, 7, 10, 12, 8, 1, 3, 4, 7, 8, 10, 12, 10, 10, 0, 2, 3, 4, 10, 12, 19, 10, 19, 2, 3, 4, 10, 12, 19, 10, 2, 3, 7, 10, 12, 1, 10, 10, 19, 2, 3, 7, 10, 12, 1, 4, 7, 8, 10, 12, 19, 20, 2, 10, 12, 2, 3, 4, 6, 7, 10, 12, 15, 19, 10, 2, 2, 12, 19, 2, 7, 8, 10, 12, 19, 2], "scores": [0.0002253316924907267, 0.0004025287926197052, 0.0, 0.0, 0.0, 0.0, 0.0, 0.0, 0.0, 0.0, 0.0, 0.0, 0.00016473572759423405, 0.00020507557201199234, 0.001989944139495492, 0.007509852293878794, 0.0006220127106644213, 0.0, 0.0006914239493198693, 0.0, 0.0, 0.0, 0.0001759863516781479, 0.0007179470849223435, 0.0030617103911936283, 0.0002806400298140943, 0.00045333823072724044, 0.00042992157978005707, 0.00035968079464510083, 0.00022212856856640428, 0.6829352974891663, 0.0008028994197957218, 0.00032535992795601487, 0.001081140828318894, 0.00026328483363613486, 0.0005374763859435916, 0.0003870171494781971, 0.00016085029346868396, 0.0, 0.0, 0.0, 0.0, 0.0, 0.0, 0.0, 0.0006992805283516645, 0.00022625176643487066, 0.0, 0.0, 0.0, 0.0, 0.0, 0.0, 0.0006148029351606965, 0.00016172180767171085, 0.0003115737345069647, 0.0001904424134409055, 0.0004899565828964114, 0.0005008898442611098, 0.0027520901057869196, 0.006876084022223949, 0.0, 0.9790247082710266, 0.0002435923379380256, 0.00022554209863301367, 0.00019796779088210315, 0.0009605016675777733, 0.00101213448215276, 0.0035964585840702057, 0.0003985676739830524, 0.001892787404358387, 0.393949419260025, 0.008243020623922348, 0.00047067686682567, 0.0006793666398152709, 0.0003100295434705913, 0.0002286855597048998, 0.0007342093158513308, 0.00027411614428274333, 0.0, 0.0, 0.0, 0.0, 0.0, 0.0, 0.0, 0.0, 0.0, 0.0006565307849086821, 0.0, 0.0, 0.0, 0.0, 0.0, 0.0, 0.0, 0.0, 0.0, 0.0, 0.00015258646453730762], "bboxes": [[842.0, 485.0, 874.0, 499.0], [573.0, 429.0, 629.0, 444.0], [0.0, 0.0, 0.0, 0.0], [0.0, 0.0, 0.0, 0.0], [0.0, 0.0, 0.0, 0.0], [0.0, 0.0, 0.0, 0.0], [0.0, 0.0, 0.0, 0.0], [0.0, 0.0, 0.0, 0.0], [0.0, 0.0, 0.0, 0.0], [0.0, 0.0, 0.0, 0.0], [0.0, 0.0, 0.0, 0.0], [0.0, 0.0, 0.0, 0.0], [570.0, 426.0, 652.0, 450.0], [570.0, 426.0, 652.0, 450.0], [817.0, 485.0, 920.0, 520.0], [817.0, 485.0, 920.0, 520.0], [817.0, 485.0, 920.0, 520.0], [0.0, 0.0, 0.0, 0.0], [576.0, 429.0, 630.0, 443.0], [0.0, 0.0, 0.0, 0.0], [0.0, 0.0, 0.0, 0.0], [0.0, 0.0, 0.0, 0.0], [595.0, 434.0, 605.0, 438.0], [570.0, 407.0, 685.0, 450.0], [570.0, 407.0, 685.0, 450.0], [641.0, 440.0, 896.0, 507.0], [641.0, 440.0, 896.0, 507.0], [641.0, 440.0, 896.0, 507.0], [825.0, 358.0, 1540.0, 517.0], [800.0, 474.0, 865.0, 504.0], [800.0, 474.0, 865.0, 504.0], [800.0, 474.0, 865.0, 504.0], [800.0, 474.0, 865.0, 504.0], [800.0, 474.0, 865.0, 504.0], [800.0, 474.0, 865.0, 504.0], [813.0, 481.0, 888.0, 504.0], [566.0, 420.0, 684.0, 452.0], [578.0, 430.0, 628.0, 443.0], [0.0, 0.0, 0.0, 0.0], [0.0, 0.0, 0.0, 0.0], [0.0, 0.0, 0.0, 0.0], [0.0, 0.0, 0.0, 0.0], [0.0, 0.0, 0.0, 0.0], [0.0, 0.0, 0.0, 0.0], [0.0, 0.0, 0.0, 0.0], [818.0, 482.0, 896.0, 507.0], [570.0, 429.0, 642.0, 448.0], [0.0, 0.0, 0.0, 0.0], [0.0, 0.0, 0.0, 0.0], [0.0, 0.0, 0.0, 0.0], [0.0, 0.0, 0.0, 0.0], [0.0, 0.0, 0.0, 0.0], [0.0, 0.0, 0.0, 0.0], [826.0, 484.0, 868.0, 499.0], [594.0, 434.0, 604.0, 439.0], [594.0, 434.0, 604.0, 439.0], [594.0, 434.0, 604.0, 439.0], [594.0, 434.0, 604.0, 439.0], [594.0, 434.0, 604.0, 439.0], [583.0, 417.0, 681.0, 449.0], [583.0, 417.0, 681.0, 449.0], [0.0, 0.0, 0.0, 0.0], [384.0, 361.0, 1590.0, 1080.0], [568.0, 427.0, 636.0, 446.0], [568.0, 427.0, 636.0, 446.0], [568.0, 427.0, 636.0, 446.0], [568.0, 427.0, 636.0, 446.0], [568.0, 427.0, 636.0, 446.0], [577.0, 404.0, 681.0, 450.0], [577.0, 404.0, 681.0, 450.0], [577.0, 404.0, 681.0, 450.0], [577.0, 404.0, 681.0, 450.0], [577.0, 404.0, 681.0, 450.0], [577.0, 404.0, 681.0, 450.0], [577.0, 404.0, 681.0, 450.0], [577.0, 404.0, 681.0, 450.0], [573.0, 428.0, 643.0, 446.0], [573.0, 428.0, 643.0, 446.0], [573.0, 428.0, 643.0, 446.0], [0.0, 0.0, 0.0, 0.0], [0.0, 0.0, 0.0, 0.0], [0.0, 0.0, 0.0, 0.0], [0.0, 0.0, 0.0, 0.0], [0.0, 0.0, 0.0, 0.0], [0.0, 0.0, 0.0, 0.0], [0.0, 0.0, 0.0, 0.0], [0.0, 0.0, 0.0, 0.0], [0.0, 0.0, 0.0, 0.0], [566.0, 416.0, 683.0, 451.0], [0.0, 0.0, 0.0, 0.0], [0.0, 0.0, 0.0, 0.0], [0.0, 0.0, 0.0, 0.0], [0.0, 0.0, 0.0, 0.0], [0.0, 0.0, 0.0, 0.0], [0.0, 0.0, 0.0, 0.0], [0.0, 0.0, 0.0, 0.0], [0.0, 0.0, 0.0, 0.0], [0.0, 0.0, 0.0, 0.0], [0.0, 0.0, 0.0, 0.0], [576.0, 429.0, 630.0, 443.0]], "masks": [{"size": [1080, 1920], "counts": "m`hk01dQ14N2O1O1N1O1O1O11O000000000000001O001N2O010O00100N2O3M1O000000of^R1"}, {"size": [1080, 1920], "counts": "Uhlb02fQ11O001O001OO100O2Nm_92Q`F3N00001O0001O001O1O000O2O00Y\\7OhcH1O1O1O0010O0010O00000001O0O`UaZ1"}, {"size": [1080, 1920], "counts": "PPYo1"}, {"size": [1080, 1920], "counts": "PPYo1"}, {"size": [1080, 1920], "counts": "PPYo1"}, {"size": [1080, 1920], "counts": "PPYo1"}, {"size": [1080, 1920], "counts": "PPYo1"}, {"size": [1080, 1920], "counts": "PPYo1"}, {"size": [1080, 1920], "counts": "PPYo1"}, {"size": [1080, 1920], "counts": "PPYo1"}, {"size": [1080, 1920], "counts": "PPYo1"}, {"size": [1080, 1920], "counts": "PPYo1"}, {"size": [1080, 1920], "counts": "mbib01fQ12O1N2N2O01O01O0000000001O001O000000O201N1O10O01O0001O0000001O001O00001O00O10O20O1O001O01O01O000001O01O01O0010O0000000000010O01O1O001O0000O2O000001O01O01O0010O01MUmhY1"}, {"size": [1080, 1920], "counts": "mbib01fQ12O1N2N2O01O01O0000000001O001O000000O201N1O10O01O0001O0000001O001O00001O00O10O20O1O001O01O01O000001O01O01O0010O0000000000010O01O1O001O0000O2O000001O01O01O0010O01MUmhY1"}, {"size": [1080, 1920], "counts": "mTnj02fQ11O1O3M4M0O101N1O2N1O1O1O100O1O1O1O10O01O1O1N101O2N001O1O0O010O10O1O1O1O1O1O2N1O10000000010O00000010O001O001O00000000O10O10O10O10O100O10000O1O100O101N100O100O100O101N10001O000O101O0O101N1000001O0O100O101ObVnP1"}, {"size": [1080, 1920], "counts": "mTnj02fQ11O1O3M4M0O101N1O2N1O1O1O100O1O1O1O10O01O1O1N101O2N001O1O0O010O10O1O1O1O1O1O2N1O10000000010O00000010O001O001O00000000O10O10O10O10O100O10000O1O100O101N100O100O100O101N10001O000O101O0O101N1000001O0O100O101ObVnP1"}, {"size": [1080, 1920], "counts": "mTnj02fQ11O1O3M4M0O101N1O2N1O1O1O100O1O1O1O10O01O1O1N101O2N001O1O0O010O10O1O1O1O1O1O2N1O10000000010O00000010O001O001O00000000O10O10O10O10O100O10000O1O100O101N100O100O100O101N10001O000O101O0O101N1000001O0O100O101ObVnP1"}, {"size": [1080, 1920], "counts": "PPYo1"}, {"size": [1080, 1920], "counts": "]mob02fQ11O0000O10ea:2X^E2O0000001O0001O1O0O101O00001NR^80naG2O1O10O00010O1O00001O000OhS`Z1"}, {"size": [1080, 1920], "counts": "PPYo1"}, {"size": [1080, 1920], "counts": "PPYo1"}, {"size": [1080, 1920], "counts": "PPYo1"}, {"size": [1080, 1920], "counts": "lncc02eQ11O11O1O001O000000c_Z[1"}, {"size": [1080, 1920], "counts": "jbib04bQ13O0O2O001O1N1L41O0001O0O1N200O2O0O2N2N2O0O2N100O100O2O000O1000000000000001O01O01O1O1O01O01O002O0O1O1O1O10O01O00001O010O1O100O1O000001O0000001O01O000010O0001O001O001O001O00000O2O0000001O00001N1000001O0O101O000O1O2O0O101O1O001N2O^SfX1"}, {"size": [1080, 1920], "counts": "jbib04bQ13O0O2O001O1N1L41O0001O0O1N200O2O0O2N2N2O0O2N100O100O2O000O1000000000000001O01O01O1O1O01O01O002O0O1O1O1O10O01O00001O010O1O100O1O000001O0000001O01O000010O0001O001O001O001O00000O2O0000001O00001N1000001O0O101O000O1O2O0O101O1O001N2O^SfX1"}, {"size": [1080, 1920], "counts": "a_Te01fQ11flZ5O[SeJ000bS22\\lM001O1O100O010O100O1O2O0O1O001O1O1O1O1O001O1O0001O001O01N101N10000000000O2O0O100001O000000O10000010O00001O001N1001O01O00000001O00O100O2O000O10000O1O2N1O10001N101M2O2O1N2Nd`gQ1"}, {"size": [1080, 1920], "counts": "a_Te01fQ11flZ5O[SeJ000bS22\\lM001O1O100O010O100O1O2O0O1O001O1O1O1O1O001O1O0001O001O01N101N10000000000O2O0O100001O000000O10000010O00001O001N1001O01O00000001O00O100O2O000O10000O1O2N1O10001N101M2O2O1N2Nd`gQ1"}, {"size": [1080, 1920],