{"labels": [12, 2, 3, 4, 6, 7, 8, 10, 11, 12, 1, 3, 4, 6, 7, 8, 10, 11, 12, 10, 2, 10, 12, 2, 10, 10, 4, 8, 10, 3, 7, 10, 12, 8, 3, 4, 8, 7, 12, 12, 10, 2, 10, 0, 2, 10, 12, 19, 10, 2, 3, 4, 10, 12, 19, 10, 3, 7, 10, 12, 1, 10, 2, 10, 19, 12, 2, 3, 7, 10, 12, 1, 8, 10, 10, 2, 3, 4, 6, 7, 10, 12, 19, 10, 2, 10, 2, 10, 2, 7, 10, 12, 19, 0, 1, 6, 10, 11, 12, 2], "scores": [0.0, 0.0, 0.0, 0.0, 0.0, 0.0, 0.0, 0.0, 0.0, 0.0, 0.004160517361015081, 0.00016747531481087208, 0.00026785064255818725, 0.015070538967847824, 0.0008264898206107318, 0.0004975955234840512, 0.006993655581027269, 0.0003262139798607677, 0.0003529175592120737, 0.0, 0.0, 0.0, 0.0, 0.0, 0.0, 0.0, 0.00016592130123171955, 0.0002342191874049604, 0.0011106255697086453, 0.0, 0.0, 0.0, 0.0, 0.0002893487398978323, 0.6202455163002014, 0.00023765293008182198, 0.00018163440108764917, 0.0, 0.0, 0.0, 0.00014143968292046338, 0.0, 0.0, 0.0, 0.0, 0.0, 0.0, 0.0, 0.0, 0.0, 0.0, 0.0, 0.0, 0.0, 0.0, 0.0, 0.0, 0.0, 0.0, 0.0, 0.0017790538258850574, 0.002906530862674117, 0.0, 0.0, 0.986111044883728, 0.0, 0.0, 0.0, 0.0, 0.0, 0.0, 0.0007630323525518179, 0.6021385192871094, 0.0, 0.00013359624426811934, 0.0, 0.0, 0.0, 0.0, 0.0, 0.0, 0.0, 0.0, 0.0, 0.0, 0.00023535826767329127, 0.0, 0.0, 0.0, 0.0, 0.0, 0.0, 0.0, 0.0, 0.0, 0.0, 0.0, 0.0, 0.0, 0.0], "bboxes": [[0.0, 0.0, 0.0, 0.0], [0.0, 0.0, 0.0, 0.0], [0.0, 0.0, 0.0, 0.0], [0.0, 0.0, 0.0, 0.0], [0.0, 0.0, 0.0, 0.0], [0.0, 0.0, 0.0, 0.0], [0.0, 0.0, 0.0, 0.0], [0.0, 0.0, 0.0, 0.0], [0.0, 0.0, 0.0, 0.0], [0.0, 0.0, 0.0, 0.0], [837.0, 479.0, 925.0, 502.0], [837.0, 479.0, 925.0, 502.0], [837.0, 479.0, 925.0, 502.0], [837.0, 479.0, 925.0, 502.0], [837.0, 479.0, 925.0, 502.0], [837.0, 479.0, 925.0, 502.0], [837.0, 479.0, 925.0, 502.0], [837.0, 479.0, 925.0, 502.0], [837.0, 479.0, 925.0, 502.0], [0.0, 0.0, 0.0, 0.0], [0.0, 0.0, 0.0, 0.0], [0.0, 0.0, 0.0, 0.0], [0.0, 0.0, 0.0, 0.0], [0.0, 0.0, 0.0, 0.0], [0.0, 0.0, 0.0, 0.0], [0.0, 0.0, 0.0, 0.0], [587.0, 421.0, 656.0, 441.0], [587.0, 421.0, 656.0, 441.0], [587.0, 421.0, 656.0, 441.0], [0.0, 0.0, 0.0, 0.0], [0.0, 0.0, 0.0, 0.0], [0.0, 0.0, 0.0, 0.0], [0.0, 0.0, 0.0, 0.0], [859.0, 484.0, 957.0, 502.0], [837.0, 481.0, 868.0, 507.0], [837.0, 481.0, 868.0, 507.0], [837.0, 481.0, 868.0, 507.0], [0.0, 0.0, 0.0, 0.0], [0.0, 0.0, 0.0, 0.0], [0.0, 0.0, 0.0, 0.0], [860.0, 483.0, 873.0, 492.0], [0.0, 0.0, 0.0, 0.0], [0.0, 0.0, 0.0, 0.0], [0.0, 0.0, 0.0, 0.0], [0.0, 0.0, 0.0, 0.0], [0.0, 0.0, 0.0, 0.0], [0.0, 0.0, 0.0, 0.0], [0.0, 0.0, 0.0, 0.0], [0.0, 0.0, 0.0, 0.0], [0.0, 0.0, 0.0, 0.0], [0.0, 0.0, 0.0, 0.0], [0.0, 0.0, 0.0, 0.0], [0.0, 0.0, 0.0, 0.0], [0.0, 0.0, 0.0, 0.0], [0.0, 0.0, 0.0, 0.0], [0.0, 0.0, 0.0, 0.0], [0.0, 0.0, 0.0, 0.0], [0.0, 0.0, 0.0, 0.0], [0.0, 0.0, 0.0, 0.0], [0.0, 0.0, 0.0, 0.0], [601.0, 424.0, 661.0, 441.0], [601.0, 424.0, 661.0, 441.0], [0.0, 0.0, 0.0, 0.0], [0.0, 0.0, 0.0, 0.0], [386.0, 355.0, 1594.0, 1080.0], [0.0, 0.0, 0.0, 0.0], [0.0, 0.0, 0.0, 0.0], [0.0, 0.0, 0.0, 0.0], [0.0, 0.0, 0.0, 0.0], [0.0, 0.0, 0.0, 0.0], [0.0, 0.0, 0.0, 0.0], [847.0, 480.0, 913.0, 506.0], [847.0, 480.0, 913.0, 506.0], [0.0, 0.0, 0.0, 0.0], [611.0, 428.0, 871.0, 487.0], [0.0, 0.0, 0.0, 0.0], [0.0, 0.0, 0.0, 0.0], [0.0, 0.0, 0.0, 0.0], [0.0, 0.0, 0.0, 0.0], [0.0, 0.0, 0.0, 0.0], [0.0, 0.0, 0.0, 0.0], [0.0, 0.0, 0.0, 0.0], [0.0, 0.0, 0.0, 0.0], [0.0, 0.0, 0.0, 0.0], [0.0, 0.0, 0.0, 0.0], [837.0, 477.0, 902.0, 503.0], [0.0, 0.0, 0.0, 0.0], [0.0, 0.0, 0.0, 0.0], [0.0, 0.0, 0.0, 0.0], [0.0, 0.0, 0.0, 0.0], [0.0, 0.0, 0.0, 0.0], [0.0, 0.0, 0.0, 0.0], [0.0, 0.0, 0.0, 0.0], [0.0, 0.0, 0.0, 0.0], [0.0, 0.0, 0.0, 0.0], [0.0, 0.0, 0.0, 0.0], [0.0, 0.0, 0.0, 0.0], [0.0, 0.0, 0.0, 0.0], [0.0, 0.0, 0.0, 0.0], [0.0, 0.0, 0.0, 0.0]], "masks": [{"size": [1080, 1920], "counts": "PPYo1"}, {"size": [1080, 1920], "counts": "PPYo1"}, {"size": [1080, 1920], "counts": "PPYo1"}, {"size": [1080, 1920], "counts": "PPYo1"}, {"size": [1080, 1920], "counts": "PPYo1"}, {"size": [1080, 1920], "counts": "PPYo1"}, {"size": [1080, 1920], "counts": "PPYo1"}, {"size": [1080, 1920], "counts": "PPYo1"}, {"size": [1080, 1920], "counts": "PPYo1"}, {"size": [1080, 1920], "counts": "PPYo1"}, {"size": [1080, 1920], "counts": "mWck01gQ11N2O1O1O001O1O1O001N2N2O1O00O1O13L3N1O1O0O100O100000000000O1O100O101N1000001O0O1010O01O00000010O0001O00001O00000001O01O00O10O10001O00000000000O011O000O100O2O0O101O0O2N1N2000nmhP1"}, {"size": [1080, 1920], "counts": "mWck01gQ11N2O1O1O001O1O1O001N2N2O1O00O1O13L3N1O1O0O100O100000000000O1O100O101N1000001O0O1010O01O00000010O0001O00001O00000001O01O00O10O10001O00000000000O011O000O100O2O0O101O0O2N1N2000nmhP1"}, {"size": [1080, 1920], "counts": "mWck01gQ11N2O1O1O001O1O1O001N2N2O1O00O1O13L3N1O1O0O100O100000000000O1O100O101N1000001O0O1010O01O00000010O0001O00001O00000001O01O00O10O10001O00000000000O011O000O100O2O0O101O0O2N1N2000nmhP1"}, {"size": [1080, 1920], "counts": "mWck01gQ11N2O1O1O001O1O1O001N2N2O1O00O1O13L3N1O1O0O100O100000000000O1O100O101N1000001O0O1010O01O00000010O0001O00001O00000001O01O00O10O10001O00000000000O011O000O100O2O0O101O0O2N1N2000nmhP1"}, {"size": [1080, 1920], "counts": "mWck01gQ11N2O1O1O001O1O1O001N2N2O1O00O1O13L3N1O1O0O100O100000000000O1O100O101N1000001O0O1010O01O00000010O0001O00001O00000001O01O00O10O10001O00000000000O011O000O100O2O0O101O0O2N1N2000nmhP1"}, {"size": [1080, 1920], "counts": "mWck01gQ11N2O1O1O001O1O1O001N2N2O1O00O1O13L3N1O1O0O100O100000000000O1O100O101N1000001O0O1010O01O00000010O0001O00001O00000001O01O00O10O10001O00000000000O011O000O100O2O0O101O0O2N1N2000nmhP1"}, {"size": [1080, 1920], "counts": "mWck01gQ11N2O1O1O001O1O1O001N2N2O1O00O1O13L3N1O1O0O100O100000000000O1O100O101N1000001O0O1010O01O00000010O0001O00001O00000001O01O00O10O10001O00000000000O011O000O100O2O0O101O0O2N1N2000nmhP1"}, {"size": [1080, 1920], "counts": "mWck01gQ11N2O1O1O001O1O1O001N2N2O1O00O1O13L3N1O1O0O100O100000000000O1O100O101N1000001O0O1010O01O00000010O0001O00001O00000001O01O00O10O10001O00000000000O011O000O100O2O0O101O0O2N1N2000nmhP1"}, {"size": [1080, 1920], "counts": "mWck01gQ11N2O1O1O001O1O1O001N2N2O1O00O1O13L3N1O1O0O100O100000000000O1O100O101N1000001O0O1010O01O00000010O0001O00001O00000001O01O00O10O10001O00000000000O011O000O100O2O0O101O0O2N1N2000nmhP1"}, {"size": [1080, 1920], "counts": "PPYo1"}, {"size": [1080, 1920], "counts": "PPYo1"}, {"size": [1080, 1920], "counts": "PPYo1"}, {"size": [1080, 1920], "counts": "PPYo1"}, {"size": [1080, 1920], "counts": "PPYo1"}, {"size": [1080, 1920], "counts": "PPYo1"}, {"size": [1080, 1920], "counts": "PPYo1"}, {"size": [1080, 1920], "counts": "a`[c01fQ12O001O01O01OO1OeQ12[nNO3ON3M1O000001N11O1O0O2O1N10000000001O01O1N2O1N2O001Nfob01YP]O101O001O001O01O001O1N1O\\fdY1"}, {"size": [1080, 1920], "counts": "a`[c01fQ12O001O01O01OO1OeQ12[nNO3ON3M1O000001N11O1O0O2O1N10000000001O01O1N2O1N2O001Nfob01YP]O101O001O001O01O001O1N1O\\fdY1"}, {"size": [1080, 1920], "counts": "a`[c01fQ12O001O01O01OO1OeQ12[nNO3ON3M1O000001N11O1O0O2O1N10000000001O01O1N2O1N2O001Nfob01YP]O101O001O001O01O001O1N1O\\fdY1"}, {"size": [1080, 1920], "counts": "PPYo1"}, {"size": [1080, 1920], "counts": "PPYo1"}, {"size": [1080, 1920], "counts": "PPYo1"}, {"size": [1080, 1920], "counts": "PPYo1"}, {"size": [1080, 1920], "counts": "a^Zl02eQ12N2N2O1O1N2O000O10O10001O00000000001O01O1O10O0001O0000001O00001O000000000000000000O100000O10O100000O0100000000O1000000O101O0O1000000000000000000O2O00000O10000O10O100000000000O100O1000O0100O2N1OSVgo0"}, {"size": [1080, 1920], "counts": "mWck01eQ14N1N2O2N10O01O1O2N2M3M3N1O001O2N00O1O10000O1N2O2N1O3N1N2N2MkQeR1"}, {"size": [1080, 1920], "counts": "mWck01eQ14N1N2O2N10O01O1O2N2M3M3N1O001O2N00O1O10000O1N2O2N1O3N1N2N2MkQeR1"}, {"size": [1080, 1920], "counts": "mWck01eQ14N1N2O2N10O01O1O2N2M3M3N1O001O2N00O1O10000O1N2O2N1O3N1N2N2MkQeR1"}, {"size": [1080, 1920], "counts": "PPYo1"}, {"size": [1080, 1920], "counts": "PPYo1"}, {"size": [1080, 1920], "counts": "PPYo1"}, {"size": [1080, 1920], "counts": "Y`[l01bQ16N1001O01O00O010O101M3NTi_R1"}, {"size": [1080, 1920], "counts": "PPYo1"}, {"size": [1080, 1920],