{"labels": [12, 2, 3, 4, 6, 7, 8, 10, 11, 12, 12, 1, 6, 7, 8, 10, 10, 10, 12, 2, 1, 8, 10, 7, 10, 12, 1, 3, 4, 7, 8, 10, 15, 12, 0, 12, 10, 2, 3, 4, 10, 12, 19, 10, 3, 7, 10, 12, 1, 10, 2, 10, 12, 19, 4, 10, 19, 1, 3, 4, 7, 8, 10, 12, 19, 20, 12, 2, 3, 4, 6, 7, 10, 12, 15, 19, 10, 2, 8, 2, 12, 19, 2, 10, 12, 19, 2, 4, 7, 8, 10, 12, 19, 1, 6, 8, 10, 11, 12, 10], "scores": [0.0, 0.0, 0.0, 0.0, 0.0, 0.0, 0.0, 0.0, 0.0, 0.0, 0.00024280209618154913, 0.002834159415215254, 0.008623472414910793, 0.0004619987157639116, 0.0008843733230605721, 0.0010154646588489413, 0.0, 0.0005333013832569122, 0.00017098835087381303, 0.0, 0.00047845119843259454, 0.00033549408544786274, 0.00126854726113379, 0.00012746114225592464, 0.00017070636386051774, 0.0003306285943835974, 0.00038886620313860476, 0.6137685179710388, 0.0011824993416666985, 0.0006547436933033168, 0.0009508488583378494, 0.0003206089895684272, 0.0001918762718560174, 0.0002617527497932315, 0.0, 0.0, 0.00019001362670678645, 0.0, 0.0, 0.0, 0.0, 0.0, 0.0, 0.0011762126814574003, 0.00022191372408997267, 0.0001473654410801828, 0.00042357156053185463, 0.0004563298134598881, 0.0014209403889253736, 0.0018355360953137279, 0.0, 0.0, 0.0, 0.9836696982383728, 0.00020680532907135785, 0.0022114759776741266, 0.00017373566515743732, 0.0031250338070094585, 0.00018150782852899283, 0.00046389581984840333, 0.0016554181929677725, 0.5449817776679993, 0.009932472370564938, 0.0004822368500754237, 0.0004504638200160116, 0.00029109534807503223, 0.0, 0.0, 0.0, 0.0, 0.0, 0.0, 0.0, 0.0, 0.0, 0.0, 0.0006223329110071063, 0.0, 0.0002606262278277427, 0.0, 0.0, 0.0, 0.00012584758223965764, 0.00016146856069099158, 0.0001587980950716883, 0.00014118380204308778, 0.0, 0.0, 0.0, 0.0, 0.0, 0.0, 0.0, 0.0006185498205013573, 0.0001806744548957795, 0.0003535074938554317, 0.00020465778652578592, 0.0018357740482315421, 0.0009935408597812057, 0.00011893244663951918], "bboxes": [[0.0, 0.0, 0.0, 0.0], [0.0, 0.0, 0.0, 0.0], [0.0, 0.0, 0.0, 0.0], [0.0, 0.0, 0.0, 0.0], [0.0, 0.0, 0.0, 0.0], [0.0, 0.0, 0.0, 0.0], [0.0, 0.0, 0.0, 0.0], [0.0, 0.0, 0.0, 0.0], [0.0, 0.0, 0.0, 0.0], [0.0, 0.0, 0.0, 0.0], [834.0, 472.0, 905.0, 494.0], [833.0, 470.0, 936.0, 498.0], [833.0, 470.0, 936.0, 498.0], [833.0, 470.0, 936.0, 498.0], [833.0, 470.0, 936.0, 498.0], [833.0, 470.0, 936.0, 498.0], [0.0, 0.0, 0.0, 0.0], [585.0, 421.0, 651.0, 435.0], [585.0, 421.0, 651.0, 435.0], [0.0, 0.0, 0.0, 0.0], [830.0, 470.0, 931.0, 498.0], [565.0, 406.0, 686.0, 440.0], [565.0, 406.0, 686.0, 440.0], [607.0, 422.0, 618.0, 428.0], [607.0, 422.0, 618.0, 428.0], [607.0, 422.0, 618.0, 428.0], [822.0, 472.0, 904.0, 492.0], [822.0, 472.0, 904.0, 492.0], [822.0, 472.0, 904.0, 492.0], [822.0, 472.0, 904.0, 492.0], [822.0, 472.0, 904.0, 492.0], [822.0, 472.0, 904.0, 492.0], [822.0, 472.0, 904.0, 492.0], [609.0, 425.0, 868.0, 487.0], [0.0, 0.0, 0.0, 0.0], [0.0, 0.0, 0.0, 0.0], [606.0, 421.0, 640.0, 431.0], [0.0, 0.0, 0.0, 0.0], [0.0, 0.0, 0.0, 0.0], [0.0, 0.0, 0.0, 0.0], [0.0, 0.0, 0.0, 0.0], [0.0, 0.0, 0.0, 0.0], [0.0, 0.0, 0.0, 0.0], [556.0, 410.0, 685.0, 440.0], [609.0, 424.0, 612.0, 428.0], [609.0, 424.0, 612.0, 428.0], [609.0, 424.0, 612.0, 428.0], [609.0, 424.0, 612.0, 428.0], [601.0, 415.0, 674.0, 439.0], [601.0, 415.0, 674.0, 439.0], [0.0, 0.0, 0.0, 0.0], [0.0, 0.0, 0.0, 0.0], [0.0, 0.0, 0.0, 0.0], [392.0, 357.0, 1597.0, 1080.0], [551.0, 407.0, 684.0, 442.0], [551.0, 407.0, 684.0, 442.0], [551.0, 407.0, 684.0, 442.0], [593.0, 389.0, 679.0, 437.0], [593.0, 389.0, 679.0, 437.0], [593.0, 389.0, 679.0, 437.0], [593.0, 389.0, 679.0, 437.0], [593.0, 389.0, 679.0, 437.0], [593.0, 389.0, 679.0, 437.0], [593.0, 389.0, 679.0, 437.0], [593.0, 389.0, 679.0, 437.0], [593.0, 389.0, 679.0, 437.0], [0.0, 0.0, 0.0, 0.0], [0.0, 0.0, 0.0, 0.0], [0.0, 0.0, 0.0, 0.0], [0.0, 0.0, 0.0, 0.0], [0.0, 0.0, 0.0, 0.0], [0.0, 0.0, 0.0, 0.0], [0.0, 0.0, 0.0, 0.0], [0.0, 0.0, 0.0, 0.0], [0.0, 0.0, 0.0, 0.0], [0.0, 0.0, 0.0, 0.0], [558.0, 412.0, 669.0, 439.0], [0.0, 0.0, 0.0, 0.0], [833.0, 470.0, 916.0, 496.0], [0.0, 0.0, 0.0, 0.0], [0.0, 0.0, 0.0, 0.0], [0.0, 0.0, 0.0, 0.0], [582.0, 421.0, 614.0, 430.0], [582.0, 421.0, 614.0, 430.0], [582.0, 421.0, 614.0, 430.0], [582.0, 421.0, 614.0, 430.0], [0.0, 0.0, 0.0, 0.0], [0.0, 0.0, 0.0, 0.0], [0.0, 0.0, 0.0, 0.0], [0.0, 0.0, 0.0, 0.0], [0.0, 0.0, 0.0, 0.0], [0.0, 0.0, 0.0, 0.0], [0.0, 0.0, 0.0, 0.0], [833.0, 465.0, 913.0, 497.0], [833.0, 465.0, 913.0, 497.0], [833.0, 465.0, 913.0, 497.0], [833.0, 465.0, 913.0, 497.0], [833.0, 465.0, 913.0, 497.0], [833.0, 465.0, 913.0, 497.0], [609.0, 425.0, 612.0, 427.0]], "masks": [{"size": [1080, 1920], "counts": "PPYo1"}, {"size": [1080, 1920], "counts": "PPYo1"}, {"size": [1080, 1920], "counts": "PPYo1"}, {"size": [1080, 1920], "counts": "PPYo1"}, {"size": [1080, 1920], "counts": "PPYo1"}, {"size": [1080, 1920], "counts": "PPYo1"}, {"size": [1080, 1920], "counts": "PPYo1"}, {"size": [1080, 1920], "counts": "PPYo1"}, {"size": [1080, 1920], "counts": "PPYo1"}, {"size": [1080, 1920], "counts": "PPYo1"}, {"size": [1080, 1920], "counts": "^R`k01fQ12N2O1O1O001O001O00001O1O1000O10O1O00001N100O101N0100000O10001N1O101N10000000O100001O01O0O1000000O100000000000000000000O10000O100O1N3M2O4L4LYQ^Q1"}, {"size": [1080, 1920], "counts": "eP_k02fQ12M3N001O1O1O001O1O0O2O010O10O10O001N101O0O1O100O2O000O100000000O10000000000000000000000000000000000000000000001O000O101O0000001N10O10001O00001N10001O00000O2O0O10001N10001N101O0O2O0O2N1O10000O100O2O0O2N1OP[]P1"}, {"size": [1080, 1920], "counts": "eP_k02fQ12M3N001O1O1O001O1O0O2O010O10O10O001N101O0O1O100O2O000O100000000O10000000000000000000000000000000000000000000001O000O101O0000001N10O10001O00001N10001O00000O2O0O10001N10001N101O0O2O0O2N1O10000O100O2O0O2N1OP[]P1"}, {"size": [1080, 1920], "counts": "eP_k02fQ12M3N001O1O1O001O1O0O2O010O10O10O001N101O0O1O100O2O000O100000000O10000000000000000000000000000000000000000000001O000O101O0000001N10O10001O00001N10001O00000O2O0O10001N10001N101O0O2O0O2N1O10000O100O2O0O2N1OP[]P1"}, {"size": [1080, 1920], "counts": "eP_k02fQ12M3N001O1O1O001O1O0O2O010O10O10O001N101O0O1O100O2O000O100000000O10000000000000000000000000000000000000000000001O000O101O0000001N10O10001O00001N10001O00000O2O0O10001N10001N101O0O2O0O2N1O10000O100O2O0O2N1OP[]P1"}, {"size": [1080, 1920], "counts": "eP_k02fQ12M3N001O1O1O001O1O0O2O010O10O10O001N101O0O1O100O2O000O100000000O10000000000000000000000000000000000000000000001O000O101O0000001N10O10001O00001N10001O00000O2O0O10001N10001N101O0O2O0O2N1O10000O100O2O0O2N1OP[]P1"}, {"size": [1080, 1920], "counts": "PPYo1"}, {"size": [1080, 1920], "counts": "m\\Yc01h_90jjL0TgJ2O0000001N1O3M10000000000010N2O1O001O1Mea:O]^E2O000001O01O01NT^80maG1O0WoiY1"}, {"size": [1080, 1920], "counts": "m\\Yc01h_90jjL0TgJ2O0000001N1O3M10000000000010N2O1O001O1Mea:O]^E2O000001O01O01NT^80maG1O0WoiY1"}, {"size": [1080, 1920], "counts": "PPYo1"}, {"size": [1080, 1920], "counts": "]k[k01fQ12N2O2N1O001O1O1O001O1O001O001O1O01O10O001O001N101O0O1000000O1000000O100O101O000000000000000000000000000000000000000O10001O0000000O101O00O101O000O101O000O2O00001N101N100O101N101O0O2N2N1O2O0O2O0O1O101NgcbP1"}, {"size": [1080, 1920], "counts": "eYdb01gQ11O001O1O000001N\\c;0d\\D2N2O0O101N2N1O2O1O00001O001O0O2O0100O01O000O101N100000000O1O1O2N11O00000000001O00001O01O01O0000010O2N2OO01O1O010O2N2N1O010O0001O01O001O1O1O000010O01O100O00001O1O000000001O00000O10O10O100001O01O001N10lQeX1"}, {"size": [1080, 1920], "counts": "eYdb01gQ11O001O1O000001N\\c;0d\\D2N2O0O101N2N1O2O1O00001O001O0O2O0100O01O000O101N100000000O1O1O2N11O00000000001O00001O01O01O0000010O2N2OO01O1O010O2N2N1O010O0001O01O001O1O1O000010O01O100O00001O1O000000001O00000O10O10O100001O01O001N10lQeX1"}, {"size": [1080, 1920], "counts": "acPd01fQ12M3O01O001N2O001O00VilZ1"}, {"size": [1080, 1920], "counts": "acPd01fQ12M3O01O001N2O001O00VilZ1"}, {"size": [1080, 1920], "counts": "acPd01fQ12M3O01O001N2O001O00VilZ1"}, {"size": [1080, 1920],