{"labels": [10, 12, 2, 3, 4, 6, 7, 8, 10, 11, 12, 1, 6, 7, 8, 10, 4, 10, 2, 4, 10, 12, 2, 10, 1, 10, 2, 4, 7, 8, 10, 7, 10, 12, 8, 3, 4, 12, 10, 10, 10, 10, 10, 10, 2, 3, 4, 10, 12, 19, 10, 2, 3, 4, 7, 10, 12, 1, 10, 2, 10, 19, 10, 12, 1, 3, 4, 6, 7, 8, 10, 11, 12, 16, 19, 10, 12, 1, 2, 3, 4, 7, 10, 19, 10, 12, 2, 4, 10, 2, 7, 8, 10, 12, 19, 1, 8, 11, 12, 0], "scores": [0.0003111697733402252, 0.0002793160383589566, 0.0, 0.0, 0.0, 0.0, 0.0, 0.0, 0.0, 0.0, 0.0, 0.001475064200349152, 0.0033130990341305733, 0.00018003990408033133, 0.00036993069807067513, 0.0005106053431518376, 0.0, 0.0, 0.0001724802132230252, 0.000217824534047395, 0.003757303114980459, 0.00021269261196721345, 0.0, 0.0, 0.0002546250179875642, 0.0, 0.00021236178872641176, 0.0007359850569628179, 0.00017655506962910295, 0.00033502746373414993, 0.0024853739887475967, 0.0, 0.0, 0.0, 0.000304593937471509, 0.0, 0.0, 0.0, 0.0001524509279988706, 0.0, 0.0001805365172913298, 0.0, 0.0002502253046259284, 0.00012752346810884774, 0.0, 0.0, 0.0, 0.0, 0.0, 0.0, 0.0014982641441747546, 0.0, 0.0, 0.0, 0.0, 0.0, 0.0, 0.0013912820722907782, 0.01001738477498293, 0.0, 0.0, 0.9799108505249023, 0.0005392876919358969, 0.0005574371316470206, 0.0, 0.0, 0.0, 0.0, 0.0, 0.0, 0.0, 0.0, 0.0, 0.0, 0.0, 0.0, 0.0, 0.0, 0.0, 0.0, 0.0, 0.0, 0.0, 0.0, 0.0, 0.0, 0.0, 0.0, 0.0, 0.0, 0.0, 0.0, 0.0, 0.0, 0.0, 0.0005800047074444592, 0.0002789480204228312, 0.0007776795537211001, 0.00026553106727078557, 0.0001486405817558989], "bboxes": [[589.0, 406.0, 636.0, 419.0], [864.0, 334.0, 1595.0, 492.0], [0.0, 0.0, 0.0, 0.0], [0.0, 0.0, 0.0, 0.0], [0.0, 0.0, 0.0, 0.0], [0.0, 0.0, 0.0, 0.0], [0.0, 0.0, 0.0, 0.0], [0.0, 0.0, 0.0, 0.0], [0.0, 0.0, 0.0, 0.0], [0.0, 0.0, 0.0, 0.0], [0.0, 0.0, 0.0, 0.0], [835.0, 469.0, 1108.0, 493.0], [835.0, 469.0, 1108.0, 493.0], [835.0, 469.0, 1108.0, 493.0], [835.0, 469.0, 1108.0, 493.0], [835.0, 469.0, 1108.0, 493.0], [0.0, 0.0, 0.0, 0.0], [0.0, 0.0, 0.0, 0.0], [588.0, 406.0, 637.0, 420.0], [588.0, 406.0, 637.0, 420.0], [588.0, 406.0, 637.0, 420.0], [588.0, 406.0, 637.0, 420.0], [0.0, 0.0, 0.0, 0.0], [0.0, 0.0, 0.0, 0.0], [840.0, 470.0, 918.0, 487.0], [0.0, 0.0, 0.0, 0.0], [590.0, 406.0, 637.0, 419.0], [590.0, 406.0, 637.0, 419.0], [590.0, 406.0, 637.0, 419.0], [590.0, 406.0, 637.0, 419.0], [590.0, 406.0, 637.0, 419.0], [0.0, 0.0, 0.0, 0.0], [0.0, 0.0, 0.0, 0.0], [0.0, 0.0, 0.0, 0.0], [865.0, 470.0, 968.0, 490.0], [0.0, 0.0, 0.0, 0.0], [0.0, 0.0, 0.0, 0.0], [0.0, 0.0, 0.0, 0.0], [603.0, 412.0, 615.0, 416.0], [0.0, 0.0, 0.0, 0.0], [603.0, 412.0, 614.0, 416.0], [0.0, 0.0, 0.0, 0.0], [604.0, 411.0, 613.0, 415.0], [584.0, 412.0, 623.0, 421.0], [0.0, 0.0, 0.0, 0.0], [0.0, 0.0, 0.0, 0.0], [0.0, 0.0, 0.0, 0.0], [0.0, 0.0, 0.0, 0.0], [0.0, 0.0, 0.0, 0.0], [0.0, 0.0, 0.0, 0.0], [589.0, 406.0, 654.0, 423.0], [0.0, 0.0, 0.0, 0.0], [0.0, 0.0, 0.0, 0.0], [0.0, 0.0, 0.0, 0.0], [0.0, 0.0, 0.0, 0.0], [0.0, 0.0, 0.0, 0.0], [0.0, 0.0, 0.0, 0.0], [588.0, 403.0, 683.0, 431.0], [588.0, 403.0, 683.0, 431.0], [0.0, 0.0, 0.0, 0.0], [0.0, 0.0, 0.0, 0.0], [397.0, 358.0, 1601.0, 1080.0], [560.0, 400.0, 635.0, 419.0], [560.0, 400.0, 635.0, 419.0], [0.0, 0.0, 0.0, 0.0], [0.0, 0.0, 0.0, 0.0], [0.0, 0.0, 0.0, 0.0], [0.0, 0.0, 0.0, 0.0], [0.0, 0.0, 0.0, 0.0], [0.0, 0.0, 0.0, 0.0], [0.0, 0.0, 0.0, 0.0], [0.0, 0.0, 0.0, 0.0], [0.0, 0.0, 0.0, 0.0], [0.0, 0.0, 0.0, 0.0], [0.0, 0.0, 0.0, 0.0], [0.0, 0.0, 0.0, 0.0], [0.0, 0.0, 0.0, 0.0], [0.0, 0.0, 0.0, 0.0], [0.0, 0.0, 0.0, 0.0], [0.0, 0.0, 0.0, 0.0], [0.0, 0.0, 0.0, 0.0], [0.0, 0.0, 0.0, 0.0], [0.0, 0.0, 0.0, 0.0], [0.0, 0.0, 0.0, 0.0], [0.0, 0.0, 0.0, 0.0], [0.0, 0.0, 0.0, 0.0], [0.0, 0.0, 0.0, 0.0], [0.0, 0.0, 0.0, 0.0], [0.0, 0.0, 0.0, 0.0], [0.0, 0.0, 0.0, 0.0], [0.0, 0.0, 0.0, 0.0], [0.0, 0.0, 0.0, 0.0], [0.0, 0.0, 0.0, 0.0], [0.0, 0.0, 0.0, 0.0], [0.0, 0.0, 0.0, 0.0], [838.0, 466.0, 939.0, 491.0], [838.0, 466.0, 939.0, 491.0], [838.0, 466.0, 939.0, 491.0], [838.0, 466.0, 939.0, 491.0], [891.0, 469.0, 1058.0, 489.0]], "masks": [{"size": [1080, 1920], "counts": "^c]c03eQ11O100O2N01O0O2N11O1O1N101O00001O000000000001O0000001O001O00O1001O10O01O0000001O3M0001N11O00oiYZ1"}, {"size": [1080, 1920], "counts": "nf_l01fQ14L3N2N1N2O1N1000000O1O100O100000001O0O10001O0O101O0000O10000001O0000000000000000000001O000000000000000000001O0000001N1000001O00001O00000O2OO10O1000000000001O0010O0O10000000000O02O000000001O00010O0O1O1O101N1O2N2O00001N0101N10001O000001O001O010Mmak>1S^TA3N1O0O1N2O2N100O1O2O0O2N4L2N2N2N101N2O1O000O101N3N1N2N2O1O00000O1O100O10001O0O2O001O001O0O2O000O2N101N1O1O2O0O5K2O0O2O0O100O101O00001N10O10O1000001N5L0000M201002M2O1O1O1O1O3M2N1O2N002N1O1O011N1aQOnLWn0R3gQOVMRn0j2mQOWM5Egm0S3TROYM3Kcm0\\3ZROfLfm0h3]ROQLZm0l2dROkMN[O21Zm0h2fROTNOUOZm0V4O1O3M0000000O10000000001O1O1O000O101O01N10001O001J5ROiROZMYm0k1fRORN23Ym0[1dROYN3T1[m0a0mROoML]1Zm0a0ZSOYOil04_ROnNQ1f0cl09`ROnNo0g0dl07`ROPOn0f0gl06\\ROROQ1?kl0=TROTOQ1>Rm07_SOHjl00VSOOSm0ImRO5[m0CgRO;^o0N1N1N2O1:E3M9E5M2O3LYO`oN:aP1ZOjoNb0oZg:"}, {"size": [1080, 1920], "counts": "PPYo1"}, {"size": [1080, 1920], "counts": "PPYo1"}, {"size": [1080, 1920], "counts": "PPYo1"}, {"size": [1080, 1920], "counts": "PPYo1"}, {"size": [1080, 1920], "counts": "PPYo1"}, {"size": [1080, 1920], "counts": "PPYo1"}, {"size": [1080, 1920], "counts": "PPYo1"}, {"size": [1080, 1920], "counts": "PPYo1"}, {"size": [1080, 1920], "counts": "PPYo1"}, {"size": [1080, 1920], "counts": "mSak01gQ11O001O2N1O1O1O001O001O001O01O2N3M2N00O2O2M2O001N100O100O100000001O000001O01O0O1O10O11O0000000000001O000O101O0000001O0000000000001O001O0000000001O000001O00000000000001O0O1000001N10000O2O00001N100O100000000000000000001O000000O100O1000001O00O10001O0O2O000O2O000O2O1N2N2O0Oenb30[Q]L100001O\\S22blM0O100000O10000O01O1000O1N200000O2O00O10[ngj0"}, {"size": [1080, 1920], "counts": "mSak01gQ11O001O2N1O1O1O001O001O001O01O2N3M2N00O2O2M2O001N100O100O100000001O000001O01O0O1O10O11O0000000000001O000O101O0000001O0000000000001O001O0000000001O000001O00000000000001O0O1000001N10000O2O00001N100O100000000000000000001O000000O100O1000001O00O10001O0O2O000O2O000O2O1N2N2O0Oenb30[Q]L100001O\\S22blM0O100000O10000O01O1000O1N200000O2O00O10[ngj0"}, {"size": [1080, 1920], "counts": "mSak01gQ11O001O2N1O1O1O001O001O001O01O2N3M2N00O2O2M2O001N100O100O100000001O000001O01O0O1O10O11O0000000000001O000O101O0000001O0000000000001O001O0000000001O000001O00000000000001O0O1000001N10000O2O00001N100O100000000000000000001O000000O100O1000001O00O10001O0O2O000O2O000O2O1N2N2O0Oenb30[Q]L100001O\\S22blM0O100000O10000O01O1000O1N200000O2O00O10[ngj0"}, {"size": [1080, 1920], "counts": "mSak01gQ11O001O2N1O1O1O001O001O001O01O2N3M2N00O2O2M2O001N100O100O100000001O000001O01O0O1O10O11O0000000000001O000O101O0000001O0000000000001O001O0000000001O000001O00000000000001O0O1000001N10000O2O00001N100O100000000000000000001O000000O100O1000001O00O10001O0O2O000O2O000O2O1N2N2O0Oenb30[Q]L100001O\\S22blM0O100000O10000O01O1000O1N200000O2O00O10[ngj0"}, {"size": [1080, 1920], "counts": "mSak01gQ11O001O2N1O1O1O001O001O001O01O2N3M2N00O2O2M2O001N100O100O100000001O000001O01O0O1O10O11O0000000000001O000O101O0000001O0000000000001O001O0000000001O000001O00000000000001O0O1000001N10000O2O00001N100O100000000000000000001O000000O100O1000001O00O10001O0O2O000O2O000O2O1N2N2O0Oenb30[Q]L100001O\\S22blM0O100000O10000O01O1000O1N200000O2O00O10[ngj0"}, {"size": [1080, 1920], "counts": "PPYo1"}, {"size": [1080, 1920], "counts": "PPYo1"}, {"size": [1080, 1920], "counts": "fa\\c04dQ1001O1O1O10O001O000001O001O001O00001O00000000000000000001O00001O01O01O001O0000001O001O1O010O001NXhXZ1"}, {"size": [1080, 1920], "counts": "fa\\c04dQ1001O1O1O10O001O000001O001O001O00001O00000000000000000001O00001O01O01O001O0000001O001O1O010O001NXhXZ1"}, {"size": [1080, 1920], "counts": "fa\\c04dQ1001O1O1O10O001O000001O001O001O00001O00000000000000000001O00001O01O01O001O0000001O001O1O010O001NXhXZ1"}, {"size": [1080, 1920], "counts": "fa\\c04dQ1001O1O1O10O001O000001O001O001O00001O00000000000000000001O00001O01O01O001O0000001O001O1O010O001NXhXZ1"}, {"size": [1080, 1920], "counts": "PPYo1"}, {"size": [1080, 1920],