{"labels": [2, 3, 4, 6, 7, 8, 10, 11, 1, 4, 6, 7, 8, 10, 10, 12, 10, 2, 4, 10, 2, 4, 10, 1, 10, 1, 3, 4, 6, 7, 10, 12, 3, 4, 7, 10, 7, 12, 12, 2, 4, 4, 0, 2, 4, 7, 10, 12, 2, 3, 4, 10, 19, 10, 2, 3, 4, 7, 10, 12, 19, 4, 10, 12, 1, 4, 7, 8, 10, 2, 4, 10, 2, 3, 4, 6, 7, 10, 19, 2, 4, 2, 4, 10, 19, 2, 4, 7, 10, 12, 19, 0, 1, 4, 6, 7, 10, 11, 12, 3], "scores": [0.0, 0.0, 0.0, 0.0, 0.0, 0.0, 0.0, 0.0, 0.0021483676973730326, 0.00027412327472120523, 0.008325197733938694, 0.00017458460933994502, 0.0003114533901680261, 0.00037384568713605404, 0.0, 0.0, 0.0001936457701958716, 0.0, 0.0, 0.0, 0.0, 0.0, 0.0, 0.0005687079392373562, 0.0003090520913247019, 0.0, 0.0, 0.0, 0.0, 0.0, 0.0, 0.0, 0.6143748164176941, 0.001041465438902378, 0.0002767211990430951, 0.00034610150032676756, 0.0, 0.0, 0.0, 0.0, 0.0, 0.0, 0.0, 0.0, 0.0, 0.0, 0.0, 0.0, 0.0, 0.0, 0.0, 0.0, 0.0, 0.0004019382467959076, 0.0, 0.0, 0.0, 0.0, 0.0, 0.0, 0.9879752397537231, 0.0001552886824356392, 0.00017316421144641936, 0.00018683294183574617, 0.0017605124739930034, 0.00035554327769204974, 0.00029957780498079956, 0.8623309135437012, 0.002919347258284688, 0.0, 0.0, 0.0, 0.0, 0.0, 0.0, 0.0, 0.0, 0.0, 0.0, 0.0, 0.0, 0.0, 0.0, 0.0, 0.0, 0.0, 0.0, 0.0, 0.0, 0.0, 0.0, 0.0, 0.0, 0.0, 0.0, 0.0, 0.0, 0.0, 0.0, 0.0], "bboxes": [[0.0, 0.0, 0.0, 0.0], [0.0, 0.0, 0.0, 0.0], [0.0, 0.0, 0.0, 0.0], [0.0, 0.0, 0.0, 0.0], [0.0, 0.0, 0.0, 0.0], [0.0, 0.0, 0.0, 0.0], [0.0, 0.0, 0.0, 0.0], [0.0, 0.0, 0.0, 0.0], [888.0, 477.0, 984.0, 496.0], [888.0, 477.0, 984.0, 496.0], [888.0, 477.0, 984.0, 496.0], [888.0, 477.0, 984.0, 496.0], [888.0, 477.0, 984.0, 496.0], [888.0, 477.0, 984.0, 496.0], [0.0, 0.0, 0.0, 0.0], [0.0, 0.0, 0.0, 0.0], [568.0, 301.0, 1560.0, 431.0], [0.0, 0.0, 0.0, 0.0], [0.0, 0.0, 0.0, 0.0], [0.0, 0.0, 0.0, 0.0], [0.0, 0.0, 0.0, 0.0], [0.0, 0.0, 0.0, 0.0], [0.0, 0.0, 0.0, 0.0], [881.0, 343.0, 1552.0, 496.0], [605.0, 301.0, 1562.0, 419.0], [0.0, 0.0, 0.0, 0.0], [0.0, 0.0, 0.0, 0.0], [0.0, 0.0, 0.0, 0.0], [0.0, 0.0, 0.0, 0.0], [0.0, 0.0, 0.0, 0.0], [0.0, 0.0, 0.0, 0.0], [0.0, 0.0, 0.0, 0.0], [513.0, 377.0, 729.0, 431.0], [513.0, 377.0, 729.0, 431.0], [513.0, 377.0, 729.0, 431.0], [513.0, 377.0, 729.0, 431.0], [0.0, 0.0, 0.0, 0.0], [0.0, 0.0, 0.0, 0.0], [0.0, 0.0, 0.0, 0.0], [0.0, 0.0, 0.0, 0.0], [0.0, 0.0, 0.0, 0.0], [0.0, 0.0, 0.0, 0.0], [0.0, 0.0, 0.0, 0.0], [0.0, 0.0, 0.0, 0.0], [0.0, 0.0, 0.0, 0.0], [0.0, 0.0, 0.0, 0.0], [0.0, 0.0, 0.0, 0.0], [0.0, 0.0, 0.0, 0.0], [0.0, 0.0, 0.0, 0.0], [0.0, 0.0, 0.0, 0.0], [0.0, 0.0, 0.0, 0.0], [0.0, 0.0, 0.0, 0.0], [0.0, 0.0, 0.0, 0.0], [592.0, 410.0, 619.0, 418.0], [0.0, 0.0, 0.0, 0.0], [0.0, 0.0, 0.0, 0.0], [0.0, 0.0, 0.0, 0.0], [0.0, 0.0, 0.0, 0.0], [0.0, 0.0, 0.0, 0.0], [0.0, 0.0, 0.0, 0.0], [397.0, 357.0, 1603.0, 1080.0], [586.0, 412.0, 617.0, 419.0], [586.0, 412.0, 617.0, 419.0], [586.0, 412.0, 617.0, 419.0], [591.0, 342.0, 707.0, 433.0], [591.0, 342.0, 707.0, 433.0], [591.0, 342.0, 707.0, 433.0], [591.0, 342.0, 707.0, 433.0], [591.0, 342.0, 707.0, 433.0], [0.0, 0.0, 0.0, 0.0], [0.0, 0.0, 0.0, 0.0], [0.0, 0.0, 0.0, 0.0], [0.0, 0.0, 0.0, 0.0], [0.0, 0.0, 0.0, 0.0], [0.0, 0.0, 0.0, 0.0], [0.0, 0.0, 0.0, 0.0], [0.0, 0.0, 0.0, 0.0], [0.0, 0.0, 0.0, 0.0], [0.0, 0.0, 0.0, 0.0], [0.0, 0.0, 0.0, 0.0], [0.0, 0.0, 0.0, 0.0], [0.0, 0.0, 0.0, 0.0], [0.0, 0.0, 0.0, 0.0], [0.0, 0.0, 0.0, 0.0], [0.0, 0.0, 0.0, 0.0], [0.0, 0.0, 0.0, 0.0], [0.0, 0.0, 0.0, 0.0], [0.0, 0.0, 0.0, 0.0], [0.0, 0.0, 0.0, 0.0], [0.0, 0.0, 0.0, 0.0], [0.0, 0.0, 0.0, 0.0], [0.0, 0.0, 0.0, 0.0], [0.0, 0.0, 0.0, 0.0], [0.0, 0.0, 0.0, 0.0], [0.0, 0.0, 0.0, 0.0], [0.0, 0.0, 0.0, 0.0], [0.0, 0.0, 0.0, 0.0], [0.0, 0.0, 0.0, 0.0], [0.0, 0.0, 0.0, 0.0], [0.0, 0.0, 0.0, 0.0]], "masks": [{"size": [1080, 1920], "counts": "PPYo1"}, {"size": [1080, 1920], "counts": "PPYo1"}, {"size": [1080, 1920], "counts": "PPYo1"}, {"size": [1080, 1920], "counts": "PPYo1"}, {"size": [1080, 1920], "counts": "PPYo1"}, {"size": [1080, 1920], "counts": "PPYo1"}, {"size": [1080, 1920], "counts": "PPYo1"}, {"size": [1080, 1920], "counts": "PPYo1"}, {"size": [1080, 1920], "counts": "nPYm01fQ13N0i]k0MYbTO4M000O101N101N2O1O001O00001O000O10000O10000000000000000000O100000000O1000000O1000000000000O100O2O0000000O100O1O1O10O1000O100O002O1NPgjn0"}, {"size": [1080, 1920], "counts": "nPYm01fQ13N0i]k0MYbTO4M000O101N101N2O1O001O00001O000O10000O10000000000000000000O100000000O1000000O1000000000000O100O2O0000000O100O1O1O10O1000O100O002O1NPgjn0"}, {"size": [1080, 1920], "counts": "nPYm01fQ13N0i]k0MYbTO4M000O101N101N2O1O001O00001O000O10000O10000000000000000000O100000000O1000000O1000000000000O100O2O0000000O100O1O1O10O1000O100O002O1NPgjn0"}, {"size": [1080, 1920], "counts": "nPYm01fQ13N0i]k0MYbTO4M000O101N101N2O1O001O00001O000O10000O10000000000000000000O100000000O1000000O1000000000000O100O2O0000000O100O1O1O10O1000O100O002O1NPgjn0"}, {"size": [1080, 1920], "counts": "nPYm01fQ13N0i]k0MYbTO4M000O101N101N2O1O001O00001O000O10000O10000000000000000000O100000000O1000000O1000000000000O100O2O0000000O100O1O1O10O1000O100O002O1NPgjn0"}, {"size": [1080, 1920], "counts": "nPYm01fQ13N0i]k0MYbTO4M000O101N101N2O1O001O00001O000O10000O10000000000000000000O100000000O1000000O1000000000000O100O2O0000000O100O1O1O10O1000O100O002O1NPgjn0"}, {"size": [1080, 1920], "counts": "PPYo1"}, {"size": [1080, 1920], "counts": "PPYo1"}, {"size": [1080, 1920], "counts": "b^gb01fQ14M10O1O1O01O001O1O10O0000001O10O1O1N1O101N10000O100O100O101O000O100O2O0O100O2O00001O00000001O00001O2N001_OlnN<YQ1O0000001O001O1O1O1O001O0000000000O2O00001O0001O01O1O010O01O1O1O1O0010O01O1NQg=NRYB1O00O10PQVk01nniTO3N1N2O0O1M2M5L3M4N1N2N2N1O1O20O0100O100O2N1O100O00100O001O010O100O010O1000O10001N101N2O01O01N3N3M1N2O2M3M3M3L5IQ\\k;"}, {"size": [1080, 1920], "counts": "PPYo1"}, {"size": [1080, 1920], "counts": "PPYo1"}, {"size": [1080, 1920], "counts": "PPYo1"}, {"size": [1080, 1920], "counts": "PPYo1"}, {"size": [1080, 1920], "counts": "PPYo1"}, {"size": [1080, 1920], "counts": "PPYo1"}, {"size": [1080, 1920], "counts": "edQm06bQ10000001N100O10000000000010O001O00001O00000000001O0000010O01O1O2O0N101O1O00010O000O2O000000001O000000000O100000000000O10001O0O10001O0O10000O101O0O100O2N1000000O2O1N^ogb0OdPX]O3bS20[lM01NH3610O2L81G3N1O0O100102LWiS<"}, {"size": [1080, 1920], "counts": "X_nc03cQ12O2O1N1fnNKQQ16knNMTQ1<O1O2O0001O0000001O1EmnNOTQ10mnNNUQ10lnN0UQ1OknN1WQ1LjnN4^Q1Olf=MWYB2M2O00001O01O001O1OV_Ql0Nk`nSO2H0dnN3ZQ18N0O100N2N2N2N2O1N1O2N2M2O2N2O1O100O100O1O1O1O100O1N2O1O100O100O1O1000O010O2O0O2O001N2O001O2M3M2O1N3N2N2M3L4L4K5K]Xi;"}, {"size": [1080, 1920], "counts": "PPYo1"}, {"size": [1080, 1920], "counts": "PPYo1"}, {"size": [1080, 1920], "counts": "PPYo1"}, {"size": [1080, 1920], "counts": "PPYo1"}, {"size": [1080, 1920], "counts": "PPYo1"}, {"size": [1080, 1920], "counts": "PPYo1"}, {"size": [1080, 1920], "counts": "PPYo1"}, {"size": [1080, 1920], "counts": "f]m`04dQ102N1OR^82laG00000O10001O000000000001OO1000M3OlQ11TnN1O1O2N10OO2N2O1N100O2O001O1N1O2N1O1N3N100O200O001O0O101N1001000O010O000001O010O001O0001O00001O000001O0010O0001O1O1O1O001O4M0O1O1O100CknN5]Q1O001O0000001O001N101O1N101OmTf0OTkYO2N1O1O01O001O001O00001O[\\70dcH2O1O00001O1O0001O00004L00dTf01ZkYO2O2M10000001O00000001O000001O0000001O00001O001O1O00kfWW1"}, {"size": [1080, 1920], "counts": "f]m`04dQ102N1OR^82laG00000O10001O000000000001OO1000M3OlQ11TnN1O1O2N10OO2N2O1N100O2O001O1N1O2N1O1N3N100O200O001O0O101N1001000O010O000001O010O001O0001O00001O000001O0010O0001O1O1O1O001O4M0O1O1O100CknN5]Q1O001O0000001O001N101O1N101OmTf0OTkYO2N1O1O01O001O001O00001O[\\70dcH2O1O00001O1O0001O00004L00dTf01ZkYO2O2M10000001O00000001O000001O0000001O00001O001O1O00kfWW1"}, {"size": [1080, 1920], "counts": "f]m`04dQ102N1OR^82laG00000O10001O000000000001OO1000M3OlQ11TnN1O1O2N10OO2N2O1N100O2O001O1N1O2N1O1N3N100O200O001O0O101N1001000O010O000001O010O001O0001O00001O000001O0010O0001O1O1O1O001O4M0O1O1O100CknN5]Q1O001O0000001O001N101O1N101OmTf0OTkYO2N1O1O01O001O001O00001O[\\70dcH2O1O00001O1O0001O00004L00dTf01ZkYO2O2M10000001O00000001O000001O0000001O00001O001O1O00kfWW1"}, {"size": [1080, 1920],