{"labels": [12, 2, 3, 4, 6, 7, 8, 10, 11, 12, 12, 2, 10, 12, 1, 6, 8, 2, 10, 2, 10, 12, 2, 10, 1, 10, 7, 8, 10, 12, 8, 12, 3, 4, 7, 8, 12, 10, 0, 8, 2, 3, 4, 10, 19, 10, 2, 3, 4, 7, 8, 10, 12, 1, 10, 19, 10, 2, 4, 7, 8, 10, 12, 19, 1, 6, 7, 8, 2, 10, 12, 0, 2, 3, 4, 6, 7, 8, 10, 12, 14, 15, 19, 20, 10, 8, 12, 2, 7, 10, 12, 19, 10, 2, 7, 8, 10, 12, 19, 2], "scores": [0.0005646936479024589, 0.0, 0.0, 0.0, 0.0, 0.0, 0.0, 0.0, 0.0, 0.0, 0.00020159446285106242, 0.00015927200729493052, 0.0005465628928504884, 0.0002536189276725054, 0.0007535048644058406, 0.0021927193738520145, 0.00028417090652510524, 0.00028269580798223615, 0.00048805715050548315, 0.0003213297459296882, 0.00040534036816097796, 0.00017341648344881833, 0.0, 0.0, 0.00023923149274196476, 0.00017406174447387457, 0.0004437387688085437, 0.0002501881681382656, 0.0005800289218313992, 0.00030189045355655253, 0.0007432614220306277, 0.00035082624526694417, 0.6764392256736755, 0.0002995888062287122, 0.0005370903527364135, 0.003462354652583599, 0.0004761831078212708, 0.0001907721016323194, 0.0008951844065450132, 0.0002025051653617993, 0.0, 0.0, 0.0, 0.0, 0.0, 0.00038436794420704246, 0.0002734576119109988, 0.00015482725575566292, 0.0001774481061147526, 0.0004814451967831701, 0.000196545704966411, 0.0007355865673162043, 0.0006077482248656452, 0.0005782403168268502, 0.0, 0.9837332963943481, 0.0, 0.0005338136688806117, 0.0005115699605084956, 0.000669828848913312, 0.00023612685617990792, 0.003759319195523858, 0.001944342046044767, 0.0001928103738464415, 0.0010955029865726829, 0.0003033011744264513, 0.000293297489406541, 0.3790530860424042, 0.0, 0.0, 0.0, 0.0, 0.0, 0.0, 0.0, 0.0, 0.0, 0.0, 0.0, 0.0, 0.0, 0.0, 0.0, 0.0, 0.00015891811926849186, 0.0002826545969583094, 0.0002867968869395554, 0.0008606103947386146, 0.0001849023246904835, 0.0006630197167396545, 0.00035279314033687115, 0.00019534933380782604, 0.0010900225024670362, 0.0, 0.0, 0.0, 0.0, 0.0, 0.0, 0.0001622935087652877], "bboxes": [[933.0, 469.0, 1005.0, 511.0], [0.0, 0.0, 0.0, 0.0], [0.0, 0.0, 0.0, 0.0], [0.0, 0.0, 0.0, 0.0], [0.0, 0.0, 0.0, 0.0], [0.0, 0.0, 0.0, 0.0], [0.0, 0.0, 0.0, 0.0], [0.0, 0.0, 0.0, 0.0], [0.0, 0.0, 0.0, 0.0], [0.0, 0.0, 0.0, 0.0], [948.0, 481.0, 993.0, 508.0], [438.0, 407.0, 581.0, 424.0], [438.0, 407.0, 581.0, 424.0], [438.0, 407.0, 581.0, 424.0], [881.0, 470.0, 1004.0, 512.0], [881.0, 470.0, 1004.0, 512.0], [881.0, 470.0, 1004.0, 512.0], [561.0, 409.0, 569.0, 415.0], [561.0, 409.0, 569.0, 415.0], [505.0, 405.0, 582.0, 422.0], [505.0, 405.0, 582.0, 422.0], [505.0, 405.0, 582.0, 422.0], [0.0, 0.0, 0.0, 0.0], [0.0, 0.0, 0.0, 0.0], [881.0, 470.0, 999.0, 510.0], [505.0, 418.0, 511.0, 422.0], [433.0, 409.0, 1001.0, 509.0], [433.0, 409.0, 1001.0, 509.0], [433.0, 409.0, 1001.0, 509.0], [433.0, 409.0, 1001.0, 509.0], [955.0, 485.0, 963.0, 495.0], [955.0, 485.0, 963.0, 495.0], [924.0, 468.0, 981.0, 507.0], [924.0, 468.0, 981.0, 507.0], [924.0, 468.0, 981.0, 507.0], [924.0, 468.0, 981.0, 507.0], [509.0, 406.0, 1000.0, 508.0], [558.0, 408.0, 964.0, 495.0], [946.0, 479.0, 1003.0, 510.0], [946.0, 479.0, 1003.0, 510.0], [0.0, 0.0, 0.0, 0.0], [0.0, 0.0, 0.0, 0.0], [0.0, 0.0, 0.0, 0.0], [0.0, 0.0, 0.0, 0.0], [0.0, 0.0, 0.0, 0.0], [904.0, 470.0, 980.0, 507.0], [957.0, 486.0, 965.0, 495.0], [957.0, 486.0, 965.0, 495.0], [957.0, 486.0, 965.0, 495.0], [957.0, 486.0, 965.0, 495.0], [957.0, 486.0, 965.0, 495.0], [957.0, 486.0, 965.0, 495.0], [957.0, 486.0, 965.0, 495.0], [885.0, 473.0, 977.0, 507.0], [0.0, 0.0, 0.0, 0.0], [401.0, 405.0, 1607.0, 1080.0], [0.0, 0.0, 0.0, 0.0], [473.0, 407.0, 581.0, 423.0], [473.0, 407.0, 581.0, 423.0], [473.0, 407.0, 581.0, 423.0], [473.0, 407.0, 581.0, 423.0], [473.0, 407.0, 581.0, 423.0], [473.0, 407.0, 581.0, 423.0], [473.0, 407.0, 581.0, 423.0], [883.0, 467.0, 972.0, 511.0], [883.0, 467.0, 972.0, 511.0], [883.0, 467.0, 972.0, 511.0], [883.0, 467.0, 972.0, 511.0], [0.0, 0.0, 0.0, 0.0], [0.0, 0.0, 0.0, 0.0], [0.0, 0.0, 0.0, 0.0], [0.0, 0.0, 0.0, 0.0], [0.0, 0.0, 0.0, 0.0], [0.0, 0.0, 0.0, 0.0], [0.0, 0.0, 0.0, 0.0], [0.0, 0.0, 0.0, 0.0], [0.0, 0.0, 0.0, 0.0], [0.0, 0.0, 0.0, 0.0], [0.0, 0.0, 0.0, 0.0], [0.0, 0.0, 0.0, 0.0], [0.0, 0.0, 0.0, 0.0], [0.0, 0.0, 0.0, 0.0], [0.0, 0.0, 0.0, 0.0], [0.0, 0.0, 0.0, 0.0], [558.0, 408.0, 962.0, 494.0], [895.0, 469.0, 984.0, 507.0], [903.0, 469.0, 987.0, 508.0], [561.0, 409.0, 578.0, 415.0], [561.0, 409.0, 578.0, 415.0], [561.0, 409.0, 578.0, 415.0], [561.0, 409.0, 578.0, 415.0], [561.0, 409.0, 578.0, 415.0], [436.0, 415.0, 459.0, 424.0], [0.0, 0.0, 0.0, 0.0], [0.0, 0.0, 0.0, 0.0], [0.0, 0.0, 0.0, 0.0], [0.0, 0.0, 0.0, 0.0], [0.0, 0.0, 0.0, 0.0], [0.0, 0.0, 0.0, 0.0], [436.0, 415.0, 459.0, 424.0]], "masks": [{"size": [1080, 1920], "counts": "l_hn06aQ13M2N2O0O2N100O2O0N2N3N1O1O1O101N10001O1O0010O1O01O001O010O0100O101N100O101N4L2O1N1O101N1O1O1O1O100N101O001O001O0000000000001O00001N100O1O101O^aTn0"}, {"size": [1080, 1920], "counts": "PPYo1"}, {"size": [1080, 1920], "counts": "PPYo1"}, {"size": [1080, 1920], "counts": "PPYo1"}, {"size": [1080, 1920], "counts": "PPYo1"}, {"size": [1080, 1920], "counts": "PPYo1"}, {"size": [1080, 1920], "counts": "PPYo1"}, {"size": [1080, 1920], "counts": "PPYo1"}, {"size": [1080, 1920], "counts": "PPYo1"}, {"size": [1080, 1920], "counts": "PPYo1"}, {"size": [1080, 1920], "counts": "WZXo04cQ12N2M3N2O0O20O01O1O01O010O0010O1O02O0O2N101N2O0000000O1O001O00100O1O001O000O10001O000000^Van0"}, {"size": [1080, 1920], "counts": "a[^>2fQ100000001OSW40lhK2O01NQSe00PmZO1O00OPW41nhK200001O1O1OeX53XgJ1O0001O1O00O101O0O100O10000000000O10000000O200O1O1N10ima0NYR^O1O00OmV42RiK1N2O0N3N10O100000OO010O110001N1000O1M3O101O0000001O00010O2OO1O010OO2OZjS\\1"}, {"size": [1080, 1920], "counts": "a[^>2fQ100000001OSW40lhK2O01NQSe00PmZO1O00OPW41nhK200001O1O1OeX53XgJ1O0001O1O00O101O0O100O10000000000O10000000O200O1O1N10ima0NYR^O1O00OmV42RiK1N2O0N3N10O100000OO010O110001N1000O1M3O101O0000001O00010O2OO1O010OO2OZjS\\1"}, {"size": [1080, 1920], "counts": "a[^>2fQ100000001OSW40lhK2O01NQSe00PmZO1O00OPW41nhK200001O1O1OeX53XgJ1O0001O1O00O101O0O100O10000000000O10000000O200O1O1N10ima0NYR^O1O00OmV42RiK1N2O0N3N10O100000OO010O110001N1000O1M3O101O0000001O00010O2OO1O010OO2OZjS\\1"}, {"size": [1080, 1920], "counts": "^dQm02fQ1022L2N1O1O001O00100O00100O1O100O1O1O1O10O01O1O001O1O001O1O1O1O1O001O1N2O1O010O000000000010O1000O0O100L30100O1000000O10O100000000000O100000001O0001O001O00100O2N1O100O1O1O100O1O2O1N2N2N2N1O1O1O1O1O001N2O00001O00001O00000000001N1000001N1O100O2O00VcUn0"}, {"size": [1080, 1920], "counts": "^dQm02fQ1022L2N1O1O001O00100O00100O1O100O1O1O1O10O01O1O001O1O001O1O1O1O1O001O1N2O1O010O000000000010O1000O0O100L30100O1000000O10O100000000000O100000001O0001O001O00100O2N1O100O1O1O100O1O2O1N2N2N2N1O1O1O1O1O001N2O00001O00001O00000000001N1000001N1O100O2O00VcUn0"}, {"size": [1080, 1920], "counts": "^dQm02fQ1022L2N1O1O001O00100O00100O1O100O1O1O1O10O01O1O001O1O001O1O1O1O1O001O1N2O1O010O000000000010O1000O0O100L30100O1000000O10O100000000000O100000001O0001O001O00100O2N1O100O1O1O100O1O2O1N2N2N2N1O1O1O1O1O001N2O00001O00001O00000000001N1000001N1O100O2O00VcUn0"}, {"size": [1080, 1920], "counts": "bR`b05cQ1O0O2O1000001O^_`\\1"}, {"size": [1080, 1920], "counts": "bR`b05cQ1O0O2O1000001O^_`\\1"}, {"size": [1080, 1920], "counts": "mPe`01fQ11fQ1O[nN1OOQoU10oPjN1M3O2O00000O1N1O0011001N101O00O1O1N2O20O000001O010O001O100O1O1O001NchR\\1"}, {"size": [1080, 1920], "counts": "mPe`01fQ11fQ1O[nN1OOQoU10oPjN1M3O2O00000O1N1O0011001N101O00O1O1N2O20O000001O010O001O100O1O1O001NchR\\1"}, {"size": [1080, 1920], "counts": "mPe`01fQ11fQ1O[nN1OOQoU10oPjN1M3O2O00000O1N1O0011001N101O00O1O1N2O20O000001O010O001O100O1O1O001NchR\\1"}, {"size": [1080, 1920], "counts": "PPYo1"}, {"size": [1080, 1920], "counts": "PPYo1"}, {"size": [1080, 1920], "counts": "^dQm01gQ10kQ10TnN3N2N001O0000100O1O10O0100O1O100O2N0010O01O001O1O001O1O1O1O1O001O1O00100O000000000100O010O00O101O000O10000O001O0O200000000O100O10000000001O01O00010O2N1O2N2OO01O010O2N1O3M2O1N1O2O0O1O001O1N2O001O1O00001O000000001O0000000O10000O2OnkZn0"}, {"size": [1080, 1920],