{"labels": [10, 12, 2, 3, 4, 6, 7, 8, 10, 11, 12, 12, 10, 12, 1, 6, 2, 10, 2, 10, 12, 2, 10, 2, 8, 10, 7, 10, 12, 8, 3, 4, 7, 8, 7, 12, 10, 2, 10, 0, 10, 10, 2, 3, 4, 7, 10, 12, 19, 2, 3, 7, 10, 12, 2, 10, 19, 10, 2, 4, 7, 10, 12, 1, 4, 6, 7, 8, 10, 2, 10, 12, 2, 3, 4, 6, 7, 10, 12, 14, 19, 2, 2, 4, 7, 10, 12, 19, 2, 10, 12, 2, 7, 8, 10, 12, 19, 1, 8, 12], "scores": [0.0, 0.0, 0.0, 0.0, 0.0, 0.0, 0.0, 0.0, 0.0, 0.0, 0.0, 0.0, 0.00041555636562407017, 0.0001421133492840454, 0.00029407517286017537, 0.0007722556474618614, 0.0, 0.0, 0.00011953159264521673, 0.00017141274292953312, 0.00012819796393159777, 0.0, 0.0, 0.0, 0.0, 0.0, 0.0004281043657101691, 0.00036475626984611154, 0.00016878795577213168, 0.0007000204059295356, 0.7029852271080017, 0.0008169743814505637, 0.0006691022426821291, 0.0021144351921975613, 0.00028647680301219225, 0.000119239732157439, 0.0, 0.00012637549662031233, 0.00019666469597723335, 0.0005783071392215788, 0.00014661744353361428, 0.0006379011319950223, 0.0, 0.0, 0.0, 0.0, 0.0, 0.0, 0.0, 0.0001710835931589827, 0.00023942494590301067, 0.0004034170997329056, 0.0004520233196672052, 0.0005509858019649982, 0.0, 0.0, 0.9861059188842773, 0.000175020337337628, 0.0003605558886192739, 0.00022872112458571792, 0.00034799741115421057, 0.0014692592667415738, 0.0011064244899898767, 0.003248772118240595, 0.00021507956262212247, 0.0006666801054961979, 0.0005809763097204268, 0.5035933256149292, 0.0010920526692643762, 0.0, 0.0, 0.0, 0.0, 0.0, 0.0, 0.0, 0.0, 0.0, 0.0, 0.0, 0.0, 0.0, 0.0, 0.0, 0.0, 0.0, 0.0, 0.0, 0.0, 0.0, 0.0, 0.0, 0.0, 0.0, 0.0, 0.0, 0.0, 0.0004897221806459129, 0.00019597201026044786, 0.00018125925271306187], "bboxes": [[0.0, 0.0, 0.0, 0.0], [0.0, 0.0, 0.0, 0.0], [0.0, 0.0, 0.0, 0.0], [0.0, 0.0, 0.0, 0.0], [0.0, 0.0, 0.0, 0.0], [0.0, 0.0, 0.0, 0.0], [0.0, 0.0, 0.0, 0.0], [0.0, 0.0, 0.0, 0.0], [0.0, 0.0, 0.0, 0.0], [0.0, 0.0, 0.0, 0.0], [0.0, 0.0, 0.0, 0.0], [0.0, 0.0, 0.0, 0.0], [444.0, 413.0, 579.0, 435.0], [444.0, 413.0, 579.0, 435.0], [865.0, 466.0, 985.0, 511.0], [865.0, 466.0, 985.0, 511.0], [0.0, 0.0, 0.0, 0.0], [0.0, 0.0, 0.0, 0.0], [489.0, 414.0, 573.0, 431.0], [489.0, 414.0, 573.0, 431.0], [489.0, 414.0, 573.0, 431.0], [0.0, 0.0, 0.0, 0.0], [0.0, 0.0, 0.0, 0.0], [0.0, 0.0, 0.0, 0.0], [0.0, 0.0, 0.0, 0.0], [0.0, 0.0, 0.0, 0.0], [453.0, 413.0, 966.0, 500.0], [453.0, 413.0, 966.0, 500.0], [453.0, 413.0, 966.0, 500.0], [927.0, 480.0, 944.0, 491.0], [914.0, 469.0, 975.0, 507.0], [914.0, 469.0, 975.0, 507.0], [914.0, 469.0, 975.0, 507.0], [914.0, 469.0, 975.0, 507.0], [913.0, 468.0, 989.0, 509.0], [555.0, 415.0, 955.0, 494.0], [0.0, 0.0, 0.0, 0.0], [569.0, 418.0, 570.0, 419.0], [569.0, 418.0, 570.0, 419.0], [937.0, 482.0, 967.0, 502.0], [937.0, 482.0, 967.0, 502.0], [918.0, 470.0, 968.0, 503.0], [0.0, 0.0, 0.0, 0.0], [0.0, 0.0, 0.0, 0.0], [0.0, 0.0, 0.0, 0.0], [0.0, 0.0, 0.0, 0.0], [0.0, 0.0, 0.0, 0.0], [0.0, 0.0, 0.0, 0.0], [0.0, 0.0, 0.0, 0.0], [453.0, 414.0, 571.0, 433.0], [453.0, 414.0, 571.0, 433.0], [453.0, 414.0, 571.0, 433.0], [453.0, 414.0, 571.0, 433.0], [453.0, 414.0, 571.0, 433.0], [0.0, 0.0, 0.0, 0.0], [0.0, 0.0, 0.0, 0.0], [400.0, 401.0, 1605.0, 1080.0], [431.0, 423.0, 541.0, 437.0], [502.0, 413.0, 572.0, 431.0], [502.0, 413.0, 572.0, 431.0], [502.0, 413.0, 572.0, 431.0], [502.0, 413.0, 572.0, 431.0], [502.0, 413.0, 572.0, 431.0], [856.0, 453.0, 955.0, 499.0], [856.0, 453.0, 955.0, 499.0], [856.0, 453.0, 955.0, 499.0], [856.0, 453.0, 955.0, 499.0], [856.0, 453.0, 955.0, 499.0], [856.0, 453.0, 955.0, 499.0], [0.0, 0.0, 0.0, 0.0], [0.0, 0.0, 0.0, 0.0], [0.0, 0.0, 0.0, 0.0], [0.0, 0.0, 0.0, 0.0], [0.0, 0.0, 0.0, 0.0], [0.0, 0.0, 0.0, 0.0], [0.0, 0.0, 0.0, 0.0], [0.0, 0.0, 0.0, 0.0], [0.0, 0.0, 0.0, 0.0], [0.0, 0.0, 0.0, 0.0], [0.0, 0.0, 0.0, 0.0], [0.0, 0.0, 0.0, 0.0], [0.0, 0.0, 0.0, 0.0], [0.0, 0.0, 0.0, 0.0], [0.0, 0.0, 0.0, 0.0], [0.0, 0.0, 0.0, 0.0], [0.0, 0.0, 0.0, 0.0], [0.0, 0.0, 0.0, 0.0], [0.0, 0.0, 0.0, 0.0], [0.0, 0.0, 0.0, 0.0], [0.0, 0.0, 0.0, 0.0], [0.0, 0.0, 0.0, 0.0], [0.0, 0.0, 0.0, 0.0], [0.0, 0.0, 0.0, 0.0], [0.0, 0.0, 0.0, 0.0], [0.0, 0.0, 0.0, 0.0], [0.0, 0.0, 0.0, 0.0], [0.0, 0.0, 0.0, 0.0], [898.0, 472.0, 984.0, 508.0], [898.0, 472.0, 984.0, 508.0], [856.0, 453.0, 955.0, 499.0]], "masks": [{"size": [1080, 1920], "counts": "PPYo1"}, {"size": [1080, 1920], "counts": "PPYo1"}, {"size": [1080, 1920], "counts": "PPYo1"}, {"size": [1080, 1920], "counts": "PPYo1"}, {"size": [1080, 1920], "counts": "PPYo1"}, {"size": [1080, 1920], "counts": "PPYo1"}, {"size": [1080, 1920], "counts": "PPYo1"}, {"size": [1080, 1920], "counts": "PPYo1"}, {"size": [1080, 1920], "counts": "PPYo1"}, {"size": [1080, 1920], "counts": "PPYo1"}, {"size": [1080, 1920], "counts": "PPYo1"}, {"size": [1080, 1920], "counts": "PPYo1"}, {"size": [1080, 1920], "counts": "]fd>2fQ100000bS21[lM101000000000O100001O00O1000001N1000hQ1OYnN1N2O1O00O2O`S2OalM1N100O1O1O100000000001O00001OO2O1O00000000000000001O000O10000O1000O0100000O101N2O1N10O1000000O1000O020O001O001O001O00000000O100O1O1O00000010OO2O00L3201N101O00O2O00000O2O0000010O01O01N2OSW4NPiKObmU\\1"}, {"size": [1080, 1920], "counts": "]fd>2fQ100000bS21[lM101000000000O100001O00O1000001N1000hQ1OYnN1N2O1O00O2O`S2OalM1N100O1O1O100000000001O00001OO2O1O00000000000000001O000O10000O1000O0100000O101N2O1N10O1000000O1000O020O001O001O001O00000000O100O1O1O00000010OO2O00L3201N101O00O2O00000O2O0000010O01O01N2OSW4NPiKObmU\\1"}, {"size": [1080, 1920], "counts": "Zh`l01gQ13M1O001O100O1O0010000O1O10O1000O010O001O00100O0010O01O001O001O00001O1N10100O001O00010O00000O1000000001OO101N1O101O000O101O000000001O0000010O0001O001O010O001O10O01O0000010O001O10O01O2O0O100O100O100O010O1O1O2N100O001O1O0O2O001O0O2O000O2O0O`din0"}, {"size": [1080, 1920], "counts": "Zh`l01gQ13M1O001O100O1O0010000O1O10O1000O010O001O00100O0010O01O001O001O00001O1N10100O001O00010O00000O1000000001OO101N1O101O000O101O000000001O0000010O0001O001O010O001O10O01O0000010O001O10O01O2O0O100O100O100O010O1O1O2N100O001O1O0O2O001O0O2O000O2O0O`din0"}, {"size": [1080, 1920], "counts": "PPYo1"}, {"size": [1080, 1920], "counts": "PPYo1"}, {"size": [1080, 1920], "counts": "UUT`01gQ10P^81oaG0000000000000001OlV43QiKO^kS10cTlN0cQ1N^nN2M200O2O1O00O101O0O1000001O01O1O1O01N2NWX\\\\1"}, {"size": [1080, 1920], "counts": "UUT`01gQ10P^81oaG0000000000000001OlV43QiKO^kS10cTlN0cQ1N^nN2M200O2O1O00O101O0O1000001O01O1O1O01N2NWX\\\\1"}, {"size": [1080, 1920], "counts": "UUT`01gQ10P^81oaG0000000000000001OlV43QiKO^kS10cTlN0cQ1N^nN2M200O2O1O00O101O0O1000001O01O1O1O01N2NWX\\\\1"}, {"size": [1080, 1920], "counts": "PPYo1"}, {"size": [1080, 1920], "counts": "PPYo1"}, {"size": [1080, 1920], "counts": "PPYo1"}, {"size": [1080, 1920], "counts": "PPYo1"}, {"size": [1080, 1920], "counts": "PPYo1"}, {"size": [1080, 1920], "counts": "UVn>1gQ10hec10XZ\\N1O00OVU32hjL2O00O1O1OinU10WQjN1O1O2N1010N1O2O2M10Ufj;0kYUD1N3N1O1O2M2O1O001N2O000001O00100O1O010O0001O00010O01O101N01000O10O10O2N2O1N001O1O1Noe]o0"}, {"size": [1080, 1920], "counts": "UVn>1gQ10hec10XZ\\N1O00OVU32hjL2O00O1O1OinU10WQjN1O1O2N1010N1O2O2M10Ufj;0kYUD1N3N1O1O2M2O1O001N2O000001O00100O1O010O0001O00010O01O101N01000O10O10O2N2O1N001O1O1Noe]o0"}, {"size": [1080, 1920], "counts": "UVn>1gQ10hec10XZ\\N1O00OVU32hjL2O00O1O1OinU10WQjN1O1O2N1010N1O2O2M10Ufj;0kYUD1N3N1O1O2M2O1O001N2O000001O00100O1O010O0001O00010O01O101N01000O10O10O2N2O1N001O1O1Noe]o0"}, {"size": [1080, 1920], "counts": "ZUbn01fQ14L4M1O001O0000000001O1O2N1O1O2MilTP1"}, {"size": [1080, 1920], "counts": "[^Tn05bQ13N1O1N2M4M3M3N001O001O000000001O001O00010O0010O00100O0010O0001O0001O01O1O100O100O1O100O2N100O100O100O1O102M2N2N1O2N1O0OPVTo0"}, {"size": [1080, 1920], "counts": "[^Tn05bQ13N1O1N2M4M3M3N001O001O000000001O001O00010O0010O00100O0010O0001O0001O01O1O100O100O1O100O2N100O100O100O1O102M2N2N1O2N1O0OPVTo0"}, {"size": [1080, 1920], "counts": "[^Tn05bQ13N1O1N2M4M3M3N001O001O000000001O001O00010O0010O00100O0010O0001O0001O01O1O100O100O1O100O2N100O100O100O1O102M2N2N1O2N1O0OPVTo0"}, {"size": [1080, 1920],