{"labels": [7, 10, 12, 12, 2, 3, 4, 6, 7, 8, 10, 11, 12, 1, 6, 8, 10, 10, 2, 10, 12, 2, 10, 2, 10, 4, 8, 10, 7, 10, 12, 8, 1, 3, 4, 7, 8, 10, 12, 7, 0, 2, 3, 4, 7, 10, 12, 19, 10, 2, 3, 7, 10, 12, 1, 2, 10, 19, 2, 3, 4, 7, 10, 12, 1, 3, 4, 6, 7, 8, 10, 11, 12, 19, 7, 12, 19, 0, 2, 3, 4, 6, 7, 8, 10, 12, 19, 10, 2, 12, 2, 19, 2, 4, 7, 8, 10, 12, 19, 2], "scores": [0.0, 0.0, 0.0, 0.00023812947620172054, 0.0, 0.0, 0.0, 0.0, 0.0, 0.0, 0.0, 0.0, 0.0, 0.0006865745526738465, 0.003678884357213974, 0.00030763036920689046, 0.00019700512348208576, 0.0, 0.0, 0.0, 0.0, 0.0, 0.0, 0.0, 0.0, 0.0001422051282133907, 0.00031949649564921856, 0.0004165676946286112, 0.00018184338114224374, 0.00012743707338813692, 0.0001456264144508168, 0.0002332063450012356, 0.00015196164895314723, 0.4994308054447174, 0.00044454768067225814, 0.0009216399630531669, 0.0022189675364643335, 0.0002156153495889157, 0.0, 0.0002480167313478887, 0.0001561746175866574, 0.0, 0.0, 0.0, 0.0, 0.0, 0.0, 0.0, 0.0, 0.0, 0.0, 0.0, 0.0, 0.0, 0.00019725156016647816, 0.0, 0.0, 0.9855462312698364, 0.0, 0.0, 0.0, 0.0, 0.0, 0.0, 0.0, 0.0, 0.0, 0.0, 0.0, 0.0, 0.0, 0.0, 0.0, 0.0, 0.0, 0.0, 0.0, 0.0, 0.0, 0.0, 0.0, 0.0, 0.0, 0.0, 0.0, 0.0, 0.0, 0.0, 0.0, 0.0, 0.0, 0.0, 0.0, 0.0, 0.0, 0.0, 0.0, 0.0, 0.0, 0.00012483561295084655], "bboxes": [[0.0, 0.0, 0.0, 0.0], [0.0, 0.0, 0.0, 0.0], [0.0, 0.0, 0.0, 0.0], [710.0, 1078.0, 721.0, 1080.0], [0.0, 0.0, 0.0, 0.0], [0.0, 0.0, 0.0, 0.0], [0.0, 0.0, 0.0, 0.0], [0.0, 0.0, 0.0, 0.0], [0.0, 0.0, 0.0, 0.0], [0.0, 0.0, 0.0, 0.0], [0.0, 0.0, 0.0, 0.0], [0.0, 0.0, 0.0, 0.0], [0.0, 0.0, 0.0, 0.0], [827.0, 459.0, 960.0, 511.0], [827.0, 459.0, 960.0, 511.0], [827.0, 459.0, 960.0, 511.0], [827.0, 459.0, 960.0, 511.0], [0.0, 0.0, 0.0, 0.0], [0.0, 0.0, 0.0, 0.0], [0.0, 0.0, 0.0, 0.0], [0.0, 0.0, 0.0, 0.0], [0.0, 0.0, 0.0, 0.0], [0.0, 0.0, 0.0, 0.0], [0.0, 0.0, 0.0, 0.0], [0.0, 0.0, 0.0, 0.0], [919.0, 481.0, 932.0, 491.0], [919.0, 481.0, 932.0, 491.0], [919.0, 481.0, 932.0, 491.0], [447.0, 438.0, 471.0, 443.0], [447.0, 438.0, 471.0, 443.0], [447.0, 438.0, 471.0, 443.0], [834.0, 461.0, 955.0, 506.0], [834.0, 457.0, 958.0, 506.0], [834.0, 457.0, 958.0, 506.0], [834.0, 457.0, 958.0, 506.0], [834.0, 457.0, 958.0, 506.0], [834.0, 457.0, 958.0, 506.0], [834.0, 457.0, 958.0, 506.0], [0.0, 0.0, 0.0, 0.0], [920.0, 481.0, 941.0, 495.0], [902.0, 475.0, 955.0, 505.0], [0.0, 0.0, 0.0, 0.0], [0.0, 0.0, 0.0, 0.0], [0.0, 0.0, 0.0, 0.0], [0.0, 0.0, 0.0, 0.0], [0.0, 0.0, 0.0, 0.0], [0.0, 0.0, 0.0, 0.0], [0.0, 0.0, 0.0, 0.0], [0.0, 0.0, 0.0, 0.0], [0.0, 0.0, 0.0, 0.0], [0.0, 0.0, 0.0, 0.0], [0.0, 0.0, 0.0, 0.0], [0.0, 0.0, 0.0, 0.0], [0.0, 0.0, 0.0, 0.0], [828.0, 459.0, 955.0, 507.0], [0.0, 0.0, 0.0, 0.0], [0.0, 0.0, 0.0, 0.0], [400.0, 424.0, 1603.0, 1080.0], [0.0, 0.0, 0.0, 0.0], [0.0, 0.0, 0.0, 0.0], [0.0, 0.0, 0.0, 0.0], [0.0, 0.0, 0.0, 0.0], [0.0, 0.0, 0.0, 0.0], [0.0, 0.0, 0.0, 0.0], [0.0, 0.0, 0.0, 0.0], [0.0, 0.0, 0.0, 0.0], [0.0, 0.0, 0.0, 0.0], [0.0, 0.0, 0.0, 0.0], [0.0, 0.0, 0.0, 0.0], [0.0, 0.0, 0.0, 0.0], [0.0, 0.0, 0.0, 0.0], [0.0, 0.0, 0.0, 0.0], [0.0, 0.0, 0.0, 0.0], [0.0, 0.0, 0.0, 0.0], [0.0, 0.0, 0.0, 0.0], [0.0, 0.0, 0.0, 0.0], [0.0, 0.0, 0.0, 0.0], [0.0, 0.0, 0.0, 0.0], [0.0, 0.0, 0.0, 0.0], [0.0, 0.0, 0.0, 0.0], [0.0, 0.0, 0.0, 0.0], [0.0, 0.0, 0.0, 0.0], [0.0, 0.0, 0.0, 0.0], [0.0, 0.0, 0.0, 0.0], [0.0, 0.0, 0.0, 0.0], [0.0, 0.0, 0.0, 0.0], [0.0, 0.0, 0.0, 0.0], [0.0, 0.0, 0.0, 0.0], [0.0, 0.0, 0.0, 0.0], [0.0, 0.0, 0.0, 0.0], [0.0, 0.0, 0.0, 0.0], [0.0, 0.0, 0.0, 0.0], [0.0, 0.0, 0.0, 0.0], [0.0, 0.0, 0.0, 0.0], [0.0, 0.0, 0.0, 0.0], [0.0, 0.0, 0.0, 0.0], [0.0, 0.0, 0.0, 0.0], [0.0, 0.0, 0.0, 0.0], [0.0, 0.0, 0.0, 0.0], [834.0, 457.0, 958.0, 506.0]], "masks": [{"size": [1080, 1920], "counts": "PPYo1"}, {"size": [1080, 1920], "counts": "PPYo1"}, {"size": [1080, 1920], "counts": "PPYo1"}, {"size": [1080, 1920], "counts": "Vl]g02fQ10000000000000001O00a`_W1"}, {"size": [1080, 1920], "counts": "PPYo1"}, {"size": [1080, 1920], "counts": "PPYo1"}, {"size": [1080, 1920], "counts": "PPYo1"}, {"size": [1080, 1920], "counts": "PPYo1"}, {"size": [1080, 1920], "counts": "PPYo1"}, {"size": [1080, 1920], "counts": "PPYo1"}, {"size": [1080, 1920], "counts": "PPYo1"}, {"size": [1080, 1920], "counts": "PPYo1"}, {"size": [1080, 1920], "counts": "PPYo1"}, {"size": [1080, 1920], "counts": "eeXk03eQ11O2N1N101O1O1N2O001O1O1O1O1O001O1O1O010O1O1O01O01O00010O1O001O001O001O001O1O0000001N1000001O0001O000000000000010O0001N1000000000000000001O01O00010O0001O01O001O00100O001O001O001O010O00001O00010O001O00010O001O100O001O1O00100O00100O10O0100O1O100O2O1N1O100O100O1O001N[Pdo0"}, {"size": [1080, 1920], "counts": "eeXk03eQ11O2N1N101O1O1N2O001O1O1O1O1O001O1O1O010O1O1O01O01O00010O1O001O001O001O001O1O0000001N1000001O0001O000000000000010O0001N1000000000000000001O01O00010O0001O01O001O00100O001O001O001O010O00001O00010O001O00010O001O100O001O1O00100O00100O10O0100O1O100O2O1N1O100O100O1O001N[Pdo0"}, {"size": [1080, 1920], "counts": "eeXk03eQ11O2N1N101O1O1N2O001O1O1O1O1O001O1O1O010O1O1O01O01O00010O1O001O001O001O001O1O0000001N1000001O0001O000000000000010O0001N1000000000000000001O01O00010O0001O01O001O00100O001O001O001O010O00001O00010O001O00010O001O100O001O1O00100O00100O10O0100O1O100O2O1N1O100O100O1O001N[Pdo0"}, {"size": [1080, 1920], "counts": "eeXk03eQ11O2N1N101O1O1N2O001O1O1O1O1O001O1O1O010O1O1O01O01O00010O1O001O001O001O001O1O0000001N1000001O0001O000000000000010O0001N1000000000000000001O01O00010O0001O01O001O00100O001O001O001O010O00001O00010O001O00010O001O100O001O1O00100O00100O10O0100O1O100O2O1N1O100O100O1O001N[Pdo0"}, {"size": [1080, 1920], "counts": "PPYo1"}, {"size": [1080, 1920], "counts": "PPYo1"}, {"size": [1080, 1920], "counts": "PPYo1"}, {"size": [1080, 1920], "counts": "PPYo1"}, {"size": [1080, 1920], "counts": "PPYo1"}, {"size": [1080, 1920], "counts": "PPYo1"}, {"size": [1080, 1920], "counts": "PPYo1"}, {"size": [1080, 1920], "counts": "PPYo1"}, {"size": [1080, 1920], "counts": "ZgYn01fQ12O2N1O1O10O00010O010O1NlaaP1"}, {"size": [1080, 1920], "counts": "ZgYn01fQ12O2N1O1O10O00010O010O1NlaaP1"}, {"size": [1080, 1920], "counts": "ZgYn01fQ12O2N1O1O10O00010O010O1NlaaP1"}, {"size": [1080, 1920], "counts": "nkg>2fQ12N1O02Mjma0OXR^O0oig_1"}, {"size": [1080, 1920], "counts": "nkg>2fQ12N1O02Mjma0OXR^O0oig_1"}, {"size": [1080, 1920], "counts": "nkg>2fQ12N1O02Mjma0OXR^O0oig_1"}, {"size": [1080, 1920], "counts": "nQ`k01fQ13N1O1O001O1O1O100O1O1O010O10O10O001O0O2O00001O0O1000001O001O001O00000O10001O1O0010O0001O00001N110O001O0O2O0000001O0000010O00000010O0000010O00010O1O001O0010O01O001O010O00001O000010O0001O001O010O1O1O0010O01O1O100O100O1O1O010O1O2N2O0O2N1O2O0NTYio0"}, {"size": [1080, 1920], "counts": "mQ`k01dQ15N1N2O00001O1O100O1O1000O100FenN6ZQ1HhnN8\\Q11O00000O2N100001N2FP^^10YbaN0gX51SgJ6N1O2N101N101N1O101O0O1000001O000010O010O01O0001O100O1O10O01O100O1O100O102N1N3N0O1O1O0N3NkSfo0"}, {"size": [1080, 1920], "counts": "mQ`k01dQ15N1N2O00001O1O100O1O1000O100FenN6ZQ1HhnN8\\Q11O00000O2N100001N2FP^^10YbaN0gX51SgJ6N1O2N101N101N1O101O0O1000001O000010O010O01O0001O100O1O10O01O100O1O100O102N1N3N0O1O1O0N3NkSfo0"}, {"size": [1080, 1920], "counts": "mQ`k01dQ15N1N2O00001O1O100O1O1000O100FenN6ZQ1HhnN8\\Q11O00000O2N100001N2FP^^10YbaN0gX51SgJ6N1O2N101N101N1O101O0O1000001O000010O010O01O0001O100O1O10O01O100O1O100O102N1N3N0O1O1O0N3NkSfo0"}, {"size": [1080, 1920], "counts": "mQ`k01dQ15N1N2O00001O1O100O1O1000O100FenN6ZQ1HhnN8\\Q11O00000O2N100001N2FP^^10YbaN0gX51SgJ6N1O2N101N101N1O101O0O1000001O000010O010O01O0001O100O1O10O01O100O1O100O102N1N3N0O1O1O0N3NkSfo0"}, {"size": [1080, 1920], "counts": "mQ`k01dQ15N1N2O00001O1O100O1O1000O100FenN6ZQ1HhnN8\\Q11O00000O2N100001N2FP^^10YbaN0gX51SgJ6N1O2N101N101N1O101O0O1000001O000010O010O01O0001O100O1O10O01O100O1O100O102N1N3N0O1O1O0N3NkSfo0"}, {"size": [1080, 1920], "counts": "mQ`k01dQ15N1N2O00001O1O100O1O1000O100FenN6ZQ1HhnN8\\Q11O00000O2N100001N2FP^^10YbaN0gX51SgJ6N1O2N101N101N1O101O0O1000001O000010O010O01O0001O100O1O10O01O100O1O100O102N1N3N0O1O1O0N3NkSfo0"}, {"size": [1080, 1920],