{"labels": [12, 12, 2, 3, 4, 6, 7, 8, 10, 11, 12, 12, 1, 6, 8, 10, 12, 10, 12, 2, 10, 1, 6, 2, 10, 12, 2, 7, 10, 12, 7, 10, 12, 3, 4, 8, 12, 0, 10, 2, 3, 4, 7, 10, 12, 19, 10, 2, 3, 7, 10, 12, 2, 8, 10, 19, 10, 2, 3, 7, 10, 12, 1, 3, 6, 7, 8, 10, 11, 12, 19, 10, 2, 10, 1, 2, 3, 4, 7, 8, 10, 14, 19, 21, 10, 10, 12, 2, 12, 19, 10, 2, 7, 8, 10, 12, 19, 10, 12, 2], "scores": [0.0, 0.00015716587950009853, 0.0, 0.0, 0.0, 0.0, 0.0, 0.0, 0.0, 0.0, 0.0, 0.0, 0.001069103367626667, 0.007448881398886442, 0.00018404364527668804, 0.0, 0.00025345527683384717, 0.0, 0.0, 0.0, 0.0, 0.0004914188175462186, 0.00021769340673927218, 0.0, 0.0, 0.0, 0.0, 0.0, 0.0, 0.00019338524725753814, 0.0, 0.0, 0.0, 0.5812119245529175, 0.00026886575506068766, 0.0004911560099571943, 0.0, 0.00019044883083552122, 0.00047493117745034397, 0.0, 0.0, 0.0, 0.0, 0.0, 0.0, 0.0, 0.0, 0.0, 0.0, 0.0, 0.0, 0.0, 0.0, 0.0, 0.0, 0.9819457530975342, 0.00022996627376414835, 0.00016392483667004853, 0.00011092270142398775, 0.00016575527843087912, 0.0006829093908891082, 0.0007814787677489221, 0.0, 0.0, 0.0, 0.0, 0.0, 0.0, 0.0, 0.0, 0.0, 0.0, 0.0, 0.0, 0.0, 0.0, 0.0, 0.0, 0.0, 0.0, 0.0, 0.0, 0.0, 0.0, 0.0, 0.0, 0.0, 0.0, 0.0, 0.0, 0.0, 0.0, 0.0, 0.0, 0.0, 0.0, 0.0, 0.0004477612965274602, 0.00030109944054856896, 0.0], "bboxes": [[0.0, 0.0, 0.0, 0.0], [880.0, 481.0, 951.0, 513.0], [0.0, 0.0, 0.0, 0.0], [0.0, 0.0, 0.0, 0.0], [0.0, 0.0, 0.0, 0.0], [0.0, 0.0, 0.0, 0.0], [0.0, 0.0, 0.0, 0.0], [0.0, 0.0, 0.0, 0.0], [0.0, 0.0, 0.0, 0.0], [0.0, 0.0, 0.0, 0.0], [0.0, 0.0, 0.0, 0.0], [0.0, 0.0, 0.0, 0.0], [822.0, 462.0, 985.0, 531.0], [822.0, 462.0, 985.0, 531.0], [822.0, 462.0, 985.0, 531.0], [0.0, 0.0, 0.0, 0.0], [877.0, 479.0, 963.0, 517.0], [0.0, 0.0, 0.0, 0.0], [0.0, 0.0, 0.0, 0.0], [0.0, 0.0, 0.0, 0.0], [0.0, 0.0, 0.0, 0.0], [825.0, 460.0, 1403.0, 525.0], [825.0, 460.0, 1403.0, 525.0], [0.0, 0.0, 0.0, 0.0], [0.0, 0.0, 0.0, 0.0], [0.0, 0.0, 0.0, 0.0], [0.0, 0.0, 0.0, 0.0], [0.0, 0.0, 0.0, 0.0], [0.0, 0.0, 0.0, 0.0], [885.0, 481.0, 960.0, 516.0], [0.0, 0.0, 0.0, 0.0], [0.0, 0.0, 0.0, 0.0], [0.0, 0.0, 0.0, 0.0], [829.0, 466.0, 965.0, 523.0], [829.0, 466.0, 965.0, 523.0], [829.0, 466.0, 965.0, 523.0], [0.0, 0.0, 0.0, 0.0], [871.0, 477.0, 974.0, 520.0], [866.0, 469.0, 963.0, 517.0], [0.0, 0.0, 0.0, 0.0], [0.0, 0.0, 0.0, 0.0], [0.0, 0.0, 0.0, 0.0], [0.0, 0.0, 0.0, 0.0], [0.0, 0.0, 0.0, 0.0], [0.0, 0.0, 0.0, 0.0], [0.0, 0.0, 0.0, 0.0], [0.0, 0.0, 0.0, 0.0], [0.0, 0.0, 0.0, 0.0], [0.0, 0.0, 0.0, 0.0], [0.0, 0.0, 0.0, 0.0], [0.0, 0.0, 0.0, 0.0], [0.0, 0.0, 0.0, 0.0], [0.0, 0.0, 0.0, 0.0], [0.0, 0.0, 0.0, 0.0], [0.0, 0.0, 0.0, 0.0], [400.0, 425.0, 1604.0, 1080.0], [849.0, 461.0, 1395.0, 519.0], [534.0, 446.0, 535.0, 447.0], [534.0, 446.0, 535.0, 447.0], [534.0, 446.0, 535.0, 447.0], [534.0, 446.0, 535.0, 447.0], [534.0, 446.0, 535.0, 447.0], [0.0, 0.0, 0.0, 0.0], [0.0, 0.0, 0.0, 0.0], [0.0, 0.0, 0.0, 0.0], [0.0, 0.0, 0.0, 0.0], [0.0, 0.0, 0.0, 0.0], [0.0, 0.0, 0.0, 0.0], [0.0, 0.0, 0.0, 0.0], [0.0, 0.0, 0.0, 0.0], [0.0, 0.0, 0.0, 0.0], [0.0, 0.0, 0.0, 0.0], [0.0, 0.0, 0.0, 0.0], [0.0, 0.0, 0.0, 0.0], [0.0, 0.0, 0.0, 0.0], [0.0, 0.0, 0.0, 0.0], [0.0, 0.0, 0.0, 0.0], [0.0, 0.0, 0.0, 0.0], [0.0, 0.0, 0.0, 0.0], [0.0, 0.0, 0.0, 0.0], [0.0, 0.0, 0.0, 0.0], [0.0, 0.0, 0.0, 0.0], [0.0, 0.0, 0.0, 0.0], [0.0, 0.0, 0.0, 0.0], [0.0, 0.0, 0.0, 0.0], [0.0, 0.0, 0.0, 0.0], [0.0, 0.0, 0.0, 0.0], [0.0, 0.0, 0.0, 0.0], [0.0, 0.0, 0.0, 0.0], [0.0, 0.0, 0.0, 0.0], [0.0, 0.0, 0.0, 0.0], [0.0, 0.0, 0.0, 0.0], [0.0, 0.0, 0.0, 0.0], [0.0, 0.0, 0.0, 0.0], [0.0, 0.0, 0.0, 0.0], [0.0, 0.0, 0.0, 0.0], [0.0, 0.0, 0.0, 0.0], [877.0, 457.0, 1399.0, 520.0], [877.0, 457.0, 1399.0, 520.0], [0.0, 0.0, 0.0, 0.0]], "masks": [{"size": [1080, 1920], "counts": "PPYo1"}, {"size": [1080, 1920], "counts": "RcPm02fQ16J1O1O100N2O0O1000001O1O010O001O1O001O0010O010O0010O00000100O001O010O100O10O010000O1O00100O001O0010O01O001O001O001O00100O001O000O2O001O001Oj_mo0"}, {"size": [1080, 1920], "counts": "PPYo1"}, {"size": [1080, 1920], "counts": "PPYo1"}, {"size": [1080, 1920], "counts": "PPYo1"}, {"size": [1080, 1920], "counts": "PPYo1"}, {"size": [1080, 1920], "counts": "PPYo1"}, {"size": [1080, 1920], "counts": "PPYo1"}, {"size": [1080, 1920], "counts": "PPYo1"}, {"size": [1080, 1920], "counts": "PPYo1"}, {"size": [1080, 1920], "counts": "PPYo1"}, {"size": [1080, 1920], "counts": "PPYo1"}, {"size": [1080, 1920], "counts": "n\\Sk04dQ11O1O1O100O1O001O1O1O1O100O1O100O100O1O1O1O1O010O1O010O1O1O00001N101O000010O01O001O1O100O100O1O1O1O1O1O1O010O01O10O01O0010O01O01O001O10O01O00010O0010O01O010O001000O100O010O100O001O10O01O1O001O10O10O1O1O0O2O1O0100O1O10O001O001O000O2O0000010O0O10001O00001O01O0010O00001N100O2O0O1O101O0O10000O10001N10001N101O00001N101N101N101NTdin0"}, {"size": [1080, 1920], "counts": "n\\Sk04dQ11O1O1O100O1O001O1O1O1O100O1O100O100O1O1O1O1O010O1O010O1O1O00001N101O000010O01O001O1O100O100O1O1O1O1O1O1O010O01O10O01O0010O01O01O001O10O01O00010O0010O01O010O001000O100O010O100O001O10O01O1O001O10O10O1O1O0O2O1O0100O1O10O001O001O000O2O0000010O0O10001O00001O01O0010O00001N100O2O0O1O101O0O10000O10001N10001N101O00001N101N101N101NTdin0"}, {"size": [1080, 1920], "counts": "n\\Sk04dQ11O1O1O100O1O001O1O1O1O100O1O100O100O1O1O1O1O010O1O010O1O1O00001N101O000010O01O001O1O100O100O1O1O1O1O1O1O010O01O10O01O0010O01O01O001O10O01O00010O0010O01O010O001000O100O010O100O001O10O01O1O001O10O10O1O1O0O2O1O0100O1O10O001O001O000O2O0000010O0O10001O00001O01O0010O00001N100O2O0O1O101O0O10000O10001N10001N101O00001N101N101N101NTdin0"}, {"size": [1080, 1920], "counts": "PPYo1"}, {"size": [1080, 1920], "counts": "g]ml04dQ12N1O3M2N1O001O2N000000001O1O010O1O0O2O001O001O001O001O00010O000010O1O1000O01O10O010O0101N1O10O01O0010O0100O1O001O00100O0010O000001O000010O01O001O001O00001O1O1N2O1O1O1N10gj`o0"}, {"size": [1080, 1920], "counts": "PPYo1"}, {"size": [1080, 1920], "counts": "PPYo1"}, {"size": [1080, 1920], "counts": "PPYo1"}, {"size": [1080, 1920], "counts": "PPYo1"}, {"size": [1080, 1920], "counts": "XbVk03eQ1001O1O1O1O1O1N110O100O100O1O100O001O010O1O0010O01O1O001O0O2O1O1O01O010O01O001O1O100O1O1O1O1O1O10O010O010O001O001O010O01O0010O0001O0010O01O01O010O0001O000100O1O10O10O100O1O001O1O010O1O010O1O1O1O010O001O0010O01O01O01O0010O0001O000010O0000000001O00010O0000001O00001O000O2O0O1000000O101O0O101N10001O0O101O1N3N\\X^=1cgaB0O1O1O1O100O11O00001OO1000000[jPa0"}, {"size": [1080, 1920], "counts": "XbVk03eQ1001O1O1O1O1O1N110O100O100O1O100O001O010O1O0010O01O1O001O0O2O1O1O01O010O01O001O1O100O1O1O1O1O1O10O010O010O001O001O010O01O0010O0001O0010O01O01O010O0001O000100O1O10O10O100O1O001O1O010O1O010O1O1O1O010O001O0010O01O01O01O0010O0001O000010O0000000001O00010O0000001O00001O000O2O0O1000000O101O0O101N10001O0O101O1N3N\\X^=1cgaB0O1O1O1O100O11O00001OO1000000[jPa0"}, {"size": [1080, 1920], "counts": "PPYo1"}, {"size": [1080, 1920], "counts": "PPYo1"}, {"size": [1080, 1920], "counts": "PPYo1"}, {"size": [1080, 1920], "counts": "PPYo1"}, {"size": [1080, 1920], "counts": "PPYo1"}, {"size": [1080, 1920], "counts": "PPYo1"}, {"size": [1080, 1920], "counts": "PlUm02dQ13O001O0L401O1O1O1O001O1O001N2O001O0010O01O00001O01O100O001000O010O010000O1O010O1O00010O10O01O001O1O010O0010O0001O000010O01O001O00001O001O1O1N102N2MPPdo0"}, {"size": [1080, 1920], "counts": "PPYo1"}, {"size": [1080, 1920], "counts": "PPYo1"}, {"size": [1080, 1920], "counts": "PPYo1"}, {"size": [1080, 1920], "counts": "ZiZk02fQ12N001O0002N1O001O[\\j01dcUO1N3N1O001O108G2N1O_OnnN=WQ1O1O100N6I4MQS20PmM7H1O11O1I7N\\U32SiKNYQ14dnNO\\Q1600000000O1O1010O10O1O010O001O010O1O1O0001O010O1O100O0001O1O0010O0010O010O010O00001O01O00001O0001O000000010O010OO2O001N3O1N1O00O0100O101N2OTg^o0"}, {"size": [1080, 1920], "counts": "ZiZk02fQ12N001O0002N1O001O[\\j01dcUO1N3N1O001O108G2N1O_OnnN=WQ1O1O100N6I4MQS20PmM7H1O11O1I7N\\U32SiKNYQ14dnNO\\Q1600000000O1O1010O10O1O010O001O010O1O1O0001O010O1O100O0001O1O0010O0010O010O010O00001O01O00001O0001O000000010O010OO2O001N3O1N1O00O0100O101N2OTg^o0"}, {"size": [1080, 1920],