{"labels": [12, 2, 3, 4, 6, 7, 8, 10, 1, 6, 8, 10, 2, 10, 12, 2, 10, 2, 10, 2, 10, 7, 10, 2, 3, 4, 7, 8, 12, 10, 12, 2, 3, 4, 7, 10, 12, 19, 10, 2, 3, 7, 10, 12, 2, 10, 19, 8, 10, 2, 3, 4, 7, 10, 12, 1, 3, 4, 6, 7, 8, 10, 11, 12, 19, 10, 2, 10, 0, 1, 2, 3, 4, 6, 7, 8, 10, 12, 14, 15, 16, 19, 20, 10, 2, 10, 12, 2, 19, 2, 2, 4, 7, 8, 10, 12, 19, 10, 12, 7], "scores": [0.0, 0.0, 0.0, 0.0, 0.0, 0.0, 0.0, 0.0, 0.0005828088033013046, 0.0038345521315932274, 0.00019970504217781126, 0.0, 0.0, 0.0, 0.0, 0.0, 0.0, 0.0, 0.0, 0.0, 0.0, 0.0001352565159322694, 0.00010407243098597974, 0.00019199206144548953, 0.5348013043403625, 0.0005576473195105791, 0.0004200766561552882, 0.0005118792178109288, 0.0, 0.0004655024968087673, 0.00017380397184751928, 0.0, 0.0, 0.0, 0.0, 0.0, 0.0, 0.0, 0.0, 0.0, 0.0, 0.0, 0.0, 0.0, 0.0, 0.0, 0.9846053719520569, 0.00017480361566413194, 0.00020572559151332825, 0.0002492647909093648, 0.0002197504072682932, 0.00011394909961381927, 0.0002103108708979562, 0.000593519420363009, 0.0007837348966859281, 0.0, 0.0, 0.0, 0.0, 0.0, 0.0, 0.0, 0.0, 0.0, 0.0, 0.0, 0.0, 0.0, 0.0, 0.0, 0.0, 0.0, 0.0, 0.0, 0.0, 0.0, 0.0, 0.0, 0.0, 0.0, 0.0, 0.0, 0.0, 0.0, 0.0, 0.0, 0.0, 0.0, 0.0, 0.0, 0.0, 0.0, 0.0, 0.0, 0.0, 0.0, 0.0, 0.00048070785123854876, 0.00025894196005538106, 0.00016320485156029463], "bboxes": [[0.0, 0.0, 0.0, 0.0], [0.0, 0.0, 0.0, 0.0], [0.0, 0.0, 0.0, 0.0], [0.0, 0.0, 0.0, 0.0], [0.0, 0.0, 0.0, 0.0], [0.0, 0.0, 0.0, 0.0], [0.0, 0.0, 0.0, 0.0], [0.0, 0.0, 0.0, 0.0], [804.0, 458.0, 961.0, 524.0], [804.0, 458.0, 961.0, 524.0], [804.0, 458.0, 961.0, 524.0], [0.0, 0.0, 0.0, 0.0], [0.0, 0.0, 0.0, 0.0], [0.0, 0.0, 0.0, 0.0], [0.0, 0.0, 0.0, 0.0], [0.0, 0.0, 0.0, 0.0], [0.0, 0.0, 0.0, 0.0], [0.0, 0.0, 0.0, 0.0], [0.0, 0.0, 0.0, 0.0], [0.0, 0.0, 0.0, 0.0], [0.0, 0.0, 0.0, 0.0], [453.0, 470.0, 923.0, 504.0], [453.0, 470.0, 923.0, 504.0], [881.0, 474.0, 963.0, 525.0], [881.0, 474.0, 963.0, 525.0], [881.0, 474.0, 963.0, 525.0], [881.0, 474.0, 963.0, 525.0], [881.0, 474.0, 963.0, 525.0], [0.0, 0.0, 0.0, 0.0], [874.0, 466.0, 941.0, 514.0], [874.0, 466.0, 941.0, 514.0], [0.0, 0.0, 0.0, 0.0], [0.0, 0.0, 0.0, 0.0], [0.0, 0.0, 0.0, 0.0], [0.0, 0.0, 0.0, 0.0], [0.0, 0.0, 0.0, 0.0], [0.0, 0.0, 0.0, 0.0], [0.0, 0.0, 0.0, 0.0], [0.0, 0.0, 0.0, 0.0], [0.0, 0.0, 0.0, 0.0], [0.0, 0.0, 0.0, 0.0], [0.0, 0.0, 0.0, 0.0], [0.0, 0.0, 0.0, 0.0], [0.0, 0.0, 0.0, 0.0], [0.0, 0.0, 0.0, 0.0], [0.0, 0.0, 0.0, 0.0], [400.0, 407.0, 1603.0, 1080.0], [840.0, 459.0, 947.0, 516.0], [840.0, 459.0, 947.0, 516.0], [448.0, 465.0, 492.0, 474.0], [448.0, 465.0, 492.0, 474.0], [448.0, 465.0, 492.0, 474.0], [448.0, 465.0, 492.0, 474.0], [448.0, 465.0, 492.0, 474.0], [448.0, 465.0, 492.0, 474.0], [0.0, 0.0, 0.0, 0.0], [0.0, 0.0, 0.0, 0.0], [0.0, 0.0, 0.0, 0.0], [0.0, 0.0, 0.0, 0.0], [0.0, 0.0, 0.0, 0.0], [0.0, 0.0, 0.0, 0.0], [0.0, 0.0, 0.0, 0.0], [0.0, 0.0, 0.0, 0.0], [0.0, 0.0, 0.0, 0.0], [0.0, 0.0, 0.0, 0.0], [0.0, 0.0, 0.0, 0.0], [0.0, 0.0, 0.0, 0.0], [0.0, 0.0, 0.0, 0.0], [0.0, 0.0, 0.0, 0.0], [0.0, 0.0, 0.0, 0.0], [0.0, 0.0, 0.0, 0.0], [0.0, 0.0, 0.0, 0.0], [0.0, 0.0, 0.0, 0.0], [0.0, 0.0, 0.0, 0.0], [0.0, 0.0, 0.0, 0.0], [0.0, 0.0, 0.0, 0.0], [0.0, 0.0, 0.0, 0.0], [0.0, 0.0, 0.0, 0.0], [0.0, 0.0, 0.0, 0.0], [0.0, 0.0, 0.0, 0.0], [0.0, 0.0, 0.0, 0.0], [0.0, 0.0, 0.0, 0.0], [0.0, 0.0, 0.0, 0.0], [0.0, 0.0, 0.0, 0.0], [0.0, 0.0, 0.0, 0.0], [0.0, 0.0, 0.0, 0.0], [0.0, 0.0, 0.0, 0.0], [0.0, 0.0, 0.0, 0.0], [0.0, 0.0, 0.0, 0.0], [0.0, 0.0, 0.0, 0.0], [0.0, 0.0, 0.0, 0.0], [0.0, 0.0, 0.0, 0.0], [0.0, 0.0, 0.0, 0.0], [0.0, 0.0, 0.0, 0.0], [0.0, 0.0, 0.0, 0.0], [0.0, 0.0, 0.0, 0.0], [0.0, 0.0, 0.0, 0.0], [883.0, 470.0, 950.0, 517.0], [883.0, 470.0, 950.0, 517.0], [840.0, 459.0, 947.0, 516.0]], "masks": [{"size": [1080, 1920], "counts": "PPYo1"}, {"size": [1080, 1920], "counts": "PPYo1"}, {"size": [1080, 1920], "counts": "PPYo1"}, {"size": [1080, 1920], "counts": "PPYo1"}, {"size": [1080, 1920], "counts": "PPYo1"}, {"size": [1080, 1920], "counts": "PPYo1"}, {"size": [1080, 1920], "counts": "PPYo1"}, {"size": [1080, 1920], "counts": "PPYo1"}, {"size": [1080, 1920], "counts": "]]`j01fQ12O00001O1O1O1O00001O001O1N2O0O2O000010O01O001O1O00001O00001O0O1000100O0010OO2O1O1O1O1O001O1O001O001O001O100O1O2N1O100O100O101N100O1O2O0O2N1O001O01O001N2N101O001O00010O00010O01O010O0001O01O01O00100O100O1O100O1O1O1O2N1O1O1O001O001O1O1O1O1O100O001O1O001O1O10O01O1O001O001O001O001O001O0010O01O001O0001OO2O1O001N2O0OTnbo0"}, {"size": [1080, 1920], "counts": "]]`j01fQ12O00001O1O1O1O00001O001O1N2O0O2O000010O01O001O1O00001O00001O0O1000100O0010OO2O1O1O1O1O001O1O001O001O001O100O1O2N1O100O100O101N100O1O2O0O2N1O001O01O001N2N101O001O00010O00010O01O010O0001O01O01O00100O100O1O100O1O1O1O2N1O1O1O001O001O1O1O1O1O100O001O1O001O1O10O01O1O001O001O001O001O001O0010O01O001O0001OO2O1O001N2O0OTnbo0"}, {"size": [1080, 1920], "counts": "]]`j01fQ12O00001O1O1O1O00001O001O1N2O0O2O000010O01O001O1O00001O00001O0O1000100O0010OO2O1O1O1O1O001O1O001O001O001O100O1O2N1O100O100O101N100O1O2O0O2N1O001O01O001N2N101O001O00010O00010O01O010O0001O01O01O00100O100O1O100O1O1O1O2N1O1O1O001O001O1O1O1O1O100O001O1O001O1O10O01O1O001O001O001O001O001O0010O01O001O0001OO2O1O001N2O0OTnbo0"}, {"size": [1080, 1920], "counts": "PPYo1"}, {"size": [1080, 1920], "counts": "PPYo1"}, {"size": [1080, 1920], "counts": "PPYo1"}, {"size": [1080, 1920], "counts": "PPYo1"}, {"size": [1080, 1920], "counts": "PPYo1"}, {"size": [1080, 1920], "counts": "PPYo1"}, {"size": [1080, 1920], "counts": "PPYo1"}, {"size": [1080, 1920], "counts": "PPYo1"}, {"size": [1080, 1920], "counts": "PPYo1"}, {"size": [1080, 1920], "counts": "PPYo1"}, {"size": [1080, 1920], "counts": "^Wn>1n\\Y?1hdg@00001O01ORQkP1"}, {"size": [1080, 1920], "counts": "^Wn>1n\\Y?1hdg@00001O01ORQkP1"}, {"size": [1080, 1920], "counts": "idQm02fQ11OOa00XO9M21O1O00O1L5L3N2O2O1N1M3010O1000O001O0010O010O00101N3N2M1O01O000100O1O1O010O1O2O0O10O01O100O100O010O001O10O01O10O01O0010O010O010O000010O00001O0O2O001N2O2Maj`o0"}, {"size": [1080, 1920], "counts": "idQm02fQ11OOa00XO9M21O1O00O1L5L3N2O2O1N1M3010O1000O001O0010O010O00101N3N2M1O01O000100O1O1O010O1O2O0O10O01O100O100O010O001O10O01O10O01O0010O010O010O000010O00001O0O2O001N2O2Maj`o0"}, {"size": [1080, 1920], "counts": "idQm02fQ11OOa00XO9M21O1O00O1L5L3N2O2O1N1M3010O1000O001O0010O010O00101N3N2M1O01O000100O1O1O010O1O2O0O10O01O100O100O010O001O10O01O10O01O0010O010O010O000010O00001O0O2O001N2O2Maj`o0"}, {"size": [1080, 1920], "counts": "idQm02fQ11OOa00XO9M21O1O00O1L5L3N2O2O1N1M3010O1000O001O0010O010O00101N3N2M1O01O000100O1O1O010O1O2O0O10O01O100O100O010O001O10O01O10O01O0010O010O010O000010O00001O0O2O001N2O2Maj`o0"}, {"size": [1080, 1920], "counts": "idQm02fQ11OOa00XO9M21O1O00O1L5L3N2O2O1N1M3010O1000O001O0010O010O00101N3N2M1O01O000100O1O1O010O1O2O0O10O01O100O100O010O001O10O01O10O01O0010O010O010O000010O00001O0O2O001N2O2Maj`o0"}, {"size": [1080, 1920], "counts": "PPYo1"}, {"size": [1080, 1920], "counts": "SXjl07`Q12O001O104L1O2M0O2O2N3M2N100O1O001O00001O001O1O1O001O010O1O0100O100O1O1O010O100O1O1O1O101N2N2N1O1O1O010O1O2N1O101N1O1O100O1O1O1N2O1N\\QXP1"}, {"size": [1080, 1920], "counts": "SXjl07`Q12O001O104L1O2M0O2O2N3M2N100O1O001O00001O001O1O1O001O010O1O0100O100O1O1O010O100O1O1O1O101N2N2N1O1O1O010O1O2N1O101N1O1O100O1O1O1N2O1N\\QXP1"}, {"size": [1080, 1920], "counts": "PPYo1"}, {"size": [1080, 1920], "counts": "PPYo1"}, {"size": [1080, 1920], "counts": "PPYo1"}, {"size": [1080, 1920], "counts": "PPYo1"}, {"size": [1080, 1920], "counts": "PPYo1"}, {"size": [1080, 1920], "counts": "PPYo1"}, {"size": [1080, 1920], "counts": "PPYo1"}, {"size": [1080, 1920], "counts": "PPYo1"}, {"size": [1080, 1920], "counts": "PPYo1"}, {"size": [1080, 1920], "counts": "PPYo1"}, {"size": [1080, 1920], "counts": "PPYo1"}, {"size": [1080, 1920], "counts": "PPYo1"}, {"size": [1080, 1920], "counts": "PPYo1"}, {"size": [1080, 1920], "counts": "PPYo1"}, {"size": [1080, 1920], "counts": "PPYo1"}, {"size": [1080, 1920],