{"labels": [7, 10, 12, 2, 3, 4, 6, 7, 8, 10, 12, 10, 12, 1, 6, 8, 10, 2, 10, 12, 2, 1, 2, 10, 2, 10, 2, 3, 4, 7, 8, 2, 10, 12, 10, 7, 12, 22, 10, 2, 3, 4, 7, 10, 12, 19, 10, 2, 3, 7, 10, 12, 2, 10, 19, 7, 10, 7, 12, 2, 3, 7, 10, 12, 1, 3, 4, 6, 7, 8, 10, 11, 12, 19, 10, 2, 10, 0, 1, 2, 3, 4, 6, 7, 8, 10, 12, 19, 20, 2, 12, 2, 2, 4, 7, 8, 10, 12, 19, 6], "scores": [0.0, 0.0, 0.0, 0.0, 0.0, 0.0, 0.0, 0.0, 0.0, 0.0, 0.0, 0.0, 0.0, 0.0007326664635911584, 0.005950361490249634, 0.00026154564693570137, 0.0, 0.0, 0.0, 0.0, 0.0, 0.00040744830039329827, 0.0, 0.0, 0.0, 0.0, 0.0002159638679586351, 0.594464898109436, 0.0005328842089511454, 0.00022075336892157793, 0.00042925160960294306, 0.0, 0.0, 0.0, 0.0, 0.000651308277156204, 0.00226302957162261, 0.0005459477542899549, 0.0, 0.0, 0.0, 0.0, 0.0, 0.0, 0.0, 0.0, 0.0, 0.0, 0.0, 0.0, 0.0, 0.0, 0.0, 0.0, 0.9852921962738037, 0.00015973065455909818, 0.00020488649897743016, 0.0, 0.0, 0.00023422500817105174, 0.00012055720435455441, 0.00016950925055425614, 0.0005225658533163369, 0.0006775619112886488, 0.0, 0.0, 0.0, 0.0, 0.0, 0.0, 0.0, 0.0, 0.0, 0.0, 0.0, 0.0, 0.0, 0.0, 0.0, 0.0, 0.0, 0.0, 0.0, 0.0, 0.0, 0.0, 0.0, 0.0, 0.0, 0.0, 0.0, 0.0, 0.0, 0.0, 0.0, 0.0, 0.0, 0.0, 0.0, 0.0001467434922233224], "bboxes": [[0.0, 0.0, 0.0, 0.0], [0.0, 0.0, 0.0, 0.0], [0.0, 0.0, 0.0, 0.0], [0.0, 0.0, 0.0, 0.0], [0.0, 0.0, 0.0, 0.0], [0.0, 0.0, 0.0, 0.0], [0.0, 0.0, 0.0, 0.0], [0.0, 0.0, 0.0, 0.0], [0.0, 0.0, 0.0, 0.0], [0.0, 0.0, 0.0, 0.0], [0.0, 0.0, 0.0, 0.0], [0.0, 0.0, 0.0, 0.0], [0.0, 0.0, 0.0, 0.0], [790.0, 454.0, 957.0, 522.0], [790.0, 454.0, 957.0, 522.0], [790.0, 454.0, 957.0, 522.0], [0.0, 0.0, 0.0, 0.0], [0.0, 0.0, 0.0, 0.0], [0.0, 0.0, 0.0, 0.0], [0.0, 0.0, 0.0, 0.0], [0.0, 0.0, 0.0, 0.0], [794.0, 458.0, 954.0, 519.0], [0.0, 0.0, 0.0, 0.0], [0.0, 0.0, 0.0, 0.0], [0.0, 0.0, 0.0, 0.0], [0.0, 0.0, 0.0, 0.0], [897.0, 492.0, 955.0, 522.0], [897.0, 492.0, 955.0, 522.0], [897.0, 492.0, 955.0, 522.0], [897.0, 492.0, 955.0, 522.0], [897.0, 492.0, 955.0, 522.0], [0.0, 0.0, 0.0, 0.0], [0.0, 0.0, 0.0, 0.0], [0.0, 0.0, 0.0, 0.0], [0.0, 0.0, 0.0, 0.0], [713.0, 1075.0, 740.0, 1080.0], [713.0, 1075.0, 740.0, 1080.0], [713.0, 1075.0, 740.0, 1080.0], [0.0, 0.0, 0.0, 0.0], [0.0, 0.0, 0.0, 0.0], [0.0, 0.0, 0.0, 0.0], [0.0, 0.0, 0.0, 0.0], [0.0, 0.0, 0.0, 0.0], [0.0, 0.0, 0.0, 0.0], [0.0, 0.0, 0.0, 0.0], [0.0, 0.0, 0.0, 0.0], [0.0, 0.0, 0.0, 0.0], [0.0, 0.0, 0.0, 0.0], [0.0, 0.0, 0.0, 0.0], [0.0, 0.0, 0.0, 0.0], [0.0, 0.0, 0.0, 0.0], [0.0, 0.0, 0.0, 0.0], [0.0, 0.0, 0.0, 0.0], [0.0, 0.0, 0.0, 0.0], [400.0, 403.0, 1602.0, 1080.0], [850.0, 463.0, 939.0, 512.0], [850.0, 463.0, 939.0, 512.0], [0.0, 0.0, 0.0, 0.0], [0.0, 0.0, 0.0, 0.0], [465.0, 468.0, 481.0, 475.0], [465.0, 468.0, 481.0, 475.0], [465.0, 468.0, 481.0, 475.0], [465.0, 468.0, 481.0, 475.0], [465.0, 468.0, 481.0, 475.0], [0.0, 0.0, 0.0, 0.0], [0.0, 0.0, 0.0, 0.0], [0.0, 0.0, 0.0, 0.0], [0.0, 0.0, 0.0, 0.0], [0.0, 0.0, 0.0, 0.0], [0.0, 0.0, 0.0, 0.0], [0.0, 0.0, 0.0, 0.0], [0.0, 0.0, 0.0, 0.0], [0.0, 0.0, 0.0, 0.0], [0.0, 0.0, 0.0, 0.0], [0.0, 0.0, 0.0, 0.0], [0.0, 0.0, 0.0, 0.0], [0.0, 0.0, 0.0, 0.0], [0.0, 0.0, 0.0, 0.0], [0.0, 0.0, 0.0, 0.0], [0.0, 0.0, 0.0, 0.0], [0.0, 0.0, 0.0, 0.0], [0.0, 0.0, 0.0, 0.0], [0.0, 0.0, 0.0, 0.0], [0.0, 0.0, 0.0, 0.0], [0.0, 0.0, 0.0, 0.0], [0.0, 0.0, 0.0, 0.0], [0.0, 0.0, 0.0, 0.0], [0.0, 0.0, 0.0, 0.0], [0.0, 0.0, 0.0, 0.0], [0.0, 0.0, 0.0, 0.0], [0.0, 0.0, 0.0, 0.0], [0.0, 0.0, 0.0, 0.0], [0.0, 0.0, 0.0, 0.0], [0.0, 0.0, 0.0, 0.0], [0.0, 0.0, 0.0, 0.0], [0.0, 0.0, 0.0, 0.0], [0.0, 0.0, 0.0, 0.0], [0.0, 0.0, 0.0, 0.0], [0.0, 0.0, 0.0, 0.0], [794.0, 458.0, 954.0, 519.0]], "masks": [{"size": [1080, 1920], "counts": "PPYo1"}, {"size": [1080, 1920], "counts": "PPYo1"}, {"size": [1080, 1920], "counts": "PPYo1"}, {"size": [1080, 1920], "counts": "PPYo1"}, {"size": [1080, 1920], "counts": "PPYo1"}, {"size": [1080, 1920], "counts": "PPYo1"}, {"size": [1080, 1920], "counts": "PPYo1"}, {"size": [1080, 1920], "counts": "PPYo1"}, {"size": [1080, 1920], "counts": "PPYo1"}, {"size": [1080, 1920], "counts": "PPYo1"}, {"size": [1080, 1920], "counts": "PPYo1"}, {"size": [1080, 1920], "counts": "PPYo1"}, {"size": [1080, 1920], "counts": "PPYo1"}, {"size": [1080, 1920], "counts": "idQj01gQ11N2O002M2O1N2O1O010O10O01O001O1O001O001O00001O0010O0001O010O001O010O000O2O0O101O00001O01O01O000000010O001O1O1O001O010O001O10O01O1O001O100O1O100O1O100O1O1O1O1O1O100O1O0001N101O1O001O0000000000000010O0010O1O1O01O000102M101N1O2O1N1O1O1O100O1O1O0010O01O1O001O10O01O00100O1O001O10O01O1O010O1O0010O01O001N10001O001O001O0O10001O1O1O1O0O2ORUgo0"}, {"size": [1080, 1920], "counts": "idQj01gQ11N2O002M2O1N2O1O010O10O01O001O1O001O001O00001O0010O0001O010O001O010O000O2O0O101O00001O01O01O000000010O001O1O1O001O010O001O10O01O1O001O100O1O100O1O100O1O1O1O1O1O100O1O0001N101O1O001O0000000000000010O0010O1O1O01O000102M101N1O2O1N1O1O1O100O1O1O0010O01O1O001O10O01O00100O1O001O10O01O1O010O1O0010O01O001N10001O001O001O0O10001O1O1O1O0O2ORUgo0"}, {"size": [1080, 1920], "counts": "idQj01gQ11N2O002M2O1N2O1O010O10O01O001O1O001O001O00001O0010O0001O010O001O010O000O2O0O101O00001O01O01O000000010O001O1O1O001O010O001O10O01O1O001O100O1O100O1O100O1O1O1O1O1O100O1O0001N101O1O001O0000000000000010O0010O1O1O01O000102M101N1O2O1N1O1O1O100O1O1O0010O01O1O001O10O01O00100O1O001O10O01O1O010O1O0010O01O001N10001O001O001O0O10001O1O1O1O0O2ORUgo0"}, {"size": [1080, 1920], "counts": "PPYo1"}, {"size": [1080, 1920], "counts": "PPYo1"}, {"size": [1080, 1920], "counts": "PPYo1"}, {"size": [1080, 1920], "counts": "PPYo1"}, {"size": [1080, 1920], "counts": "PPYo1"}, {"size": [1080, 1920], "counts": "jkUj01gQ100003M10O01O100O1N1010O0001O1O001N100010O000010O000010O0100O001O001O001O00001N10000O2O01O00001O01O001O1O0000010O1O10O01O000001ASoN1nP1MSoN2PQ1LPoN4QQ1IQoN7RQ1602inNBPQ1d0O3M1O00100O0O2O1O1O01O002N1O00000000000000010O0000010O001O1O101N2N10O010O01O10O0100O00010O001O0010O01O0010O01O1O0010O0100O001O010O10O01O1O010O001O001O00001O001O00001O00001O003L10[Zjo0"}, {"size": [1080, 1920], "counts": "PPYo1"}, {"size": [1080, 1920], "counts": "PPYo1"}, {"size": [1080, 1920], "counts": "PPYo1"}, {"size": [1080, 1920], "counts": "PPYo1"}, {"size": [1080, 1920], "counts": "Yabm02eQ13M2N100O2O0O2O1O001O10O01O001O000100O010O01O010O10O10O10O010O0100O01O1O010O10O01O1O1O010O001O1O001O1N2N3N000100O0bXio0"}, {"size": [1080, 1920], "counts": "Yabm02eQ13M2N100O2O0O2O1O001O10O01O001O000100O010O01O010O10O10O10O010O0100O01O1O010O10O01O1O1O010O001O1O001O1N2N3N000100O0bXio0"}, {"size": [1080, 1920], "counts": "Yabm02eQ13M2N100O2O0O2O1O001O10O01O001O000100O010O01O010O10O10O10O010O0100O01O1O010O10O01O1O1O010O001O1O001O1N2N3N000100O0bXio0"}, {"size": [1080, 1920], "counts": "Yabm02eQ13M2N100O2O0O2O1O001O10O01O001O000100O010O01O010O10O10O10O010O0100O01O1O010O10O01O1O1O010O001O1O001O1N2N3N000100O0bXio0"}, {"size": [1080, 1920], "counts": "Yabm02eQ13M2N100O2O0O2O1O001O10O01O001O000100O010O01O010O10O10O10O010O0100O01O1O010O10O01O1O1O010O001O1O001O1N2N3N000100O0bXio0"}, {"size": [1080, 1920], "counts": "PPYo1"}, {"size": [1080, 1920], "counts": "PPYo1"}, {"size": [1080, 1920], "counts": "PPYo1"}, {"size": [1080, 1920], "counts": "PPYo1"}, {"size": [1080, 1920], "counts": "\\Qag04dQ10O10000001O00001O001O0000000000001O0000000000000000Y_kV1"}, {"size": [1080, 1920], "counts": "\\Qag04dQ10O10000001O00001O001O0000000000001O0000000000000000Y_kV1"}, {"size": [1080, 1920], "counts": "\\Qag04dQ10O10000001O00001O001O0000000000001O0000000000000000Y_kV1"}, {"size": [1080, 1920], "counts": "PPYo1"}, {"size": [1080, 1920], "counts": "PPYo1"}, {"size": [1080, 1920], "counts": "PPYo1"}, {"size": [1080, 1920], "counts": "PPYo1"}, {"size": [1080, 1920], "counts": "PPYo1"}, {"size": [1080, 1920], "counts": "PPYo1"}, {"size": [1080, 1920], "counts": "PPYo1"}, {"size": [1080, 1920], "counts": "PPYo1"}, {"size": [1080, 1920], "counts": "PPYo1"}, {"size": [1080, 1920], "counts": "PPYo1"}, {"size": [1080, 1920], "counts": "PPYo1"}, {"size": [1080, 1920], "counts": "PPYo1"}, {"size": [1080, 1920],