{"labels": [0, 3, 6, 7, 8, 11, 12, 15, 16, 19, 20, 22, 2, 3, 4, 6, 7, 8, 10, 1, 6, 8, 10, 10, 1, 6, 2, 10, 10, 3, 4, 8, 12, 10, 12, 22, 10, 2, 3, 4, 7, 10, 19, 7, 10, 12, 1, 2, 10, 19, 7, 8, 12, 15, 22, 2, 10, 12, 1, 3, 4, 6, 7, 8, 10, 11, 12, 19, 7, 12, 1, 2, 3, 4, 6, 7, 8, 10, 12, 19, 2, 7, 8, 12, 15, 20, 22, 2, 2, 4, 7, 8, 10, 19, 12, 1, 6, 8, 11, 16], "scores": [0.00020041081006638706, 0.00015879228885751218, 0.0003713377227541059, 0.005122474394738674, 0.0011973337968811393, 0.0002174786350224167, 0.06763037294149399, 0.0006011258228681982, 0.00018311283201910555, 0.00042668162495829165, 0.000429219682700932, 0.0009654851164668798, 0.0, 0.0, 0.0, 0.0, 0.0, 0.0, 0.0, 0.0008640114683657885, 0.01308536622673273, 0.0001941387599799782, 0.0, 0.0, 0.0007153012556955218, 0.0003134067519567907, 0.0, 0.0, 0.0, 0.7567338347434998, 0.0005366606055758893, 0.0002499743422959, 0.0, 0.0, 0.0, 0.000407367420848459, 0.0, 0.0, 0.0, 0.0, 0.0, 0.0, 0.0, 0.0, 0.0, 0.0, 0.00014536602247972041, 0.0, 0.0, 0.9828606247901917, 0.0011155448155477643, 0.0002549382916186005, 0.013055980205535889, 0.00014874149928800762, 0.00039324999670498073, 0.0, 0.0, 0.0, 0.0, 0.0, 0.0, 0.0, 0.0, 0.0, 0.0, 0.0, 0.0, 0.0, 0.0, 0.0, 0.0, 0.0, 0.0, 0.0, 0.0, 0.0, 0.0, 0.0, 0.0, 0.0, 0.0, 0.0009166531381197274, 0.0007072638254612684, 0.007753020152449608, 0.00018364517018198967, 0.00010935052705463022, 0.00017706112703308463, 0.0, 0.0, 0.0, 0.0, 0.0, 0.0, 0.0, 0.0, 0.00018639372137840837, 0.00013508324627764523, 0.00020220117585267872, 0.0006573159480467439, 0.0], "bboxes": [[704.0, 1065.0, 757.0, 1080.0], [704.0, 1065.0, 757.0, 1080.0], [704.0, 1065.0, 757.0, 1080.0], [704.0, 1065.0, 757.0, 1080.0], [704.0, 1065.0, 757.0, 1080.0], [704.0, 1065.0, 757.0, 1080.0], [704.0, 1065.0, 757.0, 1080.0], [704.0, 1065.0, 757.0, 1080.0], [704.0, 1065.0, 757.0, 1080.0], [704.0, 1065.0, 757.0, 1080.0], [704.0, 1065.0, 757.0, 1080.0], [704.0, 1065.0, 757.0, 1080.0], [0.0, 0.0, 0.0, 0.0], [0.0, 0.0, 0.0, 0.0], [0.0, 0.0, 0.0, 0.0], [0.0, 0.0, 0.0, 0.0], [0.0, 0.0, 0.0, 0.0], [0.0, 0.0, 0.0, 0.0], [0.0, 0.0, 0.0, 0.0], [779.0, 458.0, 957.0, 531.0], [779.0, 458.0, 957.0, 531.0], [779.0, 458.0, 957.0, 531.0], [0.0, 0.0, 0.0, 0.0], [0.0, 0.0, 0.0, 0.0], [781.0, 461.0, 957.0, 525.0], [781.0, 461.0, 957.0, 525.0], [0.0, 0.0, 0.0, 0.0], [0.0, 0.0, 0.0, 0.0], [0.0, 0.0, 0.0, 0.0], [857.0, 488.0, 958.0, 524.0], [857.0, 488.0, 958.0, 524.0], [857.0, 488.0, 958.0, 524.0], [0.0, 0.0, 0.0, 0.0], [0.0, 0.0, 0.0, 0.0], [0.0, 0.0, 0.0, 0.0], [682.0, 356.0, 1595.0, 1080.0], [0.0, 0.0, 0.0, 0.0], [0.0, 0.0, 0.0, 0.0], [0.0, 0.0, 0.0, 0.0], [0.0, 0.0, 0.0, 0.0], [0.0, 0.0, 0.0, 0.0], [0.0, 0.0, 0.0, 0.0], [0.0, 0.0, 0.0, 0.0], [0.0, 0.0, 0.0, 0.0], [0.0, 0.0, 0.0, 0.0], [0.0, 0.0, 0.0, 0.0], [791.0, 460.0, 947.0, 520.0], [0.0, 0.0, 0.0, 0.0], [0.0, 0.0, 0.0, 0.0], [399.0, 404.0, 1600.0, 1080.0], [696.0, 1059.0, 766.0, 1080.0], [696.0, 1059.0, 766.0, 1080.0], [696.0, 1059.0, 766.0, 1080.0], [696.0, 1059.0, 766.0, 1080.0], [696.0, 1059.0, 766.0, 1080.0], [0.0, 0.0, 0.0, 0.0], [0.0, 0.0, 0.0, 0.0], [0.0, 0.0, 0.0, 0.0], [0.0, 0.0, 0.0, 0.0], [0.0, 0.0, 0.0, 0.0], [0.0, 0.0, 0.0, 0.0], [0.0, 0.0, 0.0, 0.0], [0.0, 0.0, 0.0, 0.0], [0.0, 0.0, 0.0, 0.0], [0.0, 0.0, 0.0, 0.0], [0.0, 0.0, 0.0, 0.0], [0.0, 0.0, 0.0, 0.0], [0.0, 0.0, 0.0, 0.0], [0.0, 0.0, 0.0, 0.0], [0.0, 0.0, 0.0, 0.0], [0.0, 0.0, 0.0, 0.0], [0.0, 0.0, 0.0, 0.0], [0.0, 0.0, 0.0, 0.0], [0.0, 0.0, 0.0, 0.0], [0.0, 0.0, 0.0, 0.0], [0.0, 0.0, 0.0, 0.0], [0.0, 0.0, 0.0, 0.0], [0.0, 0.0, 0.0, 0.0], [0.0, 0.0, 0.0, 0.0], [0.0, 0.0, 0.0, 0.0], [0.0, 0.0, 0.0, 0.0], [728.0, 1078.0, 749.0, 1080.0], [728.0, 1078.0, 749.0, 1080.0], [728.0, 1078.0, 749.0, 1080.0], [728.0, 1078.0, 749.0, 1080.0], [728.0, 1078.0, 749.0, 1080.0], [728.0, 1078.0, 749.0, 1080.0], [0.0, 0.0, 0.0, 0.0], [0.0, 0.0, 0.0, 0.0], [0.0, 0.0, 0.0, 0.0], [0.0, 0.0, 0.0, 0.0], [0.0, 0.0, 0.0, 0.0], [0.0, 0.0, 0.0, 0.0], [0.0, 0.0, 0.0, 0.0], [0.0, 0.0, 0.0, 0.0], [882.0, 485.0, 962.0, 522.0], [882.0, 485.0, 962.0, 522.0], [882.0, 485.0, 962.0, 522.0], [882.0, 485.0, 962.0, 522.0], [0.0, 0.0, 0.0, 0.0]], "masks": [{"size": [1080, 1920], "counts": "YaWg02fQ10010NdS21\\lM00001O00120M1O3M00000001O002N1O001O0000O100000000000000000000001O000000001O00000000001O0000aaYV1"}, {"size": [1080, 1920], "counts": "YaWg02fQ10010NdS21\\lM00001O00120M1O3M00000001O002N1O001O0000O100000000000000000000001O000000001O00000000001O0000aaYV1"}, {"size": [1080, 1920], "counts": "YaWg02fQ10010NdS21\\lM00001O00120M1O3M00000001O002N1O001O0000O100000000000000000000001O000000001O00000000001O0000aaYV1"}, {"size": [1080, 1920], "counts": "YaWg02fQ10010NdS21\\lM00001O00120M1O3M00000001O002N1O001O0000O100000000000000000000001O000000001O00000000001O0000aaYV1"}, {"size": [1080, 1920], "counts": "YaWg02fQ10010NdS21\\lM00001O00120M1O3M00000001O002N1O001O0000O100000000000000000000001O000000001O00000000001O0000aaYV1"}, {"size": [1080, 1920], "counts": "YaWg02fQ10010NdS21\\lM00001O00120M1O3M00000001O002N1O001O0000O100000000000000000000001O000000001O00000000001O0000aaYV1"}, {"size": [1080, 1920], "counts": "YaWg02fQ10010NdS21\\lM00001O00120M1O3M00000001O002N1O001O0000O100000000000000000000001O000000001O00000000001O0000aaYV1"}, {"size": [1080, 1920], "counts": "YaWg02fQ10010NdS21\\lM00001O00120M1O3M00000001O002N1O001O0000O100000000000000000000001O000000001O00000000001O0000aaYV1"}, {"size": [1080, 1920], "counts": "YaWg02fQ10010NdS21\\lM00001O00120M1O3M00000001O002N1O001O0000O100000000000000000000001O000000001O00000000001O0000aaYV1"}, {"size": [1080, 1920], "counts": "YaWg02fQ10010NdS21\\lM00001O00120M1O3M00000001O002N1O001O0000O100000000000000000000001O000000001O00000000001O0000aaYV1"}, {"size": [1080, 1920], "counts": "YaWg02fQ10010NdS21\\lM00001O00120M1O3M00000001O002N1O001O0000O100000000000000000000001O000000001O00000000001O0000aaYV1"}, {"size": [1080, 1920], "counts": "YaWg02fQ10010NdS21\\lM00001O00120M1O3M00000001O002N1O001O0000O100000000000000000000001O000000001O00000000001O0000aaYV1"}, {"size": [1080, 1920], "counts": "PPYo1"}, {"size": [1080, 1920], "counts": "PPYo1"}, {"size": [1080, 1920], "counts": "PPYo1"}, {"size": [1080, 1920], "counts": "PPYo1"}, {"size": [1080, 1920], "counts": "PPYo1"}, {"size": [1080, 1920], "counts": "PPYo1"}, {"size": [1080, 1920], "counts": "PPYo1"}, {"size": [1080, 1920], "counts": "eQfi04bQ14M10100O1O1O1O001O1O1N101O000010O0001O0000001O0000001O000O2O0000001O01O01O010O010O10O00000001O1O010O000010O01O1O2N1O1O1O2OO01O1O2N10O01O2N1O01O1O01O010O1O1000O1001N2O100N2O1O0O1O1O001O0O2O00O100O110O010O001O0N3N2O1O1O1O1N2N100O2O00100O001O1O100O10O10O100O001O001O0O101O001O001O001O001O001O001O010O0010O01O001N2O001N101N101N2O0O2O0O10001O000000001O001N2NPUgo0"}, {"size": [1080, 1920], "counts": "eQfi04bQ14M10100O1O1O1O001O1O1N101O000010O0001O0000001O0000001O000O2O0000001O01O01O010O010O10O00000001O1O010O000010O01O1O2N1O1O1O2OO01O1O2N10O01O2N1O01O1O01O010O1O1000O1001N2O100N2O1O0O1O1O001O0O2O00O100O110O010O001O0N3N2O1O1O1O1N2N100O2O00100O001O1O100O10O10O100O001O001O0O101O001O001O001O001O001O001O010O0010O01O001N2O001N101N101N2O0O2O0O10001O000000001O001N2NPUgo0"}, {"size": [1080, 1920], "counts": "eQfi04bQ14M10100O1O1O1O001O1O1N101O000010O0001O0000001O0000001O000O2O0000001O01O01O010O010O10O00000001O1O010O000010O01O1O2N1O1O1O2OO01O1O2N10O01O2N1O01O1O01O010O1O1000O1001N2O100N2O1O0O1O1O001O0O2O00O100O110O010O001O0N3N2O1O1O1O1N2N100O2O00100O001O1O100O10O10O100O001O001O0O101O001O001O001O001O001O001O010O0010O01O001N2O001N101N101N2O0O2O0O10001O000000001O001N2NPUgo0"}, {"size": [1080, 1920], "counts": "PPYo1"}, {"size": [1080, 1920], "counts": "PPYo1"}, {"size": [1080, 1920],