{"labels": [10, 12, 12, 2, 3, 4, 6, 7, 8, 10, 11, 12, 10, 12, 7, 1, 6, 8, 10, 2, 10, 2, 1, 6, 10, 10, 7, 10, 12, 3, 4, 12, 10, 12, 0, 10, 10, 2, 3, 4, 7, 10, 12, 19, 10, 2, 3, 7, 10, 12, 1, 6, 2, 10, 19, 10, 2, 7, 10, 12, 1, 3, 4, 6, 7, 8, 10, 11, 12, 19, 10, 1, 2, 3, 4, 6, 7, 8, 10, 12, 14, 19, 10, 10, 12, 2, 2, 4, 7, 8, 10, 12, 19, 1, 6, 8, 10, 11, 12, 16], "scores": [0.0, 0.0, 0.00012359469837974757, 0.0, 0.0, 0.0, 0.0, 0.0, 0.0, 0.0, 0.0, 0.0, 0.0, 0.0, 0.00012273718311917037, 0.0008262521005235612, 0.011977850459516048, 0.00013836188009008765, 0.0, 0.0, 0.0, 0.0, 0.00044290817459113896, 0.00015862898726481944, 0.0, 0.0, 0.0, 0.0, 0.0, 0.70733642578125, 0.0008691258844919503, 0.0, 0.0, 0.0, 0.0, 0.0, 0.0, 0.0, 0.0, 0.0, 0.0, 0.0, 0.0, 0.0, 0.0, 0.0, 0.0, 0.0, 0.0, 0.0, 0.0019175071502104402, 0.00016374458209611475, 0.0, 0.0, 0.9849989414215088, 0.0, 0.0, 0.0, 0.0, 0.0, 0.0, 0.0, 0.0, 0.0, 0.0, 0.0, 0.0, 0.0, 0.0, 0.0, 0.0, 0.0, 0.0, 0.0, 0.0, 0.0, 0.0, 0.0, 0.0, 0.0, 0.0, 0.0, 0.0, 0.0, 0.0, 0.0, 0.0, 0.0, 0.0, 0.0, 0.0, 0.0, 0.0, 0.0002843784459400922, 0.00033625547075644135, 0.00039411726174876094, 0.00011208826617803425, 0.002104399725794792, 0.00016112998127937317, 0.0], "bboxes": [[0.0, 0.0, 0.0, 0.0], [0.0, 0.0, 0.0, 0.0], [710.0, 489.0, 1295.0, 1080.0], [0.0, 0.0, 0.0, 0.0], [0.0, 0.0, 0.0, 0.0], [0.0, 0.0, 0.0, 0.0], [0.0, 0.0, 0.0, 0.0], [0.0, 0.0, 0.0, 0.0], [0.0, 0.0, 0.0, 0.0], [0.0, 0.0, 0.0, 0.0], [0.0, 0.0, 0.0, 0.0], [0.0, 0.0, 0.0, 0.0], [0.0, 0.0, 0.0, 0.0], [0.0, 0.0, 0.0, 0.0], [876.0, 481.0, 917.0, 511.0], [784.0, 460.0, 947.0, 527.0], [784.0, 460.0, 947.0, 527.0], [784.0, 460.0, 947.0, 527.0], [0.0, 0.0, 0.0, 0.0], [0.0, 0.0, 0.0, 0.0], [0.0, 0.0, 0.0, 0.0], [0.0, 0.0, 0.0, 0.0], [791.0, 464.0, 943.0, 523.0], [791.0, 464.0, 943.0, 523.0], [0.0, 0.0, 0.0, 0.0], [0.0, 0.0, 0.0, 0.0], [0.0, 0.0, 0.0, 0.0], [0.0, 0.0, 0.0, 0.0], [0.0, 0.0, 0.0, 0.0], [892.0, 496.0, 957.0, 529.0], [892.0, 496.0, 957.0, 529.0], [0.0, 0.0, 0.0, 0.0], [0.0, 0.0, 0.0, 0.0], [0.0, 0.0, 0.0, 0.0], [0.0, 0.0, 0.0, 0.0], [0.0, 0.0, 0.0, 0.0], [0.0, 0.0, 0.0, 0.0], [0.0, 0.0, 0.0, 0.0], [0.0, 0.0, 0.0, 0.0], [0.0, 0.0, 0.0, 0.0], [0.0, 0.0, 0.0, 0.0], [0.0, 0.0, 0.0, 0.0], [0.0, 0.0, 0.0, 0.0], [0.0, 0.0, 0.0, 0.0], [0.0, 0.0, 0.0, 0.0], [0.0, 0.0, 0.0, 0.0], [0.0, 0.0, 0.0, 0.0], [0.0, 0.0, 0.0, 0.0], [0.0, 0.0, 0.0, 0.0], [0.0, 0.0, 0.0, 0.0], [1351.0, 457.0, 1388.0, 480.0], [1351.0, 457.0, 1388.0, 480.0], [0.0, 0.0, 0.0, 0.0], [0.0, 0.0, 0.0, 0.0], [399.0, 399.0, 1602.0, 1080.0], [0.0, 0.0, 0.0, 0.0], [0.0, 0.0, 0.0, 0.0], [0.0, 0.0, 0.0, 0.0], [0.0, 0.0, 0.0, 0.0], [0.0, 0.0, 0.0, 0.0], [0.0, 0.0, 0.0, 0.0], [0.0, 0.0, 0.0, 0.0], [0.0, 0.0, 0.0, 0.0], [0.0, 0.0, 0.0, 0.0], [0.0, 0.0, 0.0, 0.0], [0.0, 0.0, 0.0, 0.0], [0.0, 0.0, 0.0, 0.0], [0.0, 0.0, 0.0, 0.0], [0.0, 0.0, 0.0, 0.0], [0.0, 0.0, 0.0, 0.0], [0.0, 0.0, 0.0, 0.0], [0.0, 0.0, 0.0, 0.0], [0.0, 0.0, 0.0, 0.0], [0.0, 0.0, 0.0, 0.0], [0.0, 0.0, 0.0, 0.0], [0.0, 0.0, 0.0, 0.0], [0.0, 0.0, 0.0, 0.0], [0.0, 0.0, 0.0, 0.0], [0.0, 0.0, 0.0, 0.0], [0.0, 0.0, 0.0, 0.0], [0.0, 0.0, 0.0, 0.0], [0.0, 0.0, 0.0, 0.0], [0.0, 0.0, 0.0, 0.0], [0.0, 0.0, 0.0, 0.0], [0.0, 0.0, 0.0, 0.0], [0.0, 0.0, 0.0, 0.0], [0.0, 0.0, 0.0, 0.0], [0.0, 0.0, 0.0, 0.0], [0.0, 0.0, 0.0, 0.0], [0.0, 0.0, 0.0, 0.0], [0.0, 0.0, 0.0, 0.0], [0.0, 0.0, 0.0, 0.0], [0.0, 0.0, 0.0, 0.0], [867.0, 484.0, 940.0, 520.0], [867.0, 484.0, 940.0, 520.0], [867.0, 484.0, 940.0, 520.0], [867.0, 484.0, 940.0, 520.0], [867.0, 484.0, 940.0, 520.0], [867.0, 484.0, 940.0, 520.0], [0.0, 0.0, 0.0, 0.0]], "masks": [{"size": [1080, 1920], "counts": "PPYo1"}, {"size": [1080, 1920], "counts": "PPYo1"}, {"size": [1080, 1920], "counts": "Vl]g01gQ11N10000000000001O001O00jSW52UlhJ0O1O10O2NlQ10SnN2O1O1O001O010O01O1O010O0010O01O3MfgU<0ZXjC0O100000000000000000000000000000000RTbd0"}, {"size": [1080, 1920], "counts": "PPYo1"}, {"size": [1080, 1920], "counts": "PPYo1"}, {"size": [1080, 1920], "counts": "PPYo1"}, {"size": [1080, 1920], "counts": "PPYo1"}, {"size": [1080, 1920], "counts": "PPYo1"}, {"size": [1080, 1920], "counts": "PPYo1"}, {"size": [1080, 1920], "counts": "PPYo1"}, {"size": [1080, 1920], "counts": "PPYo1"}, {"size": [1080, 1920], "counts": "PPYo1"}, {"size": [1080, 1920], "counts": "PPYo1"}, {"size": [1080, 1920], "counts": "PPYo1"}, {"size": [1080, 1920], "counts": "U\\ll04cQ14M2M3N1N2N101O01O1O2O00001O0O1O100O01O01O100O00100O1O1O010O1O010O100O001O2O0O0O\\[QQ1"}, {"size": [1080, 1920], "counts": "aZki01gQ11N2N1O3N1N101O001O0O2O0000010O00001O000001O01O010O0010O01O0001O0010O00010O00001O010O001O010O001O010O00100O1O0010O01O100O100O1O010O00100O100O000O20O0001O010O01O01O00001O01O1O001O1O1O1O00002O0O0010000O1000O01O10O01O0000010O1O010O10O010O10O0010O01O01O01O01O010O01O001O001O0010O0001O0010O01O01O01O1O1O001O010O001O1O1O00001O001O]fQP1"}, {"size": [1080, 1920], "counts": "aZki01gQ11N2N1O3N1N101O001O0O2O0000010O00001O000001O01O010O0010O01O0001O0010O00010O00001O010O001O010O001O010O00100O1O0010O01O100O100O1O010O00100O100O000O20O0001O010O01O01O00001O01O1O001O1O1O1O00002O0O0010000O1000O01O10O01O0000010O1O010O10O010O10O0010O01O01O01O01O010O01O001O001O0010O0001O0010O01O01O01O1O1O001O010O001O1O1O00001O001O]fQP1"}, {"size": [1080, 1920], "counts": "aZki01gQ11N2N1O3N1N101O001O0O2O0000010O00001O000001O01O010O0010O01O0001O0010O00010O00001O010O001O010O001O010O00100O1O0010O01O100O100O1O010O00100O100O000O20O0001O010O01O01O00001O01O1O001O1O1O1O00002O0O0010000O1000O01O10O01O0000010O1O010O10O010O10O0010O01O01O01O01O010O01O001O001O0010O0001O0010O01O01O01O1O1O001O010O001O1O1O00001O001O]fQP1"}, {"size": [1080, 1920], "counts": "PPYo1"}, {"size": [1080, 1920], "counts": "PPYo1"}, {"size": [1080, 1920], "counts": "PPYo1"}, {"size": [1080, 1920], "counts": "PPYo1"}, {"size": [1080, 1920], "counts": "jfRj01fQ12N3N1O00010O0O101O1O0000001O01O01O001O010O1O01O001O000010O00000010O01O001O0010O0000010O01O010O010O010000O01O010O1O1O02N2N2M2O0001O0OM300100001O11O6I001O01O10100O0O1O1O1O1N2O001O010O0001O2N1O1O001O00001O0001O00010O001O00010O1O01O10O00010O010O010O00001O000010O0100O01O01O01O10O00100O1O001O001O1O1O00001O^mUP1"}, {"size": [1080, 1920], "counts": "jfRj01fQ12N3N1O00010O0O101O1O0000001O01O01O001O010O1O01O001O000010O00000010O01O001O0010O0000010O01O010O010O010000O01O010O1O1O02N2N2M2O0001O0OM300100001O11O6I001O01O10100O0O1O1O1O1N2O001O010O0001O2N1O1O001O00001O0001O00010O001O00010O1O01O10O00010O010O010O00001O000010O0100O01O01O01O10O00100O1O001O001O1O1O00001O^mUP1"}, {"size": [1080, 1920], "counts": "PPYo1"}, {"size": [1080, 1920], "counts": "PPYo1"}, {"size": [1080, 1920], "counts": "PPYo1"}, {"size": [1080, 1920], "counts": "PPYo1"}, {"size": [1080, 1920], "counts": "PPYo1"}, {"size": [1080, 1920], "counts": "cX]m05aQ14M2O001O10O010O0010O010O010O10O01O010O0010O0001O01O010O010O01000O01O01O10O010O01O00100O010O001O0010O01O10O0001O0000001N100O2O2MlTgo0"}, {"size": [1080, 1920], "counts": "cX]m05aQ14M2O001O10O010O0010O010O010O10O01O010O0010O0001O01O010O010O01000O01O01O10O010O01O00100O010O001O0010O01O10O0001O0000001N100O2O2MlTgo0"}, {"size": [1080, 1920], "counts": "PPYo1"}, {"size": [1080, 1920], "counts": "PPYo1"}, {"size": [1080, 1920], "counts": "PPYo1"}, {"size": [1080, 1920], "counts": "PPYo1"}, {"size": [1080, 1920], "counts": "PPYo1"}, {"size": [1080, 1920], "counts": "PPYo1"}, {"size": [1080, 1920], "counts": "PPYo1"}, {"size": [1080, 1920], "counts": "PPYo1"}, {"size": [1080, 1920], "counts": "PPYo1"}, {"size": [1080, 1920], "counts": "PPYo1"}, {"size": [1080, 1920], "counts": "PPYo1"}, {"size": [1080, 1920], "counts": "PPYo1"}, {"size": [1080, 1920], "counts": "PPYo1"}, {"size": [1080, 1920], "counts": "PPYo1"}, {"size": [1080, 1920], "counts": "PPYo1"}, {"size": [1080, 1920], "counts": "PPYo1"}, {"size": [1080, 1920], "counts": "PPYo1"}, {"size": [1080, 1920], "counts": "PPYo1"}, {"size": [1080, 1920], "counts": "PPYo1"}, {"size": [1080, 1920], "counts": "Q[a\\12dQ13M2O101N1O1O2OO01O101N100O101O0O1O2O0O10O1O010O10000N2O1O1M3O1O1O2N1O1Nhd`a0"}, {"size": [1080, 1920],