{"labels": [12, 12, 0, 2, 3, 4, 6, 7, 8, 10, 11, 12, 12, 12, 1, 3, 4, 6, 8, 10, 10, 12, 12, 2, 1, 2, 12, 12, 7, 12, 7, 12, 2, 3, 4, 7, 8, 10, 14, 12, 12, 10, 2, 3, 4, 7, 10, 19, 2, 3, 7, 10, 12, 1, 10, 10, 2, 7, 19, 12, 1, 2, 3, 4, 6, 7, 8, 10, 11, 12, 14, 19, 21, 22, 12, 2, 7, 12, 2, 3, 4, 10, 14, 2, 2, 12, 2, 4, 6, 7, 8, 10, 12, 19, 12, 1, 6, 8, 11, 12], "scores": [0.00016675157530698925, 0.0, 0.0, 0.0, 0.0, 0.0, 0.0, 0.0, 0.0, 0.0, 0.0, 0.0, 0.0, 0.0, 0.0010415572905912995, 0.0003453235258348286, 0.00021848910546395928, 0.013281760737299919, 0.00036618331796489656, 0.00037620242801494896, 0.0, 0.0, 0.0, 0.0, 0.00022254447685554624, 0.0, 0.0, 0.0, 0.00025086014647968113, 0.0003143087378703058, 0.0, 0.00020145467715337873, 0.0003090305544901639, 0.5908122062683105, 0.0005837240605615079, 0.0006556498701684177, 0.0006895827245898545, 0.00026553869247436523, 0.00019507652905303985, 0.0, 0.0, 0.00023912456526886672, 0.310170441865921, 0.00026488970615901053, 0.003195299068465829, 0.00015339473611675203, 0.0004110225127078593, 0.0003015583788510412, 0.00017638244025874883, 0.0002462497213855386, 0.00039392770850099623, 0.00028858258156105876, 0.0004619340179488063, 0.0007166957948356867, 0.000948670320212841, 0.00028866471257060766, 0.0, 0.0, 0.9888166189193726, 0.0, 0.0049247038550674915, 0.0002455674111843109, 0.0005416352651081979, 0.00044799482566304505, 0.00021474975801538676, 0.004358566831797361, 0.255380779504776, 0.015491465106606483, 0.0004571012977976352, 0.0062547409906983376, 0.0002187384816352278, 0.0011300378246232867, 0.00024318767827935517, 0.00037729533505626023, 0.0, 0.0, 0.0, 0.0, 0.007079648785293102, 0.0003152081626467407, 0.5861767530441284, 0.0008521316922269762, 0.00018676008039619774, 0.0, 0.0, 0.0, 0.0, 0.0, 0.0, 0.0, 0.0, 0.0, 0.0, 0.0, 0.00021002120047342032, 0.00036537254345603287, 0.0002694740833248943, 0.000307002745103091, 0.0004815118736587465, 0.0], "bboxes": [[559.0, 584.0, 583.0, 603.0], [0.0, 0.0, 0.0, 0.0], [0.0, 0.0, 0.0, 0.0], [0.0, 0.0, 0.0, 0.0], [0.0, 0.0, 0.0, 0.0], [0.0, 0.0, 0.0, 0.0], [0.0, 0.0, 0.0, 0.0], [0.0, 0.0, 0.0, 0.0], [0.0, 0.0, 0.0, 0.0], [0.0, 0.0, 0.0, 0.0], [0.0, 0.0, 0.0, 0.0], [0.0, 0.0, 0.0, 0.0], [0.0, 0.0, 0.0, 0.0], [0.0, 0.0, 0.0, 0.0], [968.0, 550.0, 1034.0, 565.0], [968.0, 550.0, 1034.0, 565.0], [968.0, 550.0, 1034.0, 565.0], [968.0, 550.0, 1034.0, 565.0], [968.0, 550.0, 1034.0, 565.0], [968.0, 550.0, 1034.0, 565.0], [0.0, 0.0, 0.0, 0.0], [0.0, 0.0, 0.0, 0.0], [0.0, 0.0, 0.0, 0.0], [0.0, 0.0, 0.0, 0.0], [968.0, 551.0, 1028.0, 563.0], [0.0, 0.0, 0.0, 0.0], [0.0, 0.0, 0.0, 0.0], [0.0, 0.0, 0.0, 0.0], [562.0, 589.0, 579.0, 601.0], [562.0, 589.0, 579.0, 601.0], [0.0, 0.0, 0.0, 0.0], [559.0, 586.0, 580.0, 601.0], [963.0, 548.0, 1024.0, 565.0], [963.0, 548.0, 1024.0, 565.0], [963.0, 548.0, 1024.0, 565.0], [963.0, 548.0, 1024.0, 565.0], [963.0, 548.0, 1024.0, 565.0], [963.0, 548.0, 1024.0, 565.0], [963.0, 548.0, 1024.0, 565.0], [0.0, 0.0, 0.0, 0.0], [0.0, 0.0, 0.0, 0.0], [441.0, 544.0, 595.0, 617.0], [681.0, 521.0, 688.0, 530.0], [681.0, 521.0, 688.0, 530.0], [681.0, 521.0, 688.0, 530.0], [681.0, 521.0, 688.0, 530.0], [681.0, 521.0, 688.0, 530.0], [681.0, 521.0, 688.0, 530.0], [561.0, 588.0, 579.0, 599.0], [561.0, 588.0, 579.0, 599.0], [561.0, 588.0, 579.0, 599.0], [561.0, 588.0, 579.0, 599.0], [561.0, 588.0, 579.0, 599.0], [416.0, 544.0, 595.0, 616.0], [416.0, 544.0, 595.0, 616.0], [479.0, 563.0, 590.0, 614.0], [0.0, 0.0, 0.0, 0.0], [0.0, 0.0, 0.0, 0.0], [405.0, 382.0, 1609.0, 1080.0], [0.0, 0.0, 0.0, 0.0], [465.0, 544.0, 585.0, 616.0], [465.0, 544.0, 585.0, 616.0], [465.0, 544.0, 585.0, 616.0], [465.0, 544.0, 585.0, 616.0], [465.0, 544.0, 585.0, 616.0], [465.0, 544.0, 585.0, 616.0], [465.0, 544.0, 585.0, 616.0], [465.0, 544.0, 585.0, 616.0], [465.0, 544.0, 585.0, 616.0], [465.0, 544.0, 585.0, 616.0], [465.0, 544.0, 585.0, 616.0], [465.0, 544.0, 585.0, 616.0], [465.0, 544.0, 585.0, 616.0], [465.0, 544.0, 585.0, 616.0], [0.0, 0.0, 0.0, 0.0], [0.0, 0.0, 0.0, 0.0], [0.0, 0.0, 0.0, 0.0], [0.0, 0.0, 0.0, 0.0], [677.0, 518.0, 1198.0, 544.0], [677.0, 518.0, 1198.0, 544.0], [677.0, 518.0, 1198.0, 544.0], [677.0, 518.0, 1198.0, 544.0], [677.0, 518.0, 1198.0, 544.0], [0.0, 0.0, 0.0, 0.0], [0.0, 0.0, 0.0, 0.0], [0.0, 0.0, 0.0, 0.0], [0.0, 0.0, 0.0, 0.0], [0.0, 0.0, 0.0, 0.0], [0.0, 0.0, 0.0, 0.0], [0.0, 0.0, 0.0, 0.0], [0.0, 0.0, 0.0, 0.0], [0.0, 0.0, 0.0, 0.0], [0.0, 0.0, 0.0, 0.0], [0.0, 0.0, 0.0, 0.0], [568.0, 549.0, 995.0, 598.0], [958.0, 549.0, 1026.0, 561.0], [958.0, 549.0, 1026.0, 561.0], [958.0, 549.0, 1026.0, 561.0], [958.0, 549.0, 1026.0, 561.0], [0.0, 0.0, 0.0, 0.0]], "masks": [{"size": [1080, 1920], "counts": "jT^b04bQ14L201O001N100O1O101N0010N102N1O100O100O2M2O2N^aQ\\1"}, {"size": [1080, 1920], "counts": "PPYo1"}, {"size": [1080, 1920], "counts": "PPYo1"}, {"size": [1080, 1920], "counts": "PPYo1"}, {"size": [1080, 1920], "counts": "PPYo1"}, {"size": [1080, 1920], "counts": "PPYo1"}, {"size": [1080, 1920], "counts": "PPYo1"}, {"size": [1080, 1920], "counts": "PPYo1"}, {"size": [1080, 1920], "counts": "PPYo1"}, {"size": [1080, 1920], "counts": "PPYo1"}, {"size": [1080, 1920], "counts": "PPYo1"}, {"size": [1080, 1920], "counts": "PPYo1"}, {"size": [1080, 1920], "counts": "PPYo1"}, {"size": [1080, 1920], "counts": "PPYo1"}, {"size": [1080, 1920], "counts": "]_mo02fQ11O1O0O100O2O0O2N10000O101N100000000O1000001O0001O00000000000000000000000000000000O100000000000000000000000000001O001N1N3O1N1O2N2NUmUm0"}, {"size": [1080, 1920], "counts": "]_mo02fQ11O1O0O100O2O0O2N10000O101N100000000O1000001O0001O00000000000000000000000000000000O100000000000000000000000000001O001N1N3O1N1O2N2NUmUm0"}, {"size": [1080, 1920], "counts": "]_mo02fQ11O1O0O100O2O0O2N10000O101N100000000O1000001O0001O00000000000000000000000000000000O100000000000000000000000000001O001N1N3O1N1O2N2NUmUm0"}, {"size": [1080, 1920], "counts": "]_mo02fQ11O1O0O100O2O0O2N10000O101N100000000O1000001O0001O00000000000000000000000000000000O100000000000000000000000000001O001N1N3O1N1O2N2NUmUm0"}, {"size": [1080, 1920], "counts": "]_mo02fQ11O1O0O100O2O0O2N10000O101N100000000O1000001O0001O00000000000000000000000000000000O100000000000000000000000000001O001N1N3O1N1O2N2NUmUm0"}, {"size": [1080, 1920], "counts": "]_mo02fQ11O1O0O100O2O0O2N10000O101N100000000O1000001O0001O00000000000000000000000000000000O100000000000000000000000000001O001N1N3O1N1O2N2NUmUm0"}, {"size": [1080, 1920], "counts": "PPYo1"}, {"size": [1080, 1920], "counts": "PPYo1"}, {"size": [1080, 1920], "counts": "PPYo1"}, {"size": [1080, 1920], "counts": "PPYo1"}, {"size": [1080, 1920], "counts": "^_mo01fQ110000000000O2O0N20000O2O00000O1000000000000000000000000000000001O01N100000000000000O2O0000000000000001N10001N101N102MeW\\m0"}, {"size": [1080, 1920], "counts": "PPYo1"}, {"size": [1080, 1920], "counts": "PPYo1"}, {"size": [1080, 1920], "counts": "PPYo1"}, {"size": [1080, 1920], "counts": "UZab02fQ10000O02M3N1N3N10N1K6O100001O10OZhU\\1"}, {"size": [1080, 1920], "counts": "UZab02fQ10000O02M3N1N3N10N1K6O100001O10OZhU\\1"}, {"size": [1080, 1920], "counts": "PPYo1"}, {"size": [1080, 1920], "counts": "kT^b03bQ14M3O0000001N1O100O1000O1N1M401O00010N2LffT\\1"}, {"size": [1080, 1920], "counts": "dVho03dQ12N1O2O1O001N10000O2O0O10001N1000O10O100000000000001O000000000001O000O100000000000000000000000000000000000000O101O002N4Ig^`m0"}, {"size": [1080, 1920], "counts": "dVho03dQ12N1O2O1O001N10000O2O0O10001N1000O10O100000000000001O000000000001O000O100000000000000000000000000000000000000O101O002N4Ig^`m0"}, {"size": [1080, 1920], "counts": "dVho03dQ12N1O2O1O001N10000O2O0O10001N1000O10O100000000000001O000000000001O000O100000000000000000000000000000000000000O101O002N4Ig^`m0"}, {"size": [1080, 1920], "counts": "dVho03dQ12N1O2O1O001N10000O2O0O10001N1000O10O100000000000001O000000000001O000O100000000000000000000000000000000000000O101O002N4Ig^`m0"}, {"size": [1080, 1920],