{"labels": [12, 12, 0, 2, 3, 4, 6, 7, 8, 10, 11, 12, 12, 10, 10, 1, 3, 4, 6, 7, 8, 10, 22, 12, 2, 6, 2, 12, 7, 12, 7, 12, 7, 12, 10, 7, 12, 2, 3, 4, 6, 7, 8, 10, 14, 7, 12, 10, 0, 1, 2, 3, 4, 7, 8, 10, 14, 16, 19, 12, 2, 3, 4, 6, 7, 10, 12, 19, 10, 12, 1, 3, 6, 7, 8, 10, 11, 12, 19, 12, 1, 2, 4, 10, 10, 2, 10, 12, 2, 12, 10, 2, 4, 6, 7, 8, 10, 12, 19, 10], "scores": [0.0, 0.0, 0.0, 0.0, 0.0, 0.0, 0.0, 0.0, 0.0, 0.0, 0.0, 0.0, 0.0, 0.00014267505321186036, 0.0001737135462462902, 0.0011425245320424438, 0.00044669993803836405, 0.00023838428023736924, 0.025610724464058876, 0.00020848517306149006, 0.001632815576158464, 0.0006162217468954623, 0.00023880442313384265, 0.0, 0.0, 0.00016004151257220656, 0.0, 0.0, 0.00011608708155108616, 0.00018827056919690222, 0.0, 0.0, 0.0, 0.0, 0.00018754307529889047, 0.0, 0.0, 0.00026847500703297555, 0.46000584959983826, 0.0009614230366423726, 0.00018308752623852342, 0.00048199022421613336, 0.0024380579125136137, 0.00033103630994446576, 0.0002017860097112134, 0.0002035263169091195, 0.0006311238394118845, 0.00022676304797641933, 0.00013966816186439246, 0.0002166818012483418, 0.19410240650177002, 0.0009640570497140288, 0.04204525053501129, 0.00026206986512988806, 0.00026534803328104317, 0.001177271013148129, 0.00024077222042251378, 0.00015782653645146638, 0.00019642806728370488, 0.0, 0.00012285678531043231, 0.00025924324290826917, 0.00012363630230538547, 0.00016283223521895707, 0.000312070274958387, 0.0003022579476237297, 0.0005154462996870279, 0.9894406795501709, 0.00022584274120163172, 0.0006101552280597389, 0.0, 0.0, 0.0, 0.0, 0.0, 0.0, 0.0, 0.0, 0.0, 0.0, 0.00016850970860105008, 0.0024615658912807703, 0.6861369013786316, 0.0006122315535321832, 0.0001234518422279507, 0.0, 0.0, 0.0, 0.0, 0.0, 0.00020067110017407686, 0.0, 0.0, 0.0, 0.0, 0.0, 0.0, 0.0, 0.0, 0.0], "bboxes": [[0.0, 0.0, 0.0, 0.0], [0.0, 0.0, 0.0, 0.0], [0.0, 0.0, 0.0, 0.0], [0.0, 0.0, 0.0, 0.0], [0.0, 0.0, 0.0, 0.0], [0.0, 0.0, 0.0, 0.0], [0.0, 0.0, 0.0, 0.0], [0.0, 0.0, 0.0, 0.0], [0.0, 0.0, 0.0, 0.0], [0.0, 0.0, 0.0, 0.0], [0.0, 0.0, 0.0, 0.0], [0.0, 0.0, 0.0, 0.0], [0.0, 0.0, 0.0, 0.0], [481.0, 541.0, 601.0, 608.0], [478.0, 538.0, 599.0, 609.0], [973.0, 549.0, 1043.0, 561.0], [973.0, 549.0, 1043.0, 561.0], [973.0, 549.0, 1043.0, 561.0], [973.0, 549.0, 1043.0, 561.0], [973.0, 549.0, 1043.0, 561.0], [973.0, 549.0, 1043.0, 561.0], [973.0, 549.0, 1043.0, 561.0], [973.0, 549.0, 1043.0, 561.0], [0.0, 0.0, 0.0, 0.0], [0.0, 0.0, 0.0, 0.0], [971.0, 549.0, 1029.0, 559.0], [0.0, 0.0, 0.0, 0.0], [0.0, 0.0, 0.0, 0.0], [589.0, 573.0, 596.0, 579.0], [589.0, 573.0, 596.0, 579.0], [0.0, 0.0, 0.0, 0.0], [0.0, 0.0, 0.0, 0.0], [0.0, 0.0, 0.0, 0.0], [0.0, 0.0, 0.0, 0.0], [560.0, 570.0, 598.0, 588.0], [0.0, 0.0, 0.0, 0.0], [0.0, 0.0, 0.0, 0.0], [976.0, 549.0, 1030.0, 562.0], [976.0, 549.0, 1030.0, 562.0], [976.0, 549.0, 1030.0, 562.0], [976.0, 549.0, 1030.0, 562.0], [976.0, 549.0, 1030.0, 562.0], [976.0, 549.0, 1030.0, 562.0], [976.0, 549.0, 1030.0, 562.0], [976.0, 549.0, 1030.0, 562.0], [970.0, 547.0, 1035.0, 560.0], [588.0, 572.0, 598.0, 581.0], [477.0, 543.0, 603.0, 609.0], [567.0, 573.0, 599.0, 593.0], [674.0, 510.0, 704.0, 540.0], [674.0, 510.0, 704.0, 540.0], [674.0, 510.0, 704.0, 540.0], [674.0, 510.0, 704.0, 540.0], [674.0, 510.0, 704.0, 540.0], [674.0, 510.0, 704.0, 540.0], [674.0, 510.0, 704.0, 540.0], [674.0, 510.0, 704.0, 540.0], [674.0, 510.0, 704.0, 540.0], [674.0, 510.0, 704.0, 540.0], [0.0, 0.0, 0.0, 0.0], [513.0, 536.0, 574.0, 548.0], [513.0, 536.0, 574.0, 548.0], [513.0, 536.0, 574.0, 548.0], [513.0, 536.0, 574.0, 548.0], [513.0, 536.0, 574.0, 548.0], [513.0, 536.0, 574.0, 548.0], [513.0, 536.0, 574.0, 548.0], [403.0, 379.0, 1609.0, 1080.0], [580.0, 568.0, 602.0, 589.0], [580.0, 568.0, 602.0, 589.0], [0.0, 0.0, 0.0, 0.0], [0.0, 0.0, 0.0, 0.0], [0.0, 0.0, 0.0, 0.0], [0.0, 0.0, 0.0, 0.0], [0.0, 0.0, 0.0, 0.0], [0.0, 0.0, 0.0, 0.0], [0.0, 0.0, 0.0, 0.0], [0.0, 0.0, 0.0, 0.0], [0.0, 0.0, 0.0, 0.0], [0.0, 0.0, 0.0, 0.0], [675.0, 510.0, 1160.0, 552.0], [675.0, 510.0, 1160.0, 552.0], [675.0, 510.0, 1160.0, 552.0], [675.0, 510.0, 1160.0, 552.0], [540.0, 536.0, 598.0, 581.0], [0.0, 0.0, 0.0, 0.0], [0.0, 0.0, 0.0, 0.0], [0.0, 0.0, 0.0, 0.0], [0.0, 0.0, 0.0, 0.0], [0.0, 0.0, 0.0, 0.0], [542.0, 568.0, 599.0, 590.0], [0.0, 0.0, 0.0, 0.0], [0.0, 0.0, 0.0, 0.0], [0.0, 0.0, 0.0, 0.0], [0.0, 0.0, 0.0, 0.0], [0.0, 0.0, 0.0, 0.0], [0.0, 0.0, 0.0, 0.0], [0.0, 0.0, 0.0, 0.0], [0.0, 0.0, 0.0, 0.0], [0.0, 0.0, 0.0, 0.0]], "masks": [{"size": [1080, 1920], "counts": "PPYo1"}, {"size": [1080, 1920], "counts": "PPYo1"}, {"size": [1080, 1920], "counts": "PPYo1"}, {"size": [1080, 1920], "counts": "PPYo1"}, {"size": [1080, 1920], "counts": "PPYo1"}, {"size": [1080, 1920], "counts": "PPYo1"}, {"size": [1080, 1920], "counts": "PPYo1"}, {"size": [1080, 1920], "counts": "PPYo1"}, {"size": [1080, 1920], "counts": "PPYo1"}, {"size": [1080, 1920], "counts": "PPYo1"}, {"size": [1080, 1920], "counts": "PPYo1"}, {"size": [1080, 1920], "counts": "PPYo1"}, {"size": [1080, 1920], "counts": "PPYo1"}, {"size": [1080, 1920], "counts": "]lk?2eQ13M2N1O2N1O2M2N2O2N1O2N101N1N2N3N1O1O1O1O1O1O0H9O10O100O10O1O1O10O0POloN>TP1@ooN>RP1BnoN=SP1BooN=RP1APPO=RP1@PPO?RP1_OPPO`0PP1@PPO`0oo0AQPO>PP1CPPO<oo0FPPO4CH]P15ooNKC32K]P17ooN4UP1LloN2VP1NhoN2WP10goN1WP10foN3ZP1NfoN1ZP1OgoNO[P12_oNCO<aP1h0N1O2O0O1M4M200O10O1000O10000O100N11000000000000fNkoNQ1UP1oNmoNo0RP1QOUPOh0lo0XOUPOg0ko0XOVPOi0jo0SOZPOl0YP11OO10000O101O1O1O00O10000000000001O1O0O2O1N101N1O1O1O2O0O1O2O1O001N1L5L^b^[1"}, {"size": [1080, 1920], "counts": "Ugh?2eQ13K4M2O2O0O1O2M2O2M2K5N3M200O2O0O1O2M2O1IkNjoNV1UP17O2J410O10O0100000O01O100O1O0101N1O10000O010O100O10000O100O10O1O000100000000000O100O10O10O10O10O1000000O01000000O10O10000O0100000000000000O2O001O1N2O6J6J1O1O1O001O2N2N1N3N1N2N2M2O2N1O101N101O1N2N2Lme`[1"}, {"size": [1080, 1920], "counts": "UhRP11fQ12N1O1O10000O10000000000O100000000O100000001O000O10001O00000000000000000000000000000000000000000001O0000001O00001O000000001O0000001N101O2M\\]ll0"}, {"size": [1080, 1920], "counts": "UhRP11fQ12N1O1O10000O10000000000O100000000O100000001O000O10001O00000000000000000000000000000000000000000001O0000001O00001O000000001O0000001N101O2M\\]ll0"}, {"size": [1080, 1920], "counts": "UhRP11fQ12N1O1O10000O10000000000O100000000O100000001O000O10001O00000000000000000000000000000000000000000001O0000001O00001O000000001O0000001N101O2M\\]ll0"}, {"size": [1080, 1920], "counts": "UhRP11fQ12N1O1O10000O10000000000O100000000O100000001O000O10001O00000000000000000000000000000000000000000001O0000001O00001O000000001O0000001N101O2M\\]ll0"}, {"size": [1080, 1920], "counts": "UhRP11fQ12N1O1O10000O10000000000O100000000O100000001O000O10001O00000000000000000000000000000000000000000001O0000001O00001O000000001O0000001N101O2M\\]ll0"}, {"size": [1080, 1920], "counts": "UhRP11fQ12N1O1O10000O10000000000O100000000O100000001O000O10001O00000000000000000000000000000000000000000001O0000001O00001O000000001O0000001N101O2M\\]ll0"}, {"size": [1080, 1920], "counts": "UhRP11fQ12N1O1O10000O10000000000O100000000O100000001O000O10001O00000000000000000000000000000000000000000001O0000001O00001O000000001O0000001N101O2M\\]ll0"}, {"size": [1080, 1920], "counts": "UhRP11fQ12N1O1O10000O10000000000O100000000O100000001O000O10001O00000000000000000000000000000000000000000001O0000001O00001O000000001O0000001N101O2M\\]ll0"}, {"size": [1080, 1920], "counts": "PPYo1"}, {"size": [1080, 1920], "counts": "PPYo1"}, {"size": [1080, 1920], "counts": "bdPP14cQ12O0O10000O10O1000O10O100O100O10000O1000O1000001O1O001O001O000000000000000000000000000000000001O00000000001N2N2N2OnU[m0"}, {"size": [1080, 1920], "counts": "PPYo1"}, {"size": [1080, 1920], "counts": "PPYo1"}, {"size": [1080, 1920], "counts": "ih]c02fQ10O1N1010O2MTkc[1"}, {"size": [1080, 1920], "counts": "ih]c02fQ10O1N1010O2MTkc[1"}, {"size": [1080, 1920], "counts": "PPYo1"}, {"size": [1080, 1920], "counts": "PPYo1"}, {"size": [1080, 1920], "counts": "PPYo1"}, {"size": [1080, 1920], "counts": "PPYo1"}, {"size": [1080, 1920],