{"labels": [12, 7, 10, 12, 2, 3, 6, 7, 8, 10, 11, 12, 12, 12, 12, 12, 12, 1, 6, 8, 10, 12, 1, 6, 12, 10, 7, 12, 7, 12, 2, 3, 4, 7, 8, 7, 12, 10, 12, 12, 7, 0, 10, 1, 2, 3, 4, 7, 8, 10, 14, 19, 10, 12, 2, 3, 6, 7, 10, 12, 2, 19, 7, 12, 8, 2, 3, 7, 10, 12, 1, 7, 8, 10, 12, 19, 2, 7, 10, 12, 2, 3, 4, 10, 10, 12, 2, 12, 10, 12, 2, 6, 7, 8, 10, 12, 19, 1, 6, 7], "scores": [0.0001458419137634337, 0.0, 0.0, 0.0, 0.0, 0.0, 0.0, 0.0, 0.0, 0.0, 0.0, 0.0, 0.0, 0.0, 0.0, 0.0, 0.0, 0.0007212004857137799, 0.009049085900187492, 0.0001904189703054726, 0.0, 0.0, 0.00031561520881950855, 0.00036545933107845485, 0.0, 0.0002428467123536393, 0.0, 0.0, 0.0, 0.0, 0.00018979223386850208, 0.6573610901832581, 0.0004876932071056217, 0.00024250580463558435, 0.0008664364577271044, 0.00031521738856099546, 0.0, 0.00042532332008704543, 0.0, 0.0, 0.0, 0.0, 0.0005684301140718162, 0.00027071087970398366, 0.1935422569513321, 0.0010927687399089336, 0.05119644105434418, 0.0002379536599619314, 0.00035916961496695876, 0.0017264855559915304, 0.00027600067551247776, 0.00022978462220635265, 0.0, 0.0, 0.0001579692034283653, 0.00025278818793594837, 0.00013648922322317958, 0.0003456272534094751, 0.0004472727596294135, 0.0006773467757739127, 0.0, 0.989446759223938, 0.0, 0.0, 0.0001676487154327333, 0.0, 0.0, 0.0, 0.0, 0.0, 0.001055535627529025, 0.0012924796901643276, 0.008073889650404453, 0.004736779257655144, 0.0018185467924922705, 0.0002494650543667376, 0.0, 0.0, 0.0, 0.0, 0.00351965450681746, 0.00017089051834773272, 0.6217523217201233, 0.0009255150216631591, 0.0, 0.0, 0.0, 0.0, 0.0, 0.0, 0.0, 0.0, 0.0, 0.0, 0.0, 0.0, 0.0, 0.0002160845760954544, 0.00019173302280250937, 0.0], "bboxes": [[497.0, 545.0, 572.0, 600.0], [0.0, 0.0, 0.0, 0.0], [0.0, 0.0, 0.0, 0.0], [0.0, 0.0, 0.0, 0.0], [0.0, 0.0, 0.0, 0.0], [0.0, 0.0, 0.0, 0.0], [0.0, 0.0, 0.0, 0.0], [0.0, 0.0, 0.0, 0.0], [0.0, 0.0, 0.0, 0.0], [0.0, 0.0, 0.0, 0.0], [0.0, 0.0, 0.0, 0.0], [0.0, 0.0, 0.0, 0.0], [0.0, 0.0, 0.0, 0.0], [0.0, 0.0, 0.0, 0.0], [0.0, 0.0, 0.0, 0.0], [0.0, 0.0, 0.0, 0.0], [0.0, 0.0, 0.0, 0.0], [977.0, 547.0, 1042.0, 566.0], [977.0, 547.0, 1042.0, 566.0], [977.0, 547.0, 1042.0, 566.0], [0.0, 0.0, 0.0, 0.0], [0.0, 0.0, 0.0, 0.0], [973.0, 546.0, 1052.0, 563.0], [973.0, 546.0, 1052.0, 563.0], [0.0, 0.0, 0.0, 0.0], [448.0, 541.0, 586.0, 606.0], [0.0, 0.0, 0.0, 0.0], [0.0, 0.0, 0.0, 0.0], [0.0, 0.0, 0.0, 0.0], [0.0, 0.0, 0.0, 0.0], [977.0, 545.0, 1030.0, 561.0], [977.0, 545.0, 1030.0, 561.0], [977.0, 545.0, 1030.0, 561.0], [977.0, 545.0, 1030.0, 561.0], [977.0, 545.0, 1030.0, 561.0], [904.0, 525.0, 1050.0, 562.0], [0.0, 0.0, 0.0, 0.0], [975.0, 546.0, 1030.0, 555.0], [0.0, 0.0, 0.0, 0.0], [0.0, 0.0, 0.0, 0.0], [0.0, 0.0, 0.0, 0.0], [0.0, 0.0, 0.0, 0.0], [446.0, 539.0, 597.0, 606.0], [678.0, 513.0, 699.0, 536.0], [678.0, 513.0, 699.0, 536.0], [678.0, 513.0, 699.0, 536.0], [678.0, 513.0, 699.0, 536.0], [678.0, 513.0, 699.0, 536.0], [678.0, 513.0, 699.0, 536.0], [678.0, 513.0, 699.0, 536.0], [678.0, 513.0, 699.0, 536.0], [678.0, 513.0, 699.0, 536.0], [0.0, 0.0, 0.0, 0.0], [0.0, 0.0, 0.0, 0.0], [544.0, 544.0, 574.0, 557.0], [544.0, 544.0, 574.0, 557.0], [544.0, 544.0, 574.0, 557.0], [544.0, 544.0, 574.0, 557.0], [544.0, 544.0, 574.0, 557.0], [544.0, 544.0, 574.0, 557.0], [0.0, 0.0, 0.0, 0.0], [403.0, 382.0, 1610.0, 1080.0], [0.0, 0.0, 0.0, 0.0], [0.0, 0.0, 0.0, 0.0], [973.0, 546.0, 1032.0, 557.0], [0.0, 0.0, 0.0, 0.0], [0.0, 0.0, 0.0, 0.0], [0.0, 0.0, 0.0, 0.0], [0.0, 0.0, 0.0, 0.0], [0.0, 0.0, 0.0, 0.0], [466.0, 542.0, 587.0, 608.0], [466.0, 542.0, 587.0, 608.0], [466.0, 542.0, 587.0, 608.0], [466.0, 542.0, 587.0, 608.0], [466.0, 542.0, 587.0, 608.0], [466.0, 542.0, 587.0, 608.0], [0.0, 0.0, 0.0, 0.0], [0.0, 0.0, 0.0, 0.0], [0.0, 0.0, 0.0, 0.0], [0.0, 0.0, 0.0, 0.0], [678.0, 511.0, 703.0, 539.0], [678.0, 511.0, 703.0, 539.0], [678.0, 511.0, 703.0, 539.0], [678.0, 511.0, 703.0, 539.0], [0.0, 0.0, 0.0, 0.0], [0.0, 0.0, 0.0, 0.0], [0.0, 0.0, 0.0, 0.0], [0.0, 0.0, 0.0, 0.0], [0.0, 0.0, 0.0, 0.0], [0.0, 0.0, 0.0, 0.0], [0.0, 0.0, 0.0, 0.0], [0.0, 0.0, 0.0, 0.0], [0.0, 0.0, 0.0, 0.0], [0.0, 0.0, 0.0, 0.0], [0.0, 0.0, 0.0, 0.0], [0.0, 0.0, 0.0, 0.0], [0.0, 0.0, 0.0, 0.0], [963.0, 545.0, 1042.0, 559.0], [963.0, 545.0, 1042.0, 559.0], [0.0, 0.0, 0.0, 0.0]], "masks": [{"size": [1080, 1920], "counts": "]h\\`02fQ11OOaif10_VYN11O]a:Od^E0O10001OO2OnU]\\1"}, {"size": [1080, 1920], "counts": "PPYo1"}, {"size": [1080, 1920], "counts": "PPYo1"}, {"size": [1080, 1920], "counts": "PPYo1"}, {"size": [1080, 1920], "counts": "PPYo1"}, {"size": [1080, 1920], "counts": "PPYo1"}, {"size": [1080, 1920], "counts": "PPYo1"}, {"size": [1080, 1920], "counts": "PPYo1"}, {"size": [1080, 1920], "counts": "PPYo1"}, {"size": [1080, 1920], "counts": "PPYo1"}, {"size": [1080, 1920], "counts": "PPYo1"}, {"size": [1080, 1920], "counts": "PPYo1"}, {"size": [1080, 1920], "counts": "PPYo1"}, {"size": [1080, 1920], "counts": "PPYo1"}, {"size": [1080, 1920], "counts": "PPYo1"}, {"size": [1080, 1920], "counts": "PPYo1"}, {"size": [1080, 1920], "counts": "PPYo1"}, {"size": [1080, 1920], "counts": "RoVP14dQ11N10001O000O100O101N10001N10001O000O2O000000001N1000000000001O0000000000000000000000O2O000O10001O0O100O2O000001O01N101O001O0O2KZ_ml0"}, {"size": [1080, 1920], "counts": "RoVP14dQ11N10001O000O100O101N10001N10001O000O2O000000001N1000000000001O0000000000000000000000O2O000O10001O0O100O2O000001O01N101O001O0O2KZ_ml0"}, {"size": [1080, 1920], "counts": "RoVP14dQ11N10001O000O100O101N10001N10001O000O2O000000001N1000000000001O0000000000000000000000O2O000O10001O0O100O2O000001O01N101O001O0O2KZ_ml0"}, {"size": [1080, 1920], "counts": "PPYo1"}, {"size": [1080, 1920], "counts": "PPYo1"}, {"size": [1080, 1920], "counts": "RhRP11gQ12M2O001N100000000O10O010000O2O0000000O101O00001O0O1000001O00000O100000000000001O00O1000000O101O0O10001O0000001O01O000001O0000010O0O2N1N2010O010O001O1O11M2Membl0"}, {"size": [1080, 1920], "counts": "RhRP11gQ12M2O001N100000000O10O010000O2O0000000O101O00001O0O1000001O00000O100000000000001O00O1000000O101O0O10001O0000001O01O000001O0000010O0O2N1N2010O010O001O1O11M2Membl0"}, {"size": [1080, 1920], "counts": "PPYo1"}, {"size": [1080, 1920], "counts": "\\Ri>3dQ12N1O1O10O1001O000O1N2N3N1L5M2O1L5N101N101O00000O2O0O2N1O101N101O0O2O0O100O2O001N1000000O1O2O0O10001N100O10O010000000O10O100000O0100000O100O10O0100O1000O0100O0100O010000O1000O100000O10O10O1O100O100O100O1000O10O10000O100O100O1O1O1O100O10000000001N101N1O1O2M2N3N1O2M3L4M3N3N2LY]n[1"}, {"size": [1080, 1920], "counts": "PPYo1"}, {"size": [1080, 1920], "counts": "PPYo1"}, {"size": [1080, 1920], "counts": "PPYo1"}, {"size": [1080, 1920], "counts": "PPYo1"}, {"size": [1080, 1920], "counts": "RoVP11fQ13N1O0O2O0O0010O0100O2O000O100000001N101O00000000000O101O0001O000000000000000000000O101N101O00001O001N3MYTZm0"}, {"size": [1080, 1920], "counts": "RoVP11fQ13N1O0O2O0O0010O0100O2O000O100000001N101O00000000000O101O0001O000000000000000000000O101N101O00001O001N3MYTZm0"}, {"size": [1080, 1920], "counts": "RoVP11fQ13N1O0O2O0O0010O0100O2O000O100000001N101O00000000000O101O0001O000000000000000000000O101N101O00001O001N3MYTZm0"}, {"size": [1080, 1920], "counts": "RoVP11fQ13N1O0O2O0O0010O0100O2O000O100000001N101O00000000000O101O0001O000000000000000000000O101N101O00001O001N3MYTZm0"}, {"size": [1080, 1920], "counts": "RoVP11fQ13N1O0O2O0O0010O0100O2O000O100000001N101O00000000000O101O0001O000000000000000000000O101N101O00001O001N3MYTZm0"}, {"size": [1080, 1920], "counts": "]nim01gQ11O00O]]Q21cbnM2M2O0O2O0O100O1000000O10O10O10000O10000O10000000001O00000O101O000000001O0000000000000000000000O1000000O20O000001O00001O01O00010O01O00001O001O1K500O011MfS2N\\mbl0"}, {"size": [1080, 1920], "counts": "PPYo1"}, {"size": [1080, 1920], "counts": "akTP12fQ100000000O10mV40SiK0O2O000000000000000000000000O10000000O2O000000000O101O0O1000000000000001O001O001N100O\\TZm0"}, {"size": [1080, 1920], "counts": "PPYo1"}, {"size": [1080, 1920], "counts": "PPYo1"}, {"size": [1080, 1920], "counts": "PPYo1"}, {"size": [1080, 1920], "counts": "PPYo1"}, {"size": [1080, 1920],