{"labels": [12, 12, 7, 12, 0, 2, 3, 4, 6, 7, 8, 10, 11, 12, 12, 12, 12, 12, 7, 12, 1, 3, 6, 7, 8, 10, 12, 2, 6, 7, 12, 2, 10, 12, 7, 12, 12, 2, 3, 4, 7, 8, 10, 7, 12, 10, 12, 12, 12, 7, 0, 12, 10, 2, 3, 4, 10, 3, 6, 7, 10, 12, 1, 19, 7, 12, 10, 1, 7, 8, 10, 12, 19, 12, 2, 4, 10, 10, 2, 10, 12, 2, 12, 2, 10, 12, 2, 6, 7, 8, 10, 12, 19, 10, 12, 1, 6, 11, 12, 12], "scores": [0.0, 0.0, 0.0, 0.0, 0.0, 0.0, 0.0, 0.0, 0.0, 0.0, 0.0, 0.0, 0.0, 0.0, 0.0, 0.0, 0.0, 9.795803634915501e-05, 0.0, 0.0, 0.0005626138299703598, 0.00035916295018978417, 0.008418701589107513, 0.00015252528828568757, 0.00021359859965741634, 0.0002888290327973664, 0.0, 0.0, 0.00015557289589196444, 0.00012856601097155362, 0.0, 0.0, 0.00022415671264752746, 0.0, 0.0, 0.0, 0.0, 0.00016128324205055833, 0.6088405847549438, 0.0009211928700096905, 0.00015795450599398464, 0.0005059798713773489, 0.00017281183681916445, 0.00023086403962224722, 0.0, 0.0, 0.0, 0.0, 0.0, 0.0, 0.0, 0.0, 0.0004197309026494622, 0.013123185373842716, 0.00014017021749168634, 0.002950488356873393, 0.0004154352063778788, 0.0001574525813339278, 9.700353257358074e-05, 0.00022500974591821432, 0.00027194040012545884, 0.00036544533213600516, 0.00013853034761268646, 0.9888536334037781, 0.0, 0.0, 0.00048503646394237876, 0.0009957500733435154, 0.0008032622281461954, 0.009854773990809917, 0.00405307300388813, 0.001342318719252944, 0.00020930662867613137, 0.0, 0.00030833977507427335, 0.7783863544464111, 0.00018225013627670705, 0.0002471350017003715, 0.0, 0.0, 0.0, 0.0, 0.0, 0.0, 0.0, 0.0, 0.0, 0.0, 0.0, 0.0, 0.0, 0.0, 0.0, 0.00013056605530437082, 0.0003611212596297264, 0.00011366436228854582, 0.00012128250818932429, 0.0010425371583551168, 0.00016553071327507496, 0.0], "bboxes": [[0.0, 0.0, 0.0, 0.0], [0.0, 0.0, 0.0, 0.0], [0.0, 0.0, 0.0, 0.0], [0.0, 0.0, 0.0, 0.0], [0.0, 0.0, 0.0, 0.0], [0.0, 0.0, 0.0, 0.0], [0.0, 0.0, 0.0, 0.0], [0.0, 0.0, 0.0, 0.0], [0.0, 0.0, 0.0, 0.0], [0.0, 0.0, 0.0, 0.0], [0.0, 0.0, 0.0, 0.0], [0.0, 0.0, 0.0, 0.0], [0.0, 0.0, 0.0, 0.0], [0.0, 0.0, 0.0, 0.0], [0.0, 0.0, 0.0, 0.0], [0.0, 0.0, 0.0, 0.0], [0.0, 0.0, 0.0, 0.0], [585.0, 574.0, 587.0, 576.0], [0.0, 0.0, 0.0, 0.0], [0.0, 0.0, 0.0, 0.0], [902.0, 517.0, 1059.0, 561.0], [902.0, 517.0, 1059.0, 561.0], [902.0, 517.0, 1059.0, 561.0], [902.0, 517.0, 1059.0, 561.0], [902.0, 517.0, 1059.0, 561.0], [902.0, 517.0, 1059.0, 561.0], [0.0, 0.0, 0.0, 0.0], [0.0, 0.0, 0.0, 0.0], [917.0, 525.0, 1053.0, 556.0], [917.0, 525.0, 1053.0, 556.0], [0.0, 0.0, 0.0, 0.0], [0.0, 0.0, 0.0, 0.0], [442.0, 539.0, 588.0, 590.0], [0.0, 0.0, 0.0, 0.0], [0.0, 0.0, 0.0, 0.0], [0.0, 0.0, 0.0, 0.0], [0.0, 0.0, 0.0, 0.0], [915.0, 521.0, 1040.0, 557.0], [915.0, 521.0, 1040.0, 557.0], [915.0, 521.0, 1040.0, 557.0], [915.0, 521.0, 1040.0, 557.0], [915.0, 521.0, 1040.0, 557.0], [915.0, 521.0, 1040.0, 557.0], [894.0, 514.0, 1059.0, 559.0], [0.0, 0.0, 0.0, 0.0], [0.0, 0.0, 0.0, 0.0], [0.0, 0.0, 0.0, 0.0], [0.0, 0.0, 0.0, 0.0], [0.0, 0.0, 0.0, 0.0], [0.0, 0.0, 0.0, 0.0], [0.0, 0.0, 0.0, 0.0], [0.0, 0.0, 0.0, 0.0], [442.0, 537.0, 598.0, 590.0], [680.0, 504.0, 710.0, 533.0], [680.0, 504.0, 710.0, 533.0], [680.0, 504.0, 710.0, 533.0], [680.0, 504.0, 710.0, 533.0], [546.0, 545.0, 547.0, 546.0], [546.0, 545.0, 547.0, 546.0], [546.0, 545.0, 547.0, 546.0], [546.0, 545.0, 547.0, 546.0], [546.0, 545.0, 547.0, 546.0], [1001.0, 545.0, 1052.0, 555.0], [401.0, 383.0, 1610.0, 1080.0], [0.0, 0.0, 0.0, 0.0], [0.0, 0.0, 0.0, 0.0], [444.0, 539.0, 597.0, 592.0], [462.0, 541.0, 589.0, 590.0], [462.0, 541.0, 589.0, 590.0], [462.0, 541.0, 589.0, 590.0], [462.0, 541.0, 589.0, 590.0], [462.0, 541.0, 589.0, 590.0], [462.0, 541.0, 589.0, 590.0], [0.0, 0.0, 0.0, 0.0], [682.0, 501.0, 713.0, 534.0], [682.0, 501.0, 713.0, 534.0], [682.0, 501.0, 713.0, 534.0], [449.0, 538.0, 594.0, 591.0], [0.0, 0.0, 0.0, 0.0], [0.0, 0.0, 0.0, 0.0], [0.0, 0.0, 0.0, 0.0], [0.0, 0.0, 0.0, 0.0], [0.0, 0.0, 0.0, 0.0], [0.0, 0.0, 0.0, 0.0], [0.0, 0.0, 0.0, 0.0], [0.0, 0.0, 0.0, 0.0], [0.0, 0.0, 0.0, 0.0], [0.0, 0.0, 0.0, 0.0], [0.0, 0.0, 0.0, 0.0], [0.0, 0.0, 0.0, 0.0], [0.0, 0.0, 0.0, 0.0], [0.0, 0.0, 0.0, 0.0], [0.0, 0.0, 0.0, 0.0], [584.0, 573.0, 588.0, 577.0], [584.0, 573.0, 588.0, 577.0], [976.0, 542.0, 1031.0, 550.0], [976.0, 542.0, 1031.0, 550.0], [976.0, 542.0, 1031.0, 550.0], [976.0, 542.0, 1031.0, 550.0], [0.0, 0.0, 0.0, 0.0]], "masks": [{"size": [1080, 1920], "counts": "PPYo1"}, {"size": [1080, 1920], "counts": "PPYo1"}, {"size": [1080, 1920], "counts": "PPYo1"}, {"size": [1080, 1920], "counts": "PPYo1"}, {"size": [1080, 1920], "counts": "PPYo1"}, {"size": [1080, 1920], "counts": "PPYo1"}, {"size": [1080, 1920], "counts": "PPYo1"}, {"size": [1080, 1920], "counts": "PPYo1"}, {"size": [1080, 1920], "counts": "PPYo1"}, {"size": [1080, 1920], "counts": "PPYo1"}, {"size": [1080, 1920], "counts": "PPYo1"}, {"size": [1080, 1920], "counts": "PPYo1"}, {"size": [1080, 1920], "counts": "PPYo1"}, {"size": [1080, 1920], "counts": "PPYo1"}, {"size": [1080, 1920], "counts": "PPYo1"}, {"size": [1080, 1920], "counts": "PPYo1"}, {"size": [1080, 1920], "counts": "PPYo1"}, {"size": [1080, 1920], "counts": "faYc02fQ1OkZm[1"}, {"size": [1080, 1920], "counts": "PPYo1"}, {"size": [1080, 1920], "counts": "PPYo1"}, {"size": [1080, 1920], "counts": "fjgm01fQ11000000001O0000oX50QgJ1O00000dZ60\\eI001O01Ol[]10SdbN3N001N10000O1O100O10001O0O1000001O0000001N100000000000001O00000000000000001O000000000000O100000001O000001O00000001O000000001O001O00001O01O01O00001N101O1O1O001O001N3N[a[l0"}, {"size": [1080, 1920], "counts": "fjgm01fQ11000000001O0000oX50QgJ1O00000dZ60\\eI001O01Ol[]10SdbN3N001N10000O1O100O10001O0O1000001O0000001N100000000000001O00000000000000001O000000000000O100000001O000001O00000001O000000001O001O00001O01O01O00001N101O1O1O001O001N3N[a[l0"}, {"size": [1080, 1920], "counts": "fjgm01fQ11000000001O0000oX50QgJ1O00000dZ60\\eI001O01Ol[]10SdbN3N001N10000O1O100O10001O0O1000001O0000001N100000000000001O00000000000000001O000000000000O100000001O000001O00000001O000000001O001O00001O01O01O00001N101O1O1O001O001N3N[a[l0"}, {"size": [1080, 1920], "counts": "fjgm01fQ11000000001O0000oX50QgJ1O00000dZ60\\eI001O01Ol[]10SdbN3N001N10000O1O100O10001O0O1000001O0000001N100000000000001O00000000000000001O000000000000O100000001O000001O00000001O000000001O001O00001O01O01O00001N101O1O1O001O001N3N[a[l0"}, {"size": [1080, 1920], "counts": "fjgm01fQ11000000001O0000oX50QgJ1O00000dZ60\\eI001O01Ol[]10SdbN3N001N10000O1O100O10001O0O1000001O0000001N100000000000001O00000000000000001O000000000000O100000001O000001O00000001O000000001O001O00001O01O01O00001N101O1O1O001O001N3N[a[l0"}, {"size": [1080, 1920], "counts": "fjgm01fQ11000000001O0000oX50QgJ1O00000dZ60\\eI001O01Ol[]10SdbN3N001N10000O1O100O10001O0O1000001O0000001N100000000000001O00000000000000001O000000000000O100000001O000001O00000001O000000001O001O00001O01O01O00001N101O1O1O001O001N3N[a[l0"}, {"size": [1080, 1920], "counts": "PPYo1"}, {"size": [1080, 1920], "counts": "PPYo1"}, {"size": [1080, 1920], "counts": "UeWn01gQ1000000000010O00cS20\\lM20O00lba10T]^N000O1O1O1O101O00000O100000000000001O000000000000000O1000000000001O01O00O101O0000000001O01O0000000000000001O0000001O001O001O00001O00001O001O1O1O1Nokal0"}, {"size": [1080, 1920], "counts": "UeWn01gQ1000000000010O00cS20\\lM20O00lba10T]^N000O1O1O1O101O00000O100000000000001O000000000000000O1000000000001O01O00O101O0000000001O01O0000000000000001O0000001O001O001O00001O00001O001O1O1O1Nokal0"}, {"size": [1080, 1920], "counts": "PPYo1"}, {"size": [1080, 1920], "counts": "PPYo1"}, {"size": [1080, 1920], "counts": "Ugb>4dQ12M1O2N2O1O1N2O1N3N0O2O00001O0O100O2O00000000000O100O2O000O100O10001O000O2O00000O2O0000000O101O0O100O10000O2O000O10000O10000000001O00000000001O000000O1000O100000O1000O100O10000O10O10O10O100O100000000O10O10O10000O10000O10000O1001O00O100O1O100O1O2N10000000001O000O2O10O010O10N101DZoNCgP1<[oNCfP1<\\oNBeP1<\\oNDeP1:]oNEdP19b0JhYl[1"}, {"size": [1080, 1920], "counts": "PPYo1"}, {"size": [1080, 1920], "counts": "PPYo1"}, {"size": [1080, 1920], "counts": "PPYo1"}, {"size": [1080, 1920],