{"labels": [12, 10, 12, 2, 3, 4, 6, 7, 8, 10, 11, 10, 12, 0, 1, 2, 3, 4, 6, 7, 8, 10, 11, 12, 19, 10, 12, 1, 10, 4, 12, 7, 12, 7, 10, 8, 12, 3, 3, 4, 7, 12, 10, 6, 7, 12, 7, 10, 1, 2, 3, 4, 8, 10, 14, 19, 7, 10, 12, 1, 10, 10, 1, 19, 12, 7, 12, 19, 22, 10, 12, 1, 6, 7, 8, 10, 11, 12, 19, 10, 2, 3, 4, 10, 2, 10, 12, 6, 7, 12, 19, 2, 7, 8, 10, 12, 19, 10, 11, 10], "scores": [0.0, 0.0, 0.0, 0.0, 0.0, 0.0, 0.0, 0.0, 0.0, 0.0, 0.0, 0.0, 0.0, 0.0, 0.0, 0.0, 0.0, 0.0, 0.0, 0.0, 0.0, 0.0, 0.0, 0.0, 0.0, 0.0, 0.0, 0.0001991804747376591, 0.00014909167657606304, 0.0001374106213916093, 0.0, 0.0010490781860426068, 0.0003066820790991187, 0.0, 0.0, 0.0, 0.0, 0.0, 0.00012010423961328343, 0.00013161190145183355, 0.0002908795140683651, 0.0, 0.0, 8.854270708980039e-05, 0.00023719338059891015, 0.0004106434644199908, 0.0, 0.0, 0.00037880358286201954, 0.04005693271756172, 0.0002822277892846614, 0.020536353811621666, 0.00024274685711134225, 0.0017452971078455448, 0.0001372309197904542, 0.0002196196437580511, 0.0, 0.0, 0.0, 0.00013796800340060145, 0.0005799868959002197, 0.0, 0.00022674167121294886, 0.990555465221405, 0.0, 0.0005049199680797756, 0.0006218266789801419, 0.0013734509702771902, 0.00016137902275659144, 0.0, 0.0, 0.0, 0.0, 0.0, 0.0, 0.0, 0.0, 0.0, 0.0, 0.0, 0.0006778835086151958, 0.00022671699116472155, 0.7327680587768555, 0.000702476070728153, 0.0, 0.0, 0.0, 0.00014471227768808603, 0.0004760856390930712, 0.0002783813397400081, 0.0001058919369825162, 0.0, 0.0, 0.0, 0.0, 0.0, 0.0, 0.0, 0.0001643539289943874, 0.0], "bboxes": [[0.0, 0.0, 0.0, 0.0], [0.0, 0.0, 0.0, 0.0], [0.0, 0.0, 0.0, 0.0], [0.0, 0.0, 0.0, 0.0], [0.0, 0.0, 0.0, 0.0], [0.0, 0.0, 0.0, 0.0], [0.0, 0.0, 0.0, 0.0], [0.0, 0.0, 0.0, 0.0], [0.0, 0.0, 0.0, 0.0], [0.0, 0.0, 0.0, 0.0], [0.0, 0.0, 0.0, 0.0], [0.0, 0.0, 0.0, 0.0], [0.0, 0.0, 0.0, 0.0], [0.0, 0.0, 0.0, 0.0], [0.0, 0.0, 0.0, 0.0], [0.0, 0.0, 0.0, 0.0], [0.0, 0.0, 0.0, 0.0], [0.0, 0.0, 0.0, 0.0], [0.0, 0.0, 0.0, 0.0], [0.0, 0.0, 0.0, 0.0], [0.0, 0.0, 0.0, 0.0], [0.0, 0.0, 0.0, 0.0], [0.0, 0.0, 0.0, 0.0], [0.0, 0.0, 0.0, 0.0], [0.0, 0.0, 0.0, 0.0], [0.0, 0.0, 0.0, 0.0], [0.0, 0.0, 0.0, 0.0], [989.0, 530.0, 1033.0, 536.0], [989.0, 530.0, 1033.0, 536.0], [987.0, 529.0, 1031.0, 536.0], [0.0, 0.0, 0.0, 0.0], [437.0, 746.0, 455.0, 790.0], [437.0, 746.0, 455.0, 790.0], [0.0, 0.0, 0.0, 0.0], [0.0, 0.0, 0.0, 0.0], [0.0, 0.0, 0.0, 0.0], [0.0, 0.0, 0.0, 0.0], [0.0, 0.0, 0.0, 0.0], [986.0, 527.0, 1042.0, 536.0], [986.0, 527.0, 1042.0, 536.0], [986.0, 527.0, 1042.0, 536.0], [0.0, 0.0, 0.0, 0.0], [0.0, 0.0, 0.0, 0.0], [445.0, 765.0, 447.0, 770.0], [445.0, 765.0, 447.0, 770.0], [445.0, 765.0, 447.0, 770.0], [0.0, 0.0, 0.0, 0.0], [0.0, 0.0, 0.0, 0.0], [685.0, 476.0, 708.0, 495.0], [685.0, 476.0, 708.0, 495.0], [685.0, 476.0, 708.0, 495.0], [685.0, 476.0, 708.0, 495.0], [685.0, 476.0, 708.0, 495.0], [685.0, 476.0, 708.0, 495.0], [685.0, 476.0, 708.0, 495.0], [685.0, 476.0, 708.0, 495.0], [0.0, 0.0, 0.0, 0.0], [0.0, 0.0, 0.0, 0.0], [0.0, 0.0, 0.0, 0.0], [537.0, 533.0, 543.0, 536.0], [537.0, 533.0, 543.0, 536.0], [0.0, 0.0, 0.0, 0.0], [397.0, 380.0, 1609.0, 1080.0], [397.0, 380.0, 1609.0, 1080.0], [0.0, 0.0, 0.0, 0.0], [413.0, 651.0, 519.0, 850.0], [413.0, 651.0, 519.0, 850.0], [413.0, 651.0, 519.0, 850.0], [413.0, 651.0, 519.0, 850.0], [0.0, 0.0, 0.0, 0.0], [0.0, 0.0, 0.0, 0.0], [0.0, 0.0, 0.0, 0.0], [0.0, 0.0, 0.0, 0.0], [0.0, 0.0, 0.0, 0.0], [0.0, 0.0, 0.0, 0.0], [0.0, 0.0, 0.0, 0.0], [0.0, 0.0, 0.0, 0.0], [0.0, 0.0, 0.0, 0.0], [0.0, 0.0, 0.0, 0.0], [0.0, 0.0, 0.0, 0.0], [685.0, 474.0, 711.0, 497.0], [685.0, 474.0, 711.0, 497.0], [685.0, 474.0, 711.0, 497.0], [685.0, 474.0, 711.0, 497.0], [0.0, 0.0, 0.0, 0.0], [0.0, 0.0, 0.0, 0.0], [0.0, 0.0, 0.0, 0.0], [437.0, 748.0, 450.0, 775.0], [437.0, 748.0, 450.0, 775.0], [437.0, 748.0, 450.0, 775.0], [437.0, 748.0, 450.0, 775.0], [0.0, 0.0, 0.0, 0.0], [0.0, 0.0, 0.0, 0.0], [0.0, 0.0, 0.0, 0.0], [0.0, 0.0, 0.0, 0.0], [0.0, 0.0, 0.0, 0.0], [0.0, 0.0, 0.0, 0.0], [0.0, 0.0, 0.0, 0.0], [979.0, 528.0, 1032.0, 535.0], [0.0, 0.0, 0.0, 0.0]], "masks": [{"size": [1080, 1920], "counts": "PPYo1"}, {"size": [1080, 1920], "counts": "PPYo1"}, {"size": [1080, 1920], "counts": "PPYo1"}, {"size": [1080, 1920], "counts": "PPYo1"}, {"size": [1080, 1920], "counts": "PPYo1"}, {"size": [1080, 1920], "counts": "PPYo1"}, {"size": [1080, 1920], "counts": "PPYo1"}, {"size": [1080, 1920], "counts": "PPYo1"}, {"size": [1080, 1920], "counts": "PPYo1"}, {"size": [1080, 1920], "counts": "PPYo1"}, {"size": [1080, 1920], "counts": "PPYo1"}, {"size": [1080, 1920], "counts": "PPYo1"}, {"size": [1080, 1920], "counts": "PPYo1"}, {"size": [1080, 1920], "counts": "PPYo1"}, {"size": [1080, 1920], "counts": "PPYo1"}, {"size": [1080, 1920], "counts": "PPYo1"}, {"size": [1080, 1920], "counts": "PPYo1"}, {"size": [1080, 1920], "counts": "PPYo1"}, {"size": [1080, 1920], "counts": "PPYo1"}, {"size": [1080, 1920], "counts": "PPYo1"}, {"size": [1080, 1920], "counts": "PPYo1"}, {"size": [1080, 1920], "counts": "PPYo1"}, {"size": [1080, 1920], "counts": "PPYo1"}, {"size": [1080, 1920], "counts": "PPYo1"}, {"size": [1080, 1920], "counts": "PPYo1"}, {"size": [1080, 1920], "counts": "PPYo1"}, {"size": [1080, 1920], "counts": "PPYo1"}, {"size": [1080, 1920], "counts": "\\ccP12eQ12O0O1000000000000000001O0001O00000O01000000001O001O001N10000001O0001O0000O1000000001OboVm0"}, {"size": [1080, 1920], "counts": "\\ccP12eQ12O0O1000000000000000001O0001O00000O01000000001O001O001N10000001O0001O0000O1000000001OboVm0"}, {"size": [1080, 1920], "counts": "m_aP11eQ12O2O0000001O00000O10000001O0000000000000O1000000000001O1O1N100000000000PW40PiK1O0SSYm0"}, {"size": [1080, 1920], "counts": "PPYo1"}, {"size": [1080, 1920], "counts": "Sd]>4cQ130OO2O1O2O3ON01O00O2N100NkU3J_UU`1"}, {"size": [1080, 1920], "counts": "Sd]>4cQ130OO2O1O2O3ON01O00O2N100NkU3J_UU`1"}, {"size": [1080, 1920], "counts": "PPYo1"}, {"size": [1080, 1920], "counts": "PPYo1"}, {"size": [1080, 1920], "counts": "PPYo1"}, {"size": [1080, 1920], "counts": "PPYo1"}, {"size": [1080, 1920], "counts": "PPYo1"}, {"size": [1080, 1920], "counts": "R^`P11fQ12O2N001O0000001N1000000000000O100000000000000001O00000000000O1010O00000001O0000000000001O001O00000O2O0000001Oj_ml0"}, {"size": [1080, 1920], "counts": "R^`P11fQ12O2N001O0000001N1000000000000O100000000000000001O00000000000O1010O00000001O0000000000001O001O00000O2O0000001Oj_ml0"}, {"size": [1080, 1920], "counts": "R^`P11fQ12O2N001O0000001N1000000000000O100000000000000001O00000000000O1010O00000001O0000000000001O001O00000O2O0000001Oj_ml0"}, {"size": [1080, 1920], "counts": "PPYo1"}, {"size": [1080, 1920], "counts": "PPYo1"}, {"size": [1080, 1920], "counts": "eRf>2fQ13hi``1"}, {"size": [1080, 1920], "counts": "eRf>2fQ13hi``1"}, {"size": [1080, 1920], "counts": "eRf>2fQ13hi``1"}, {"size": [1080, 1920], "counts": "PPYo1"}, {"size": [1080, 1920], "counts": "PPYo1"}, {"size": [1080, 1920], "counts": "Unbf01cQ15N1O1N2M30O01O010O010O01O001O00100N2O1O1N3MUjmW1"}, {"size": [1080, 1920], "counts": "Unbf01cQ15N1O1N2M30O01O010O010O01O001O00100N2O1O1N3MUjmW1"}, {"size": [1080, 1920], "counts": "Unbf01cQ15N1O1N2M30O01O010O010O01O001O00100N2O1O1N3MUjmW1"}, {"size": [1080, 1920], "counts": "Unbf01cQ15N1O1N2M30O01O010O010O01O001O00100N2O1O1N3MUjmW1"}, {"size": [1080, 1920], "counts": "Unbf01cQ15N1O1N2M30O01O010O010O01O001O00100N2O1O1N3MUjmW1"}, {"size": [1080, 1920], "counts": "Unbf01cQ15N1O1N2M30O01O010O010O01O001O00100N2O1O1N3MUjmW1"}, {"size": [1080, 1920], "counts": "Unbf01cQ15N1O1N2M30O01O010O010O01O001O00100N2O1O1N3MUjmW1"}, {"size": [1080, 1920], "counts": "Unbf01cQ15N1O1N2M30O01O010O010O01O001O00100N2O1O1N3MUjmW1"}, {"size": [1080, 1920], "counts": "PPYo1"}, {"size": [1080, 1920], "counts": "PPYo1"}, {"size": [1080, 1920], "counts": "PPYo1"}, {"size": [1080, 1920], "counts": "]lfa01gQ11O000010NSi[]1"}, {"size": [1080, 1920], "counts": "]lfa01gQ11O000010NSi[]1"}, {"size": [1080, 1920], "counts": "PPYo1"}, {"size": [1080, 1920],