{"labels": [12, 2, 3, 4, 6, 7, 8, 10, 7, 1, 2, 3, 4, 6, 7, 8, 10, 11, 10, 10, 12, 2, 1, 10, 12, 10, 4, 7, 10, 12, 7, 7, 10, 1, 2, 3, 4, 7, 8, 10, 14, 7, 12, 10, 7, 10, 2, 3, 4, 10, 12, 19, 3, 7, 10, 12, 1, 2, 10, 19, 10, 7, 10, 12, 1, 3, 6, 7, 8, 10, 11, 12, 19, 10, 1, 2, 3, 4, 6, 7, 8, 10, 14, 19, 10, 2, 10, 12, 2, 10, 2, 4, 7, 8, 10, 12, 19, 6, 11, 10], "scores": [0.0, 0.0, 0.0, 0.0, 0.0, 0.0, 0.0, 0.0, 0.0001256075338460505, 0.0013966591795906425, 0.0001772534305928275, 0.00044534049811773, 0.0003641027142293751, 0.00902783777564764, 0.0004994478076696396, 0.0004087772686034441, 0.0019521034555509686, 0.00017838607891462743, 0.0, 0.0, 0.0, 0.0, 0.00018077975255437195, 0.0, 0.0, 0.0, 0.00016960712673608214, 0.0, 0.0, 0.0, 0.0, 0.0, 0.0, 0.00021377184020821005, 0.0005003537517040968, 0.29613298177719116, 0.002756887348368764, 0.0005370777798816562, 0.0003484424960333854, 0.0005922373384237289, 0.00021793167979922146, 0.0001715793478069827, 0.0, 0.0003075783315580338, 0.0, 0.0, 0.0, 0.0, 0.0, 0.0, 0.0, 0.0, 0.0, 0.0, 0.0, 0.0, 0.0009357454255223274, 0.0, 0.0, 0.9881412386894226, 0.00028217912768013775, 0.00012650425196625292, 0.000305497640511021, 0.0005929064354859293, 0.0, 0.0, 0.0, 0.0, 0.0, 0.0, 0.0, 0.0, 0.0, 0.0, 0.00031447262153960764, 0.025395112112164497, 0.0016022931085899472, 0.16745799779891968, 0.00017222216411028057, 0.0009425460593774915, 0.0004268824413884431, 0.005140148103237152, 0.0002842344401869923, 0.00017057810327969491, 0.0, 0.0, 0.0, 0.0, 0.0, 0.0, 0.0, 0.0, 0.0, 0.0, 0.0, 0.0, 0.0, 0.00014670216478407383, 0.0011142564471811056, 0.0], "bboxes": [[0.0, 0.0, 0.0, 0.0], [0.0, 0.0, 0.0, 0.0], [0.0, 0.0, 0.0, 0.0], [0.0, 0.0, 0.0, 0.0], [0.0, 0.0, 0.0, 0.0], [0.0, 0.0, 0.0, 0.0], [0.0, 0.0, 0.0, 0.0], [0.0, 0.0, 0.0, 0.0], [986.0, 530.0, 1004.0, 531.0], [988.0, 528.0, 1045.0, 537.0], [988.0, 528.0, 1045.0, 537.0], [988.0, 528.0, 1045.0, 537.0], [988.0, 528.0, 1045.0, 537.0], [988.0, 528.0, 1045.0, 537.0], [988.0, 528.0, 1045.0, 537.0], [988.0, 528.0, 1045.0, 537.0], [988.0, 528.0, 1045.0, 537.0], [988.0, 528.0, 1045.0, 537.0], [0.0, 0.0, 0.0, 0.0], [0.0, 0.0, 0.0, 0.0], [0.0, 0.0, 0.0, 0.0], [0.0, 0.0, 0.0, 0.0], [979.0, 528.0, 1063.0, 538.0], [0.0, 0.0, 0.0, 0.0], [0.0, 0.0, 0.0, 0.0], [0.0, 0.0, 0.0, 0.0], [981.0, 528.0, 1047.0, 536.0], [0.0, 0.0, 0.0, 0.0], [0.0, 0.0, 0.0, 0.0], [0.0, 0.0, 0.0, 0.0], [0.0, 0.0, 0.0, 0.0], [0.0, 0.0, 0.0, 0.0], [0.0, 0.0, 0.0, 0.0], [980.0, 526.0, 1058.0, 538.0], [980.0, 526.0, 1058.0, 538.0], [980.0, 526.0, 1058.0, 538.0], [980.0, 526.0, 1058.0, 538.0], [980.0, 526.0, 1058.0, 538.0], [980.0, 526.0, 1058.0, 538.0], [980.0, 526.0, 1058.0, 538.0], [980.0, 526.0, 1058.0, 538.0], [872.0, 481.0, 1063.0, 539.0], [0.0, 0.0, 0.0, 0.0], [984.0, 529.0, 1003.0, 531.0], [0.0, 0.0, 0.0, 0.0], [0.0, 0.0, 0.0, 0.0], [0.0, 0.0, 0.0, 0.0], [0.0, 0.0, 0.0, 0.0], [0.0, 0.0, 0.0, 0.0], [0.0, 0.0, 0.0, 0.0], [0.0, 0.0, 0.0, 0.0], [0.0, 0.0, 0.0, 0.0], [0.0, 0.0, 0.0, 0.0], [0.0, 0.0, 0.0, 0.0], [0.0, 0.0, 0.0, 0.0], [0.0, 0.0, 0.0, 0.0], [998.0, 530.0, 1044.0, 537.0], [0.0, 0.0, 0.0, 0.0], [0.0, 0.0, 0.0, 0.0], [398.0, 380.0, 1608.0, 1080.0], [534.0, 520.0, 553.0, 529.0], [529.0, 521.0, 539.0, 523.0], [529.0, 521.0, 539.0, 523.0], [529.0, 521.0, 539.0, 523.0], [0.0, 0.0, 0.0, 0.0], [0.0, 0.0, 0.0, 0.0], [0.0, 0.0, 0.0, 0.0], [0.0, 0.0, 0.0, 0.0], [0.0, 0.0, 0.0, 0.0], [0.0, 0.0, 0.0, 0.0], [0.0, 0.0, 0.0, 0.0], [0.0, 0.0, 0.0, 0.0], [0.0, 0.0, 0.0, 0.0], [0.0, 0.0, 0.0, 0.0], [690.0, 478.0, 697.0, 486.0], [690.0, 478.0, 697.0, 486.0], [690.0, 478.0, 697.0, 486.0], [690.0, 478.0, 697.0, 486.0], [690.0, 478.0, 697.0, 486.0], [690.0, 478.0, 697.0, 486.0], [690.0, 478.0, 697.0, 486.0], [690.0, 478.0, 697.0, 486.0], [690.0, 478.0, 697.0, 486.0], [690.0, 478.0, 697.0, 486.0], [0.0, 0.0, 0.0, 0.0], [0.0, 0.0, 0.0, 0.0], [0.0, 0.0, 0.0, 0.0], [0.0, 0.0, 0.0, 0.0], [0.0, 0.0, 0.0, 0.0], [0.0, 0.0, 0.0, 0.0], [0.0, 0.0, 0.0, 0.0], [0.0, 0.0, 0.0, 0.0], [0.0, 0.0, 0.0, 0.0], [0.0, 0.0, 0.0, 0.0], [0.0, 0.0, 0.0, 0.0], [0.0, 0.0, 0.0, 0.0], [0.0, 0.0, 0.0, 0.0], [981.0, 527.0, 1020.0, 532.0], [981.0, 527.0, 1020.0, 532.0], [0.0, 0.0, 0.0, 0.0]], "masks": [{"size": [1080, 1920], "counts": "PPYo1"}, {"size": [1080, 1920], "counts": "PPYo1"}, {"size": [1080, 1920], "counts": "PPYo1"}, {"size": [1080, 1920], "counts": "PPYo1"}, {"size": [1080, 1920], "counts": "PPYo1"}, {"size": [1080, 1920], "counts": "PPYo1"}, {"size": [1080, 1920], "counts": "PPYo1"}, {"size": [1080, 1920], "counts": "PPYo1"}, {"size": [1080, 1920], "counts": "R^`P11gQ1000000000000000`Z60`eI000^bUn0"}, {"size": [1080, 1920], "counts": "babP11fQ12O001O00001O001O000O101O0000001O0001O0000000000000000000000001N1000000010O000000000001O0000000000001N100000001NcZjl0"}, {"size": [1080, 1920], "counts": "babP11fQ12O001O00001O001O000O101O0000001O0001O0000000000000000000000001N1000000010O000000000001O0000000000001N100000001NcZjl0"}, {"size": [1080, 1920], "counts": "babP11fQ12O001O00001O001O000O101O0000001O0001O0000000000000000000000001N1000000010O000000000001O0000000000001N100000001NcZjl0"}, {"size": [1080, 1920], "counts": "babP11fQ12O001O00001O001O000O101O0000001O0001O0000000000000000000000001N1000000010O000000000001O0000000000001N100000001NcZjl0"}, {"size": [1080, 1920], "counts": "babP11fQ12O001O00001O001O000O101O0000001O0001O0000000000000000000000001N1000000010O000000000001O0000000000001N100000001NcZjl0"}, {"size": [1080, 1920], "counts": "babP11fQ12O001O00001O001O000O101O0000001O0001O0000000000000000000000001N1000000010O000000000001O0000000000001N100000001NcZjl0"}, {"size": [1080, 1920], "counts": "babP11fQ12O001O00001O001O000O101O0000001O0001O0000000000000000000000001N1000000010O000000000001O0000000000001N100000001NcZjl0"}, {"size": [1080, 1920], "counts": "babP11fQ12O001O00001O001O000O101O0000001O0001O0000000000000000000000001N1000000010O000000000001O0000000000001N100000001NcZjl0"}, {"size": [1080, 1920], "counts": "babP11fQ12O001O00001O001O000O101O0000001O0001O0000000000000000000000001N1000000010O000000000001O0000000000001N100000001NcZjl0"}, {"size": [1080, 1920], "counts": "PPYo1"}, {"size": [1080, 1920], "counts": "PPYo1"}, {"size": [1080, 1920], "counts": "PPYo1"}, {"size": [1080, 1920], "counts": "PPYo1"}, {"size": [1080, 1920], "counts": "iQYP11gQ11N10001O00001O001O00000000000000001O00000000001O0000000000000000000000000001O00000000001O0000000001O000000000001O0000001N100000001O00000O2O0000O1000001O010O1O02N1O00oZWl0"}, {"size": [1080, 1920], "counts": "PPYo1"}, {"size": [1080, 1920], "counts": "PPYo1"}, {"size": [1080, 1920], "counts": "PPYo1"}, {"size": [1080, 1920], "counts": "YU[P12fQ100001N101O00001O00000000000000001O000000000000001O00000000O1000001O000000001O0000000000000000001O01O0000000001O00000O2O000000001ORWhl0"}, {"size": [1080, 1920], "counts": "PPYo1"}, {"size": [1080, 1920], "counts": "PPYo1"}, {"size": [1080, 1920], "counts": "PPYo1"}, {"size": [1080, 1920], "counts": "PPYo1"}, {"size": [1080, 1920], "counts": "PPYo1"}, {"size": [1080, 1920], "counts": "PPYo1"}, {"size": [1080, 1920], "counts": "aSZP12eQ1101N2O1O001O000O2O01O00000000O101O00000000001O000000000000O2O000000000000001O000000001O000000000000000000001O0000001O00001OO100001O001N10000O10001O000000jc\\l0"}, {"size": [1080, 1920], "counts": "aSZP12eQ1101N2O1O001O000O2O01O00000000O101O00000000001O000000000000O2O000000000000001O000000001O000000000000000000001O0000001O00001OO100001O001N10000O10001O000000jc\\l0"}, {"size": [1080, 1920], "counts": "aSZP12eQ1101N2O1O001O000O2O01O00000000O101O00000000001O000000000000O2O000000000000001O000000001O000000000000000000001O0000001O00001OO100001O001N10000O10001O000000jc\\l0"}, {"size": [1080, 1920], "counts": "aSZP12eQ1101N2O1O001O000O2O01O00000000O101O00000000001O000000000000O2O000000000000001O000000001O000000000000000000001O0000001O00001OO100001O001N10000O10001O000000jc\\l0"}, {"size": [1080, 1920],