{"labels": [12, 10, 12, 2, 3, 4, 6, 7, 8, 10, 1, 2, 3, 4, 6, 7, 8, 10, 10, 10, 12, 2, 10, 1, 6, 10, 10, 10, 10, 7, 10, 12, 7, 7, 10, 12, 3, 4, 7, 10, 4, 7, 10, 12, 10, 10, 7, 0, 10, 2, 3, 4, 10, 19, 10, 3, 7, 10, 12, 1, 10, 2, 10, 19, 12, 7, 10, 12, 1, 6, 7, 8, 10, 11, 12, 19, 1, 2, 3, 4, 6, 7, 8, 10, 14, 19, 10, 2, 10, 12, 2, 10, 2, 7, 8, 10, 19, 1, 11, 12], "scores": [0.0, 0.0, 0.0, 0.0, 0.0, 0.0, 0.0, 0.0, 0.0, 0.0, 0.0015892114024609327, 0.0001392603007843718, 0.0002472068590577692, 0.0002615185221657157, 0.003983325324952602, 0.00025193311739712954, 0.00020811376452911645, 0.0018954017432406545, 0.0, 0.0, 0.0, 0.0, 0.0, 0.00034122643410228193, 0.00010556785127846524, 0.00013864277570974082, 0.0, 0.0, 0.0, 0.0, 0.0, 0.0, 0.0, 0.0, 0.0, 0.0, 0.0, 0.0, 0.0, 0.0, 0.0001510667789261788, 0.00021661038044840097, 0.0, 0.0, 0.0, 9.91869019344449e-05, 0.0, 0.0, 0.0, 0.0, 0.0, 0.0, 0.0, 0.0, 0.0, 0.0, 0.0, 0.0, 0.0, 0.0, 0.0, 0.0, 0.0, 0.9897347092628479, 0.00010445574298501015, 0.0, 0.0, 0.0, 0.0, 0.0, 0.0, 0.0, 0.0, 0.0, 0.0, 0.0, 0.000668767374008894, 0.011939330957829952, 0.00220432598143816, 0.07747748494148254, 0.00018666181131266057, 0.001038110931403935, 0.0005613041575998068, 0.007207831367850304, 0.0002030312898568809, 0.00022672986960969865, 0.0, 0.0, 0.0, 0.0, 0.0, 0.0, 0.0, 0.0, 0.0, 0.0, 0.0, 0.00011195320985279977, 0.00032458442728966475, 0.0], "bboxes": [[0.0, 0.0, 0.0, 0.0], [0.0, 0.0, 0.0, 0.0], [0.0, 0.0, 0.0, 0.0], [0.0, 0.0, 0.0, 0.0], [0.0, 0.0, 0.0, 0.0], [0.0, 0.0, 0.0, 0.0], [0.0, 0.0, 0.0, 0.0], [0.0, 0.0, 0.0, 0.0], [0.0, 0.0, 0.0, 0.0], [0.0, 0.0, 0.0, 0.0], [999.0, 529.0, 1067.0, 539.0], [999.0, 529.0, 1067.0, 539.0], [999.0, 529.0, 1067.0, 539.0], [999.0, 529.0, 1067.0, 539.0], [999.0, 529.0, 1067.0, 539.0], [999.0, 529.0, 1067.0, 539.0], [999.0, 529.0, 1067.0, 539.0], [999.0, 529.0, 1067.0, 539.0], [0.0, 0.0, 0.0, 0.0], [0.0, 0.0, 0.0, 0.0], [0.0, 0.0, 0.0, 0.0], [0.0, 0.0, 0.0, 0.0], [0.0, 0.0, 0.0, 0.0], [1013.0, 530.0, 1067.0, 539.0], [1013.0, 530.0, 1067.0, 539.0], [1013.0, 530.0, 1067.0, 539.0], [0.0, 0.0, 0.0, 0.0], [0.0, 0.0, 0.0, 0.0], [0.0, 0.0, 0.0, 0.0], [0.0, 0.0, 0.0, 0.0], [0.0, 0.0, 0.0, 0.0], [0.0, 0.0, 0.0, 0.0], [0.0, 0.0, 0.0, 0.0], [0.0, 0.0, 0.0, 0.0], [0.0, 0.0, 0.0, 0.0], [0.0, 0.0, 0.0, 0.0], [0.0, 0.0, 0.0, 0.0], [0.0, 0.0, 0.0, 0.0], [0.0, 0.0, 0.0, 0.0], [0.0, 0.0, 0.0, 0.0], [857.0, 476.0, 1148.0, 539.0], [857.0, 476.0, 1148.0, 539.0], [0.0, 0.0, 0.0, 0.0], [0.0, 0.0, 0.0, 0.0], [0.0, 0.0, 0.0, 0.0], [1002.0, 529.0, 1059.0, 535.0], [0.0, 0.0, 0.0, 0.0], [0.0, 0.0, 0.0, 0.0], [0.0, 0.0, 0.0, 0.0], [0.0, 0.0, 0.0, 0.0], [0.0, 0.0, 0.0, 0.0], [0.0, 0.0, 0.0, 0.0], [0.0, 0.0, 0.0, 0.0], [0.0, 0.0, 0.0, 0.0], [0.0, 0.0, 0.0, 0.0], [0.0, 0.0, 0.0, 0.0], [0.0, 0.0, 0.0, 0.0], [0.0, 0.0, 0.0, 0.0], [0.0, 0.0, 0.0, 0.0], [0.0, 0.0, 0.0, 0.0], [0.0, 0.0, 0.0, 0.0], [0.0, 0.0, 0.0, 0.0], [0.0, 0.0, 0.0, 0.0], [398.0, 380.0, 1609.0, 1080.0], [426.0, 710.0, 447.0, 767.0], [0.0, 0.0, 0.0, 0.0], [0.0, 0.0, 0.0, 0.0], [0.0, 0.0, 0.0, 0.0], [0.0, 0.0, 0.0, 0.0], [0.0, 0.0, 0.0, 0.0], [0.0, 0.0, 0.0, 0.0], [0.0, 0.0, 0.0, 0.0], [0.0, 0.0, 0.0, 0.0], [0.0, 0.0, 0.0, 0.0], [0.0, 0.0, 0.0, 0.0], [0.0, 0.0, 0.0, 0.0], [697.0, 478.0, 699.0, 479.0], [697.0, 478.0, 699.0, 479.0], [697.0, 478.0, 699.0, 479.0], [697.0, 478.0, 699.0, 479.0], [697.0, 478.0, 699.0, 479.0], [697.0, 478.0, 699.0, 479.0], [697.0, 478.0, 699.0, 479.0], [697.0, 478.0, 699.0, 479.0], [697.0, 478.0, 699.0, 479.0], [697.0, 478.0, 699.0, 479.0], [0.0, 0.0, 0.0, 0.0], [0.0, 0.0, 0.0, 0.0], [0.0, 0.0, 0.0, 0.0], [0.0, 0.0, 0.0, 0.0], [0.0, 0.0, 0.0, 0.0], [0.0, 0.0, 0.0, 0.0], [0.0, 0.0, 0.0, 0.0], [0.0, 0.0, 0.0, 0.0], [0.0, 0.0, 0.0, 0.0], [0.0, 0.0, 0.0, 0.0], [0.0, 0.0, 0.0, 0.0], [982.0, 526.0, 1059.0, 535.0], [982.0, 526.0, 1059.0, 535.0], [0.0, 0.0, 0.0, 0.0]], "masks": [{"size": [1080, 1920], "counts": "PPYo1"}, {"size": [1080, 1920], "counts": "PPYo1"}, {"size": [1080, 1920], "counts": "PPYo1"}, {"size": [1080, 1920], "counts": "PPYo1"}, {"size": [1080, 1920], "counts": "PPYo1"}, {"size": [1080, 1920], "counts": "PPYo1"}, {"size": [1080, 1920], "counts": "PPYo1"}, {"size": [1080, 1920], "counts": "PPYo1"}, {"size": [1080, 1920], "counts": "PPYo1"}, {"size": [1080, 1920], "counts": "PPYo1"}, {"size": [1080, 1920], "counts": "jTnP11gQ12M2O001O000000001O00000000000000000000000000000000O10010O000000000000001O000000O100001O0000001N101O00000000000001O1O0010O100O1O00001OnSSl0"}, {"size": [1080, 1920], "counts": "jTnP11gQ12M2O001O000000001O00000000000000000000000000000000O10010O000000000000001O000000O100001O0000001N101O00000000000001O1O0010O100O1O00001OnSSl0"}, {"size": [1080, 1920], "counts": "jTnP11gQ12M2O001O000000001O00000000000000000000000000000000O10010O000000000000001O000000O100001O0000001N101O00000000000001O1O0010O100O1O00001OnSSl0"}, {"size": [1080, 1920], "counts": "jTnP11gQ12M2O001O000000001O00000000000000000000000000000000O10010O000000000000001O000000O100001O0000001N101O00000000000001O1O0010O100O1O00001OnSSl0"}, {"size": [1080, 1920], "counts": "jTnP11gQ12M2O001O000000001O00000000000000000000000000000000O10010O000000000000001O000000O100001O0000001N101O00000000000001O1O0010O100O1O00001OnSSl0"}, {"size": [1080, 1920], "counts": "jTnP11gQ12M2O001O000000001O00000000000000000000000000000000O10010O000000000000001O000000O100001O0000001N101O00000000000001O1O0010O100O1O00001OnSSl0"}, {"size": [1080, 1920], "counts": "jTnP11gQ12M2O001O000000001O00000000000000000000000000000000O10010O000000000000001O000000O100001O0000001N101O00000000000001O1O0010O100O1O00001OnSSl0"}, {"size": [1080, 1920], "counts": "jTnP11gQ12M2O001O000000001O00000000000000000000000000000000O10010O000000000000001O000000O100001O0000001N101O00000000000001O1O0010O100O1O00001OnSSl0"}, {"size": [1080, 1920], "counts": "PPYo1"}, {"size": [1080, 1920], "counts": "PPYo1"}, {"size": [1080, 1920], "counts": "PPYo1"}, {"size": [1080, 1920], "counts": "PPYo1"}, {"size": [1080, 1920], "counts": "PPYo1"}, {"size": [1080, 1920], "counts": "Zm\\Q13eQ110O1O00001O000000Xj?0hU@1N1000000001O0Oj_90V`F1001OcS20]lM1O00000oSSl0"}, {"size": [1080, 1920], "counts": "Zm\\Q13eQ110O1O00001O000000Xj?0hU@1N1000000001O0Oj_90V`F1001OcS20]lM1O00000oSSl0"}, {"size": [1080, 1920], "counts": "Zm\\Q13eQ110O1O00001O000000Xj?0hU@1N1000000001O0Oj_90V`F1001OcS20]lM1O00000oSSl0"}, {"size": [1080, 1920], "counts": "PPYo1"}, {"size": [1080, 1920], "counts": "PPYo1"}, {"size": [1080, 1920], "counts": "PPYo1"}, {"size": [1080, 1920], "counts": "PPYo1"}, {"size": [1080, 1920], "counts": "PPYo1"}, {"size": [1080, 1920], "counts": "PPYo1"}, {"size": [1080, 1920], "counts": "PPYo1"}, {"size": [1080, 1920], "counts": "PPYo1"}, {"size": [1080, 1920], "counts": "PPYo1"}, {"size": [1080, 1920], "counts": "PPYo1"}, {"size": [1080, 1920], "counts": "PPYo1"}, {"size": [1080, 1920], "counts": "PPYo1"}, {"size": [1080, 1920], "counts": "PPYo1"}, {"size": [1080, 1920], "counts": "PPYo1"}, {"size": [1080, 1920], "counts": "eZXl01fQ12O01O01O001O1O000001O003M0001O10OWQW1OjnhN000hh>0XWA1O00000hXh0OYgWO1O01O00WSe00ilZO1N10000000001O000000001O000000000O1000001O00000000001O000000000O10000000000000000001O0000000000000000001O000001O00000000000000000001O000000000010O001O0010O001O1O002N1OaUm1NajRN0Yh>0gWA1O000O0101O^f]i0"}, {"size": [1080, 1920], "counts": "eZXl01fQ12O01O01O001O1O000001O003M0001O10OWQW1OjnhN000hh>0XWA1O00000hXh0OYgWO1O01O00WSe00ilZO1N10000000001O000000001O000000000O1000001O00000000001O000000000O10000000000000000001O0000000000000000001O000001O00000000000000000001O000000000010O001O0010O001O1O002N1OaUm1NajRN0Yh>0gWA1O000O0101O^f]i0"}, {"size": [1080, 1920], "counts": "PPYo1"}, {"size": [1080, 1920], "counts": "PPYo1"}, {"size": [1080, 1920], "counts": "PPYo1"}, {"size": [1080, 1920], "counts": "RZQQ11gQ100000000000000001N10001O000000000000O10001O000O100000k_90U`F000000000Pe<1oZC0Sb[l0"}, {"size": [1080, 1920], "counts": "PPYo1"}, {"size": [1080, 1920], "counts": "PPYo1"}, {"size": [1080, 1920], "counts": "PPYo1"}, {"size": [1080, 1920],