{"labels": [10, 12, 12, 7, 10, 2, 3, 4, 6, 7, 8, 10, 10, 12, 7, 1, 2, 3, 4, 6, 7, 8, 10, 19, 10, 10, 10, 2, 10, 1, 10, 10, 12, 7, 12, 10, 3, 4, 10, 3, 6, 7, 10, 12, 10, 10, 10, 7, 0, 10, 10, 2, 3, 4, 10, 19, 10, 7, 10, 12, 1, 10, 4, 10, 2, 10, 19, 19, 10, 12, 1, 6, 7, 8, 10, 11, 12, 19, 1, 2, 3, 4, 7, 10, 10, 2, 10, 12, 2, 7, 2, 7, 8, 10, 12, 19, 1, 11, 12, 7], "scores": [0.00024506531190127134, 0.00011853408796014264, 0.0, 0.00014370067219715565, 0.00046526550431735814, 0.0, 0.0, 0.0, 0.0, 0.0, 0.0, 0.0, 0.0, 0.0, 0.0, 0.0, 0.0, 0.0, 0.0, 0.0, 0.0, 0.0, 0.0, 0.0, 0.0, 0.0, 0.0, 0.0, 0.0, 0.00014758111501578242, 0.0, 0.0, 0.0, 0.0006656693876720965, 0.00014176691183820367, 0.0, 0.0, 0.0, 0.0, 0.0, 0.0, 0.0, 0.0, 0.0, 0.0, 0.0, 0.0, 0.0, 0.0, 0.0, 0.0, 0.007882246747612953, 0.00032265117624774575, 0.00036995825939811766, 0.00032726291101425886, 0.0001934166793944314, 0.0, 0.0, 0.0, 0.0, 0.00016462829080410302, 0.00041913051973097026, 0.0, 0.0, 0.0, 0.0, 0.9894970655441284, 0.0006967284134589136, 0.00022709851327817887, 0.0002386795385973528, 0.0, 0.0, 0.0, 0.0, 0.0, 0.0, 0.0, 0.0, 0.00033547254861332476, 0.006626558490097523, 0.0009069701191037893, 0.1976548433303833, 0.00020485387358348817, 0.002329048467800021, 0.0, 0.0, 0.0, 0.0, 0.0, 0.0, 0.0, 0.0, 0.0, 0.0, 0.0, 0.0, 0.0, 0.0, 0.0, 0.00016161207167897373], "bboxes": [[549.0, 526.0, 551.0, 527.0], [549.0, 526.0, 551.0, 527.0], [0.0, 0.0, 0.0, 0.0], [464.0, 509.0, 595.0, 538.0], [464.0, 509.0, 595.0, 538.0], [0.0, 0.0, 0.0, 0.0], [0.0, 0.0, 0.0, 0.0], [0.0, 0.0, 0.0, 0.0], [0.0, 0.0, 0.0, 0.0], [0.0, 0.0, 0.0, 0.0], [0.0, 0.0, 0.0, 0.0], [0.0, 0.0, 0.0, 0.0], [0.0, 0.0, 0.0, 0.0], [0.0, 0.0, 0.0, 0.0], [0.0, 0.0, 0.0, 0.0], [0.0, 0.0, 0.0, 0.0], [0.0, 0.0, 0.0, 0.0], [0.0, 0.0, 0.0, 0.0], [0.0, 0.0, 0.0, 0.0], [0.0, 0.0, 0.0, 0.0], [0.0, 0.0, 0.0, 0.0], [0.0, 0.0, 0.0, 0.0], [0.0, 0.0, 0.0, 0.0], [0.0, 0.0, 0.0, 0.0], [0.0, 0.0, 0.0, 0.0], [0.0, 0.0, 0.0, 0.0], [0.0, 0.0, 0.0, 0.0], [0.0, 0.0, 0.0, 0.0], [0.0, 0.0, 0.0, 0.0], [1001.0, 530.0, 1065.0, 539.0], [0.0, 0.0, 0.0, 0.0], [0.0, 0.0, 0.0, 0.0], [0.0, 0.0, 0.0, 0.0], [441.0, 752.0, 456.0, 790.0], [441.0, 752.0, 456.0, 790.0], [0.0, 0.0, 0.0, 0.0], [0.0, 0.0, 0.0, 0.0], [0.0, 0.0, 0.0, 0.0], [0.0, 0.0, 0.0, 0.0], [0.0, 0.0, 0.0, 0.0], [0.0, 0.0, 0.0, 0.0], [0.0, 0.0, 0.0, 0.0], [0.0, 0.0, 0.0, 0.0], [0.0, 0.0, 0.0, 0.0], [0.0, 0.0, 0.0, 0.0], [0.0, 0.0, 0.0, 0.0], [0.0, 0.0, 0.0, 0.0], [0.0, 0.0, 0.0, 0.0], [0.0, 0.0, 0.0, 0.0], [0.0, 0.0, 0.0, 0.0], [0.0, 0.0, 0.0, 0.0], [674.0, 477.0, 704.0, 498.0], [674.0, 477.0, 704.0, 498.0], [674.0, 477.0, 704.0, 498.0], [674.0, 477.0, 704.0, 498.0], [674.0, 477.0, 704.0, 498.0], [0.0, 0.0, 0.0, 0.0], [0.0, 0.0, 0.0, 0.0], [0.0, 0.0, 0.0, 0.0], [0.0, 0.0, 0.0, 0.0], [538.0, 522.0, 563.0, 531.0], [538.0, 522.0, 563.0, 531.0], [0.0, 0.0, 0.0, 0.0], [0.0, 0.0, 0.0, 0.0], [0.0, 0.0, 0.0, 0.0], [0.0, 0.0, 0.0, 0.0], [397.0, 380.0, 1610.0, 1080.0], [416.0, 666.0, 1594.0, 882.0], [593.0, 529.0, 596.0, 530.0], [593.0, 529.0, 596.0, 530.0], [0.0, 0.0, 0.0, 0.0], [0.0, 0.0, 0.0, 0.0], [0.0, 0.0, 0.0, 0.0], [0.0, 0.0, 0.0, 0.0], [0.0, 0.0, 0.0, 0.0], [0.0, 0.0, 0.0, 0.0], [0.0, 0.0, 0.0, 0.0], [0.0, 0.0, 0.0, 0.0], [691.0, 475.0, 1156.0, 531.0], [691.0, 475.0, 1156.0, 531.0], [691.0, 475.0, 1156.0, 531.0], [691.0, 475.0, 1156.0, 531.0], [691.0, 475.0, 1156.0, 531.0], [691.0, 475.0, 1156.0, 531.0], [0.0, 0.0, 0.0, 0.0], [0.0, 0.0, 0.0, 0.0], [0.0, 0.0, 0.0, 0.0], [0.0, 0.0, 0.0, 0.0], [0.0, 0.0, 0.0, 0.0], [0.0, 0.0, 0.0, 0.0], [0.0, 0.0, 0.0, 0.0], [0.0, 0.0, 0.0, 0.0], [0.0, 0.0, 0.0, 0.0], [0.0, 0.0, 0.0, 0.0], [0.0, 0.0, 0.0, 0.0], [0.0, 0.0, 0.0, 0.0], [0.0, 0.0, 0.0, 0.0], [0.0, 0.0, 0.0, 0.0], [0.0, 0.0, 0.0, 0.0], [416.0, 666.0, 1594.0, 882.0]], "masks": [{"size": [1080, 1920], "counts": "VaSb01gQ10Z[S]1"}, {"size": [1080, 1920], "counts": "VaSb01gQ10Z[S]1"}, {"size": [1080, 1920], "counts": "PPYo1"}, {"size": [1080, 1920], "counts": "PlY?3cQ120000O10O100000001NUSe0NnlZO0O20O0O10[U30djL2O0001O0000O2O0O2O01O0000001O1NU^8OmaG1O00O1001N3N001O001O1O001O001O00010O1O1O0010O0000100O01O010O000001O1N2O001N2NoRe0NTmZO00000000OXnd[1"}, {"size": [1080, 1920], "counts": "PlY?3cQ120000O10O100000001NUSe0NnlZO0O20O0O10[U30djL2O0001O0000O2O0O2O01O0000001O1NU^8OmaG1O00O1001N3N001O001O1O001O001O00010O1O1O0010O0000100O01O010O000001O1N2O001N2NoRe0NTmZO00000000OXnd[1"}, {"size": [1080, 1920], "counts": "PPYo1"}, {"size": [1080, 1920], "counts": "PPYo1"}, {"size": [1080, 1920], "counts": "PPYo1"}, {"size": [1080, 1920], "counts": "PPYo1"}, {"size": [1080, 1920], "counts": "PPYo1"}, {"size": [1080, 1920], "counts": "PPYo1"}, {"size": [1080, 1920], "counts": "PPYo1"}, {"size": [1080, 1920], "counts": "PPYo1"}, {"size": [1080, 1920], "counts": "PPYo1"}, {"size": [1080, 1920], "counts": "PPYo1"}, {"size": [1080, 1920], "counts": "PPYo1"}, {"size": [1080, 1920], "counts": "PPYo1"}, {"size": [1080, 1920], "counts": "PPYo1"}, {"size": [1080, 1920], "counts": "PPYo1"}, {"size": [1080, 1920], "counts": "PPYo1"}, {"size": [1080, 1920], "counts": "PPYo1"}, {"size": [1080, 1920], "counts": "PPYo1"}, {"size": [1080, 1920], "counts": "PPYo1"}, {"size": [1080, 1920], "counts": "PPYo1"}, {"size": [1080, 1920], "counts": "PPYo1"}, {"size": [1080, 1920], "counts": "PPYo1"}, {"size": [1080, 1920], "counts": "PPYo1"}, {"size": [1080, 1920], "counts": "PPYo1"}, {"size": [1080, 1920], "counts": "PPYo1"}, {"size": [1080, 1920], "counts": "ZXPQ14dQ1000000O1001O02NO101O000000001O0001O1N10000000O2O00O2O0000N2O2O000000000001O000000001O0000001O0O100001O00001O1N2O01O00001O1O2N_WUl0"}, {"size": [1080, 1920], "counts": "PPYo1"}, {"size": [1080, 1920], "counts": "PPYo1"}, {"size": [1080, 1920], "counts": "PPYo1"}, {"size": [1080, 1920], "counts": "Xka>4eQ12iS2MWlM3ONVY51kfJ21K\\YW`1"}, {"size": [1080, 1920], "counts": "Xka>4eQ12iS2MWlM3ONVY51kfJ21K\\YW`1"}, {"size": [1080, 1920], "counts": "PPYo1"}, {"size": [1080, 1920], "counts": "PPYo1"}, {"size": [1080, 1920], "counts": "PPYo1"}, {"size": [1080, 1920], "counts": "PPYo1"}, {"size": [1080, 1920], "counts": "PPYo1"}, {"size": [1080, 1920], "counts": "PPYo1"}, {"size": [1080, 1920], "counts": "PPYo1"}, {"size": [1080, 1920], "counts": "PPYo1"}, {"size": [1080, 1920], "counts": "PPYo1"}, {"size": [1080, 1920], "counts": "PPYo1"}, {"size": [1080, 1920], "counts": "PPYo1"}, {"size": [1080, 1920], "counts": "PPYo1"}, {"size": [1080, 1920], "counts": "PPYo1"}, {"size": [1080, 1920], "counts": "PPYo1"}, {"size": [1080, 1920], "counts": "PPYo1"}, {"size": [1080, 1920], "counts": "PPYo1"}, {"size": [1080, 1920], "counts": "Q[Wf01dQ1022O00001001N00O1O1OO2O\\S21blM2O1O001O00000O11N2O010O1N3NSQRX1"}, {"size": [1080, 1920], "counts": "Q[Wf01dQ1022O00001001N00O1O1OO2O\\S21blM2O1O001O00000O11N2O010O1N3NSQRX1"}, {"size": [1080, 1920], "counts": "Q[Wf01dQ1022O00001001N00O1O1OO2O\\S21blM2O1O001O00000O11N2O010O1N3NSQRX1"}, {"size": [1080, 1920], "counts": "Q[Wf01dQ1022O00001001N00O1O1OO2O\\S21blM2O1O001O00000O11N2O010O1N3NSQRX1"}, {"size": [1080, 1920], "counts": "Q[Wf01dQ1022O00001001N00O1O1OO2O\\S21blM2O1O001O00000O11N2O010O1N3NSQRX1"}, {"size": [1080, 1920], "counts": "PPYo1"}, {"size": [1080, 1920], "counts": "PPYo1"}, {"size": [1080, 1920], "counts": "PPYo1"}, {"size": [1080, 1920], "counts": "PPYo1"}, {"size": [1080, 1920], "counts": "jmga01gQ1001O1O1O001O001O00100O0001O00001O010O00001O1O1OWff\\1"}, {"size": [1080, 1920], "counts": "jmga01gQ1001O1O1O001O001O00100O0001O00001O010O00001O1O1OWff\\1"}, {"size": [1080, 1920], "counts": "PPYo1"}, {"size": [1080, 1920], "counts": "PPYo1"}, {"size": [1080, 1920], "counts": "PPYo1"}, {"size": [1080, 1920], "counts": "PPYo1"}, {"size": [1080, 1920],