{"labels": [10, 12, 12, 10, 2, 3, 4, 6, 7, 8, 10, 10, 10, 12, 10, 7, 10, 1, 2, 3, 4, 6, 7, 10, 12, 19, 10, 10, 2, 10, 10, 7, 10, 7, 7, 10, 3, 4, 7, 10, 3, 6, 7, 10, 12, 10, 10, 10, 7, 0, 10, 10, 2, 3, 4, 10, 19, 3, 7, 10, 12, 10, 4, 10, 2, 10, 1, 19, 7, 10, 12, 1, 6, 7, 8, 10, 11, 12, 19, 7, 10, 1, 2, 3, 4, 7, 10, 2, 10, 4, 2, 7, 10, 19, 10, 1, 6, 11, 12, 1], "scores": [0.00020826386753469706, 8.96584679139778e-05, 0.0, 0.0003258907236158848, 0.0, 0.0, 0.0, 0.0, 0.0, 0.0, 0.0, 0.0, 0.00035288650542497635, 8.831945160636678e-05, 0.0001107833013520576, 0.0, 0.0, 0.0, 0.0, 0.0, 0.0, 0.0, 0.0, 0.0, 0.0, 0.0, 0.0, 0.0, 0.0, 0.0, 0.0, 0.0, 0.0, 0.0, 0.0, 0.0, 0.0, 0.0, 0.0, 0.0, 0.0, 0.0, 0.0, 0.0, 0.0, 0.0, 0.0, 0.0, 0.0, 0.0, 0.0, 0.0, 0.003912675194442272, 0.0003139383625239134, 0.00030193175189197063, 0.0002058694080915302, 0.00011524502042448148, 0.0, 0.0, 0.0, 0.0, 0.00020811264403164387, 0.0, 0.0, 0.0, 0.0, 0.00019155479094479233, 0.9896525740623474, 0.0, 0.00018067033670376986, 0.0001318544673267752, 0.0, 0.0, 0.0, 0.0, 0.0, 0.0, 0.0, 0.0, 0.0, 0.0, 0.00014547105820383877, 0.004754417110234499, 0.0008301408379338682, 0.046799659729003906, 0.0002746491227298975, 0.0019028779352083802, 0.0, 0.0, 0.0, 0.0, 0.0, 0.0, 0.0, 0.00017846477567218244, 0.0, 0.0, 0.0, 0.0, 8.779961353866383e-05], "bboxes": [[553.0, 525.0, 587.0, 531.0], [553.0, 525.0, 587.0, 531.0], [0.0, 0.0, 0.0, 0.0], [468.0, 511.0, 590.0, 537.0], [0.0, 0.0, 0.0, 0.0], [0.0, 0.0, 0.0, 0.0], [0.0, 0.0, 0.0, 0.0], [0.0, 0.0, 0.0, 0.0], [0.0, 0.0, 0.0, 0.0], [0.0, 0.0, 0.0, 0.0], [0.0, 0.0, 0.0, 0.0], [0.0, 0.0, 0.0, 0.0], [554.0, 525.0, 587.0, 530.0], [554.0, 525.0, 587.0, 530.0], [668.0, 489.0, 1063.0, 538.0], [0.0, 0.0, 0.0, 0.0], [0.0, 0.0, 0.0, 0.0], [0.0, 0.0, 0.0, 0.0], [0.0, 0.0, 0.0, 0.0], [0.0, 0.0, 0.0, 0.0], [0.0, 0.0, 0.0, 0.0], [0.0, 0.0, 0.0, 0.0], [0.0, 0.0, 0.0, 0.0], [0.0, 0.0, 0.0, 0.0], [0.0, 0.0, 0.0, 0.0], [0.0, 0.0, 0.0, 0.0], [0.0, 0.0, 0.0, 0.0], [0.0, 0.0, 0.0, 0.0], [0.0, 0.0, 0.0, 0.0], [0.0, 0.0, 0.0, 0.0], [0.0, 0.0, 0.0, 0.0], [0.0, 0.0, 0.0, 0.0], [0.0, 0.0, 0.0, 0.0], [0.0, 0.0, 0.0, 0.0], [0.0, 0.0, 0.0, 0.0], [0.0, 0.0, 0.0, 0.0], [0.0, 0.0, 0.0, 0.0], [0.0, 0.0, 0.0, 0.0], [0.0, 0.0, 0.0, 0.0], [0.0, 0.0, 0.0, 0.0], [0.0, 0.0, 0.0, 0.0], [0.0, 0.0, 0.0, 0.0], [0.0, 0.0, 0.0, 0.0], [0.0, 0.0, 0.0, 0.0], [0.0, 0.0, 0.0, 0.0], [0.0, 0.0, 0.0, 0.0], [0.0, 0.0, 0.0, 0.0], [0.0, 0.0, 0.0, 0.0], [0.0, 0.0, 0.0, 0.0], [0.0, 0.0, 0.0, 0.0], [0.0, 0.0, 0.0, 0.0], [0.0, 0.0, 0.0, 0.0], [664.0, 477.0, 704.0, 498.0], [664.0, 477.0, 704.0, 498.0], [664.0, 477.0, 704.0, 498.0], [664.0, 477.0, 704.0, 498.0], [664.0, 477.0, 704.0, 498.0], [0.0, 0.0, 0.0, 0.0], [0.0, 0.0, 0.0, 0.0], [0.0, 0.0, 0.0, 0.0], [0.0, 0.0, 0.0, 0.0], [553.0, 525.0, 562.0, 529.0], [0.0, 0.0, 0.0, 0.0], [0.0, 0.0, 0.0, 0.0], [0.0, 0.0, 0.0, 0.0], [0.0, 0.0, 0.0, 0.0], [397.0, 380.0, 1610.0, 1080.0], [397.0, 380.0, 1610.0, 1080.0], [0.0, 0.0, 0.0, 0.0], [577.0, 523.0, 592.0, 528.0], [577.0, 523.0, 592.0, 528.0], [0.0, 0.0, 0.0, 0.0], [0.0, 0.0, 0.0, 0.0], [0.0, 0.0, 0.0, 0.0], [0.0, 0.0, 0.0, 0.0], [0.0, 0.0, 0.0, 0.0], [0.0, 0.0, 0.0, 0.0], [0.0, 0.0, 0.0, 0.0], [0.0, 0.0, 0.0, 0.0], [0.0, 0.0, 0.0, 0.0], [0.0, 0.0, 0.0, 0.0], [665.0, 477.0, 703.0, 495.0], [665.0, 477.0, 703.0, 495.0], [665.0, 477.0, 703.0, 495.0], [665.0, 477.0, 703.0, 495.0], [665.0, 477.0, 703.0, 495.0], [665.0, 477.0, 703.0, 495.0], [0.0, 0.0, 0.0, 0.0], [0.0, 0.0, 0.0, 0.0], [0.0, 0.0, 0.0, 0.0], [0.0, 0.0, 0.0, 0.0], [0.0, 0.0, 0.0, 0.0], [0.0, 0.0, 0.0, 0.0], [0.0, 0.0, 0.0, 0.0], [668.0, 489.0, 1065.0, 539.0], [0.0, 0.0, 0.0, 0.0], [0.0, 0.0, 0.0, 0.0], [0.0, 0.0, 0.0, 0.0], [0.0, 0.0, 0.0, 0.0], [553.0, 525.0, 562.0, 529.0]], "masks": [{"size": [1080, 1920], "counts": "VhWb04cQ110N200O2O01O2N1O03LeTf01[kYO0[\\m[1"}, {"size": [1080, 1920], "counts": "VhWb04cQ110N200O2O01O2N1O03LeTf01[kYO0[\\m[1"}, {"size": [1080, 1920], "counts": "PPYo1"}, {"size": [1080, 1920], "counts": "QS^?1gQ1000O2O0O1000Od]k0N_bTO0O101O01N40M1O00OQW41ohK1O000000O2O01O00000[U30ejL2M2O001O0000000010O01O1O001O00001O010O001O001O000001O01O010O0001O001O00000O100O1O1O1O1O01000O101O0NZU30gjL2O000101NPWj[1"}, {"size": [1080, 1920], "counts": "PPYo1"}, {"size": [1080, 1920], "counts": "PPYo1"}, {"size": [1080, 1920], "counts": "PPYo1"}, {"size": [1080, 1920], "counts": "PPYo1"}, {"size": [1080, 1920], "counts": "PPYo1"}, {"size": [1080, 1920], "counts": "PPYo1"}, {"size": [1080, 1920], "counts": "PPYo1"}, {"size": [1080, 1920], "counts": "PPYo1"}, {"size": [1080, 1920], "counts": "niXb01gX50PiK1O2N0_Vg0MdiXO0[\\m[1"}, {"size": [1080, 1920], "counts": "niXb01gX50PiK1O2N0_Vg0MdiXO0[\\m[1"}, {"size": [1080, 1920], "counts": "YPQf02fQ1000001O00`fd:0`Y[E0PW40PiK1N3N0000001O000000O10010O001O1N2O`a:0_^E2N1000000001O000000001O00000000Q^8OPbG0O2O001O10OR[Wl0"}, {"size": [1080, 1920], "counts": "PPYo1"}, {"size": [1080, 1920], "counts": "PPYo1"}, {"size": [1080, 1920], "counts": "PPYo1"}, {"size": [1080, 1920], "counts": "PPYo1"}, {"size": [1080, 1920], "counts": "PPYo1"}, {"size": [1080, 1920], "counts": "PPYo1"}, {"size": [1080, 1920], "counts": "PPYo1"}, {"size": [1080, 1920], "counts": "PPYo1"}, {"size": [1080, 1920], "counts": "PPYo1"}, {"size": [1080, 1920], "counts": "PPYo1"}, {"size": [1080, 1920], "counts": "PPYo1"}, {"size": [1080, 1920], "counts": "PPYo1"}, {"size": [1080, 1920], "counts": "PPYo1"}, {"size": [1080, 1920], "counts": "PPYo1"}, {"size": [1080, 1920], "counts": "PPYo1"}, {"size": [1080, 1920], "counts": "PPYo1"}, {"size": [1080, 1920], "counts": "PPYo1"}, {"size": [1080, 1920], "counts": "PPYo1"}, {"size": [1080, 1920], "counts": "PPYo1"}, {"size": [1080, 1920], "counts": "PPYo1"}, {"size": [1080, 1920], "counts": "PPYo1"}, {"size": [1080, 1920], "counts": "PPYo1"}, {"size": [1080, 1920], "counts": "PPYo1"}, {"size": [1080, 1920], "counts": "PPYo1"}, {"size": [1080, 1920], "counts": "PPYo1"}, {"size": [1080, 1920], "counts": "PPYo1"}, {"size": [1080, 1920], "counts": "PPYo1"}, {"size": [1080, 1920], "counts": "PPYo1"}, {"size": [1080, 1920], "counts": "PPYo1"}, {"size": [1080, 1920], "counts": "PPYo1"}, {"size": [1080, 1920], "counts": "PPYo1"}, {"size": [1080, 1920], "counts": "PPYo1"}, {"size": [1080, 1920], "counts": "PPYo1"}, {"size": [1080, 1920], "counts": "PPYo1"}, {"size": [1080, 1920], "counts": "PPYo1"}, {"size": [1080, 1920], "counts": "PPYo1"}, {"size": [1080, 1920], "counts": "PPYo1"}, {"size": [1080, 1920], "counts": "Yile07`Q13M11N10001O00010O001O1O1O001Ok]8OUbG2N1N110O000000O01001N101O1O1OTQRX1"}, {"size": [1080, 1920], "counts": "Yile07`Q13M11N10001O00010O001O1O1O001Ok]8OUbG2N1N110O000000O01001N101O1O1OTQRX1"}, {"size": [1080, 1920], "counts": "Yile07`Q13M11N10001O00010O001O1O1O001Ok]8OUbG2N1N110O000000O01001N101O1O1OTQRX1"}, {"size": [1080, 1920], "counts": "Yile07`Q13M11N10001O00010O001O1O1O001Ok]8OUbG2N1N110O000000O01001N101O1O1OTQRX1"}, {"size": [1080, 1920], "counts": "Yile07`Q13M11N10001O00010O001O1O1O001Ok]8OUbG2N1N110O000000O01001N101O1O1OTQRX1"}, {"size": [1080, 1920], "counts": "PPYo1"}, {"size": [1080, 1920], "counts": "PPYo1"}, {"size": [1080, 1920], "counts": "PPYo1"}, {"size": [1080, 1920], "counts": "PPYo1"}, {"size": [1080, 1920], "counts": "UhWb03eQ1000000O10010O01Qhg\\1"}, {"size": [1080, 1920], "counts": "PPYo1"}, {"size": [1080, 1920], "counts": "PPYo1"}, {"size": [1080, 1920], "counts": "PPYo1"}, {"size": [1080, 1920], "counts": "PPYo1"}, {"size": [1080, 1920],