{"labels": [12, 2, 3, 4, 6, 7, 8, 10, 12, 10, 12, 10, 12, 2, 1, 2, 10, 4, 12, 7, 10, 12, 7, 7, 10, 12, 1, 2, 3, 4, 7, 8, 10, 14, 4, 7, 12, 10, 10, 7, 0, 10, 2, 3, 4, 10, 19, 10, 3, 7, 10, 12, 1, 10, 2, 10, 19, 10, 2, 3, 6, 7, 10, 12, 1, 3, 4, 6, 7, 8, 10, 11, 12, 19, 12, 2, 3, 4, 7, 10, 19, 2, 10, 12, 2, 12, 2, 3, 4, 6, 7, 8, 10, 12, 19, 1, 6, 11, 12, 12], "scores": [0.0, 0.0, 0.0, 0.0, 0.0, 0.0, 0.0, 0.0, 0.0, 0.0, 0.0, 0.0, 0.0, 0.0, 0.00033814224298112094, 0.0, 0.0, 0.0002571178774815053, 0.0, 0.0, 0.0, 0.0, 0.0, 0.0, 0.0, 0.0, 0.00017911824397742748, 0.00047147198347374797, 0.570952296257019, 0.002947987290099263, 0.0004199275281280279, 0.0007727256161160767, 0.0003031477390322834, 0.00017092724738176912, 0.00020648799545597285, 0.0003514494455885142, 0.0, 0.0003808555193245411, 0.0, 0.0, 0.0, 0.0, 0.022667014971375465, 0.0010368000948801637, 0.0004226045566610992, 0.00045983551535755396, 0.00035349803511053324, 0.0, 0.0, 0.0, 0.0, 0.0, 0.0014816123293712735, 0.0, 0.0, 0.0, 0.9879469275474548, 0.00014250933600123972, 0.00012378561950754374, 0.00014148183981887996, 0.00012407837493810803, 0.00015655401512049139, 0.0003242835227865726, 0.0007438840111717582, 0.0, 0.0, 0.0, 0.0, 0.0, 0.0, 0.0, 0.0, 0.0, 0.0, 0.0, 0.008288067765533924, 0.0013800220331177115, 0.021101506426930428, 0.0002310586132807657, 0.0007924141827970743, 0.00012136447912780568, 0.0, 0.0, 0.0, 0.0, 0.0, 0.0, 0.0, 0.0, 0.0, 0.0, 0.0, 0.0, 0.0, 0.0, 0.00020798530022148043, 0.0001926054246723652, 0.0012755992356687784, 0.00012716390483547002, 0.0], "bboxes": [[0.0, 0.0, 0.0, 0.0], [0.0, 0.0, 0.0, 0.0], [0.0, 0.0, 0.0, 0.0], [0.0, 0.0, 0.0, 0.0], [0.0, 0.0, 0.0, 0.0], [0.0, 0.0, 0.0, 0.0], [0.0, 0.0, 0.0, 0.0], [0.0, 0.0, 0.0, 0.0], [0.0, 0.0, 0.0, 0.0], [0.0, 0.0, 0.0, 0.0], [0.0, 0.0, 0.0, 0.0], [0.0, 0.0, 0.0, 0.0], [0.0, 0.0, 0.0, 0.0], [0.0, 0.0, 0.0, 0.0], [998.0, 528.0, 1074.0, 544.0], [0.0, 0.0, 0.0, 0.0], [0.0, 0.0, 0.0, 0.0], [992.0, 528.0, 1066.0, 540.0], [0.0, 0.0, 0.0, 0.0], [0.0, 0.0, 0.0, 0.0], [0.0, 0.0, 0.0, 0.0], [0.0, 0.0, 0.0, 0.0], [0.0, 0.0, 0.0, 0.0], [0.0, 0.0, 0.0, 0.0], [0.0, 0.0, 0.0, 0.0], [0.0, 0.0, 0.0, 0.0], [990.0, 528.0, 1065.0, 541.0], [990.0, 528.0, 1065.0, 541.0], [990.0, 528.0, 1065.0, 541.0], [990.0, 528.0, 1065.0, 541.0], [990.0, 528.0, 1065.0, 541.0], [990.0, 528.0, 1065.0, 541.0], [990.0, 528.0, 1065.0, 541.0], [990.0, 528.0, 1065.0, 541.0], [989.0, 527.0, 1068.0, 542.0], [989.0, 527.0, 1068.0, 542.0], [0.0, 0.0, 0.0, 0.0], [1009.0, 530.0, 1045.0, 534.0], [0.0, 0.0, 0.0, 0.0], [0.0, 0.0, 0.0, 0.0], [0.0, 0.0, 0.0, 0.0], [0.0, 0.0, 0.0, 0.0], [1353.0, 473.0, 1361.0, 479.0], [1353.0, 473.0, 1361.0, 479.0], [1353.0, 473.0, 1361.0, 479.0], [1353.0, 473.0, 1361.0, 479.0], [1353.0, 473.0, 1361.0, 479.0], [0.0, 0.0, 0.0, 0.0], [0.0, 0.0, 0.0, 0.0], [0.0, 0.0, 0.0, 0.0], [0.0, 0.0, 0.0, 0.0], [0.0, 0.0, 0.0, 0.0], [1008.0, 530.0, 1066.0, 542.0], [0.0, 0.0, 0.0, 0.0], [0.0, 0.0, 0.0, 0.0], [0.0, 0.0, 0.0, 0.0], [398.0, 380.0, 1609.0, 1080.0], [1033.0, 530.0, 1060.0, 535.0], [590.0, 524.0, 606.0, 531.0], [590.0, 524.0, 606.0, 531.0], [590.0, 524.0, 606.0, 531.0], [590.0, 524.0, 606.0, 531.0], [590.0, 524.0, 606.0, 531.0], [590.0, 524.0, 606.0, 531.0], [0.0, 0.0, 0.0, 0.0], [0.0, 0.0, 0.0, 0.0], [0.0, 0.0, 0.0, 0.0], [0.0, 0.0, 0.0, 0.0], [0.0, 0.0, 0.0, 0.0], [0.0, 0.0, 0.0, 0.0], [0.0, 0.0, 0.0, 0.0], [0.0, 0.0, 0.0, 0.0], [0.0, 0.0, 0.0, 0.0], [0.0, 0.0, 0.0, 0.0], [0.0, 0.0, 0.0, 0.0], [1352.0, 474.0, 1360.0, 479.0], [1352.0, 474.0, 1360.0, 479.0], [1352.0, 474.0, 1360.0, 479.0], [1352.0, 474.0, 1360.0, 479.0], [1352.0, 474.0, 1360.0, 479.0], [1352.0, 474.0, 1360.0, 479.0], [0.0, 0.0, 0.0, 0.0], [0.0, 0.0, 0.0, 0.0], [0.0, 0.0, 0.0, 0.0], [0.0, 0.0, 0.0, 0.0], [0.0, 0.0, 0.0, 0.0], [0.0, 0.0, 0.0, 0.0], [0.0, 0.0, 0.0, 0.0], [0.0, 0.0, 0.0, 0.0], [0.0, 0.0, 0.0, 0.0], [0.0, 0.0, 0.0, 0.0], [0.0, 0.0, 0.0, 0.0], [0.0, 0.0, 0.0, 0.0], [0.0, 0.0, 0.0, 0.0], [0.0, 0.0, 0.0, 0.0], [1007.0, 529.0, 1042.0, 534.0], [1007.0, 529.0, 1042.0, 534.0], [1007.0, 529.0, 1042.0, 534.0], [1007.0, 529.0, 1042.0, 534.0], [0.0, 0.0, 0.0, 0.0]], "masks": [{"size": [1080, 1920], "counts": "PPYo1"}, {"size": [1080, 1920], "counts": "PPYo1"}, {"size": [1080, 1920], "counts": "PPYo1"}, {"size": [1080, 1920], "counts": "PPYo1"}, {"size": [1080, 1920], "counts": "PPYo1"}, {"size": [1080, 1920], "counts": "PPYo1"}, {"size": [1080, 1920], "counts": "PPYo1"}, {"size": [1080, 1920], "counts": "PPYo1"}, {"size": [1080, 1920], "counts": "PPYo1"}, {"size": [1080, 1920], "counts": "PPYo1"}, {"size": [1080, 1920], "counts": "PPYo1"}, {"size": [1080, 1920], "counts": "PPYo1"}, {"size": [1080, 1920], "counts": "PPYo1"}, {"size": [1080, 1920], "counts": "PPYo1"}, {"size": [1080, 1920], "counts": "RSmP11gQ12N1O000O10001O0O101O000000000001O0000000000000000000001O0000001O00001O000000000000000000010O00000001O01O01O0001O000001O01O0001O001O10O01O00001O1O2M10cgkk0"}, {"size": [1080, 1920], "counts": "PPYo1"}, {"size": [1080, 1920], "counts": "PPYo1"}, {"size": [1080, 1920], "counts": "bhfP11gQ11O1N1000000000000000001O0O1000001O000000000001O000000000000000000000000000001O0000000000000000001O000001O0000001O01O01O0000001O01O00000010O2M2O1OfUTl0"}, {"size": [1080, 1920], "counts": "PPYo1"}, {"size": [1080, 1920], "counts": "PPYo1"}, {"size": [1080, 1920], "counts": "PPYo1"}, {"size": [1080, 1920], "counts": "PPYo1"}, {"size": [1080, 1920], "counts": "PPYo1"}, {"size": [1080, 1920], "counts": "PPYo1"}, {"size": [1080, 1920], "counts": "PPYo1"}, {"size": [1080, 1920], "counts": "PPYo1"}, {"size": [1080, 1920], "counts": "UedP11fQ11N3O000O100000000000000000000O1000001O00000000000000000001O000000000001N1000001O0000000000001O0001O0000000000001O01O0001O001O0001O000001O0O101O2M2O_WUl0"}, {"size": [1080, 1920], "counts": "UedP11fQ11N3O000O100000000000000000000O1000001O00000000000000000001O000000000001N1000001O0000000000001O0001O0000000000001O01O0001O001O0001O000001O0O101O2M2O_WUl0"}, {"size": [1080, 1920], "counts": "UedP11fQ11N3O000O100000000000000000000O1000001O00000000000000000001O000000000001N1000001O0000000000001O0001O0000000000001O01O0001O001O0001O000001O0O101O2M2O_WUl0"}, {"size": [1080, 1920], "counts": "UedP11fQ11N3O000O100000000000000000000O1000001O00000000000000000001O000000000001N1000001O0000000000001O0001O0000000000001O01O0001O001O0001O000001O0O101O2M2O_WUl0"}, {"size": [1080, 1920], "counts": "UedP11fQ11N3O000O100000000000000000000O1000001O00000000000000000001O000000000001N1000001O0000000000001O0001O0000000000001O01O0001O001O0001O000001O0O101O2M2O_WUl0"}, {"size": [1080, 1920], "counts": "UedP11fQ11N3O000O100000000000000000000O1000001O00000000000000000001O000000000001N1000001O0000000000001O0001O0000000000001O01O0001O001O0001O000001O0O101O2M2O_WUl0"}, {"size": [1080, 1920], "counts": "UedP11fQ11N3O000O100000000000000000000O1000001O00000000000000000001O000000000001N1000001O0000000000001O0001O0000000000001O01O0001O001O0001O000001O0O101O2M2O_WUl0"}, {"size": [1080, 1920], "counts": "UedP11fQ11N3O000O100000000000000000000O1000001O00000000000000000001O000000000001N1000001O0000000000001O0001O0000000000001O01O0001O001O0001O000001O0O101O2M2O_WUl0"}, {"size": [1080, 1920], "counts": "ZccP11gQ11N101O00000O2O000000000000000O10001O0000000000000000000001O0000000000000001O000000001O0000000000000000000010O00000000010O0000010O00000010O00010O01O1O1O1O1MXRRl0"}, {"size": [1080, 1920], "counts": "ZccP11gQ11N101O00000O2O000000000000000O10001O0000000000000000000001O0000000000000001O000000001O0000000000000000000010O00000000010O0000010O00000010O00010O01O1O1O1O1MXRRl0"}, {"size": [1080, 1920], "counts": "PPYo1"}, {"size": [1080, 1920], "counts": "ZfXQ11gQ10c]k00\\bTO11O0000000000cZjl0"}, {"size": [1080, 1920], "counts": "PPYo1"}, {"size": [1080, 1920], "counts": "PPYo1"}, {"size": [1080, 1920], "counts": "PPYo1"}, {"size": [1080, 1920], "counts": "PPYo1"}, {"size": [1080, 1920], "counts": "b^c\\14dQ11N1000000001N_S]b0"}, {"size": [1080, 1920], "counts": "b^c\\14dQ11N1000000001N_S]b0"}, {"size": [1080, 1920],