{"labels": [10, 12, 10, 2, 3, 4, 6, 7, 8, 10, 10, 1, 3, 4, 6, 7, 10, 11, 12, 19, 10, 10, 10, 1, 10, 10, 7, 12, 19, 10, 2, 3, 4, 10, 10, 7, 12, 10, 10, 7, 0, 10, 10, 1, 2, 3, 4, 8, 10, 10, 3, 7, 10, 12, 1, 10, 10, 10, 19, 7, 12, 19, 4, 7, 10, 12, 1, 3, 6, 7, 8, 10, 11, 12, 19, 1, 2, 3, 4, 7, 10, 2, 10, 12, 7, 12, 19, 2, 4, 7, 8, 10, 12, 19, 1, 6, 10, 11, 12, 10], "scores": [0.00019807947683148086, 0.0, 0.0002503023133613169, 0.0, 0.0, 0.0, 0.0, 0.0, 0.0, 0.0, 0.0, 0.0, 0.0, 0.0, 0.0, 0.0, 0.0, 0.0, 0.0, 0.0, 0.0, 0.0, 0.0, 0.00013843255874235183, 0.0001212664574268274, 0.00026753885322250426, 0.0009864623425528407, 0.00016729484195820987, 0.0001568560692248866, 0.0, 0.00012761200196109712, 0.5222477912902832, 0.0008044516434893012, 0.0001465537934564054, 0.00023133134527597576, 0.0, 0.0, 0.0, 0.0, 0.0, 0.0, 0.0, 0.0, 0.00035519208176992834, 0.038803160190582275, 0.00022859031741973013, 0.00798349641263485, 0.00016326062905136496, 0.0017593011725693941, 0.0, 0.0, 0.0, 0.0, 0.0, 0.0003378120600245893, 0.0008597156847827137, 0.0, 0.0, 0.9894909262657166, 0.0004655520897358656, 0.00017688650405034423, 0.00039046129677444696, 0.0, 0.0, 0.0, 0.0, 0.0, 0.0, 0.0, 0.0, 0.0, 0.0, 0.0, 0.0, 0.0, 0.0002583643072284758, 0.006841685157269239, 0.0005817445344291627, 0.2024589627981186, 0.00016907819372136146, 0.0019534295424818993, 0.0, 0.0, 0.0, 0.0007496514008380473, 0.00015338481171056628, 0.000417144998209551, 0.0, 0.0, 0.0, 0.0, 0.0, 0.0, 0.0, 0.0, 0.0, 0.0, 0.0, 0.0, 0.0], "bboxes": [[553.0, 522.0, 571.0, 530.0], [0.0, 0.0, 0.0, 0.0], [427.0, 509.0, 584.0, 537.0], [0.0, 0.0, 0.0, 0.0], [0.0, 0.0, 0.0, 0.0], [0.0, 0.0, 0.0, 0.0], [0.0, 0.0, 0.0, 0.0], [0.0, 0.0, 0.0, 0.0], [0.0, 0.0, 0.0, 0.0], [0.0, 0.0, 0.0, 0.0], [0.0, 0.0, 0.0, 0.0], [0.0, 0.0, 0.0, 0.0], [0.0, 0.0, 0.0, 0.0], [0.0, 0.0, 0.0, 0.0], [0.0, 0.0, 0.0, 0.0], [0.0, 0.0, 0.0, 0.0], [0.0, 0.0, 0.0, 0.0], [0.0, 0.0, 0.0, 0.0], [0.0, 0.0, 0.0, 0.0], [0.0, 0.0, 0.0, 0.0], [0.0, 0.0, 0.0, 0.0], [0.0, 0.0, 0.0, 0.0], [0.0, 0.0, 0.0, 0.0], [1034.0, 531.0, 1059.0, 535.0], [1034.0, 531.0, 1059.0, 535.0], [553.0, 522.0, 571.0, 531.0], [425.0, 710.0, 475.0, 827.0], [425.0, 710.0, 475.0, 827.0], [425.0, 710.0, 475.0, 827.0], [0.0, 0.0, 0.0, 0.0], [993.0, 529.0, 1049.0, 536.0], [993.0, 529.0, 1049.0, 536.0], [993.0, 529.0, 1049.0, 536.0], [993.0, 529.0, 1049.0, 536.0], [552.0, 523.0, 570.0, 531.0], [0.0, 0.0, 0.0, 0.0], [0.0, 0.0, 0.0, 0.0], [0.0, 0.0, 0.0, 0.0], [0.0, 0.0, 0.0, 0.0], [0.0, 0.0, 0.0, 0.0], [0.0, 0.0, 0.0, 0.0], [0.0, 0.0, 0.0, 0.0], [0.0, 0.0, 0.0, 0.0], [669.0, 477.0, 708.0, 495.0], [669.0, 477.0, 708.0, 495.0], [669.0, 477.0, 708.0, 495.0], [669.0, 477.0, 708.0, 495.0], [669.0, 477.0, 708.0, 495.0], [669.0, 477.0, 708.0, 495.0], [0.0, 0.0, 0.0, 0.0], [0.0, 0.0, 0.0, 0.0], [0.0, 0.0, 0.0, 0.0], [0.0, 0.0, 0.0, 0.0], [0.0, 0.0, 0.0, 0.0], [547.0, 518.0, 572.0, 531.0], [547.0, 518.0, 572.0, 531.0], [0.0, 0.0, 0.0, 0.0], [0.0, 0.0, 0.0, 0.0], [397.0, 382.0, 1609.0, 1080.0], [450.0, 778.0, 451.0, 781.0], [450.0, 778.0, 451.0, 781.0], [418.0, 675.0, 1591.0, 852.0], [0.0, 0.0, 0.0, 0.0], [0.0, 0.0, 0.0, 0.0], [0.0, 0.0, 0.0, 0.0], [0.0, 0.0, 0.0, 0.0], [0.0, 0.0, 0.0, 0.0], [0.0, 0.0, 0.0, 0.0], [0.0, 0.0, 0.0, 0.0], [0.0, 0.0, 0.0, 0.0], [0.0, 0.0, 0.0, 0.0], [0.0, 0.0, 0.0, 0.0], [0.0, 0.0, 0.0, 0.0], [0.0, 0.0, 0.0, 0.0], [0.0, 0.0, 0.0, 0.0], [691.0, 477.0, 1154.0, 536.0], [691.0, 477.0, 1154.0, 536.0], [691.0, 477.0, 1154.0, 536.0], [691.0, 477.0, 1154.0, 536.0], [691.0, 477.0, 1154.0, 536.0], [691.0, 477.0, 1154.0, 536.0], [0.0, 0.0, 0.0, 0.0], [0.0, 0.0, 0.0, 0.0], [0.0, 0.0, 0.0, 0.0], [422.0, 701.0, 477.0, 830.0], [422.0, 701.0, 477.0, 830.0], [422.0, 701.0, 477.0, 830.0], [0.0, 0.0, 0.0, 0.0], [0.0, 0.0, 0.0, 0.0], [0.0, 0.0, 0.0, 0.0], [0.0, 0.0, 0.0, 0.0], [0.0, 0.0, 0.0, 0.0], [0.0, 0.0, 0.0, 0.0], [0.0, 0.0, 0.0, 0.0], [0.0, 0.0, 0.0, 0.0], [0.0, 0.0, 0.0, 0.0], [0.0, 0.0, 0.0, 0.0], [0.0, 0.0, 0.0, 0.0], [0.0, 0.0, 0.0, 0.0], [0.0, 0.0, 0.0, 0.0]], "masks": [{"size": [1080, 1920], "counts": "RhWb04dQ102N1O`S20`lM1O000dZ6O]eI0WX^\\1"}, {"size": [1080, 1920], "counts": "PPYo1"}, {"size": [1080, 1920], "counts": "YkR>2eQ110000001Naa:1_^E0O100O1O1O1000001O001O001O01O0O100O101O0O101O1NYU30hjL0N30O1O0Ojbn00W]QO00001O2M2O000001O003LYU30hjL001O0001O00000000cS20]lM00001O000O2O1N2O00001N10001O1O1O00001O01O01O010O1O00010O001O010O0001O001O001O0O2O001N2O0O2O0O1O1O10_aP\\1"}, {"size": [1080, 1920], "counts": "PPYo1"}, {"size": [1080, 1920], "counts": "PPYo1"}, {"size": [1080, 1920], "counts": "PPYo1"}, {"size": [1080, 1920], "counts": "PPYo1"}, {"size": [1080, 1920], "counts": "PPYo1"}, {"size": [1080, 1920], "counts": "PPYo1"}, {"size": [1080, 1920], "counts": "PPYo1"}, {"size": [1080, 1920], "counts": "PPYo1"}, {"size": [1080, 1920], "counts": "PPYo1"}, {"size": [1080, 1920], "counts": "PPYo1"}, {"size": [1080, 1920], "counts": "PPYo1"}, {"size": [1080, 1920], "counts": "PPYo1"}, {"size": [1080, 1920], "counts": "PPYo1"}, {"size": [1080, 1920], "counts": "PPYo1"}, {"size": [1080, 1920], "counts": "PPYo1"}, {"size": [1080, 1920], "counts": "PPYo1"}, {"size": [1080, 1920], "counts": "PPYo1"}, {"size": [1080, 1920], "counts": "PPYo1"}, {"size": [1080, 1920], "counts": "PPYo1"}, {"size": [1080, 1920], "counts": "PPYo1"}, {"size": [1080, 1920], "counts": "URSR11fQ1100000001N100001O00000000001O0000000000001O0000Rb[l0"}, {"size": [1080, 1920], "counts": "URSR11fQ1100000001N100001O00000000001O0000000000001O0000Rb[l0"}, {"size": [1080, 1920], "counts": "RhWb04eQ1O1OjX5OWgJ0cZ61\\eIOXX^\\1"}, {"size": [1080, 1920], "counts": "nmP>1VY52WlMOYlM1SR12imN5L20O0002O3MO0111N1N10001N0003N01O01M203M001N011O10ONX[6HodI2O003N0RWc_1"}, {"size": [1080, 1920], "counts": "nmP>1VY52WlMOYlM1SR12imN5L20O0002O3MO0111N1N10001N0003N01O01M203M001N011O10ONX[6HodI2O003N0RWc_1"}, {"size": [1080, 1920], "counts": "nmP>1VY52WlMOYlM1SR12imN5L20O0002O3MO0111N1N10001N0003N01O01M203M001N011O10ONX[6HodI2O003N0RWc_1"}, {"size": [1080, 1920], "counts": "PPYo1"}, {"size": [1080, 1920], "counts": "ZjgP14dQ1000000000000O1O1O1000000000O2O1O0001N100001O10O1On]81QbG1O0000000O101O01O00000001O01O00001O001O0OdSfl0"}, {"size": [1080, 1920], "counts": "ZjgP14dQ1000000000000O1O1O1000000000O2O1O0001N100001O10O1On]81QbG1O0000000O101O01O00000001O01O00001O001O0OdSfl0"}, {"size": [1080, 1920], "counts": "ZjgP14dQ1000000000000O1O1O1000000000O2O1O0001N100001O10O1On]81QbG1O0000000O101O01O00000001O01O00001O001O0OdSfl0"}, {"size": [1080, 1920], "counts": "ZjgP14dQ1000000000000O1O1O1000000000O2O1O0001N100001O10O1On]81QbG1O0000000O101O01O00000001O01O00001O001O0OdSfl0"}, {"size": [1080, 1920], "counts": "]fVb01eQ12011MRW40nhK20NdZ61[oX\\1"}, {"size": [1080, 1920], "counts": "PPYo1"}, {"size": [1080, 1920], "counts": "PPYo1"}, {"size": [1080, 1920], "counts": "PPYo1"}, {"size": [1080, 1920], "counts": "PPYo1"}, {"size": [1080, 1920], "counts": "PPYo1"}, {"size": [1080, 1920], "counts": "PPYo1"}, {"size": [1080, 1920], "counts": "PPYo1"}, {"size": [1080, 1920], "counts": "PPYo1"}, {"size": [1080, 1920], "counts": "oQRf06bQ12N0001O001O1O1O1O1Og_90W`F2N1O2O010O00001O01O010O010N101O002LUjmW1"}, {"size": [1080, 1920], "counts": "oQRf06bQ12N0001O001O1O1O1O1Og_90W`F2N1O2O010O00001O01O010O010N101O002LUjmW1"}, {"size": [1080, 1920], "counts": "oQRf06bQ12N0001O001O1O1O1O1Og_90W`F2N1O2O010O00001O01O010O010N101O002LUjmW1"}, {"size": [1080, 1920], "counts": "oQRf06bQ12N0001O001O1O1O1O1Og_90W`F2N1O2O010O00001O01O010O010N101O002LUjmW1"}, {"size": [1080, 1920], "counts": "oQRf06bQ12N0001O001O1O1O1O1Og_90W`F2N1O2O010O00001O01O010O010N101O002LUjmW1"}, {"size": [1080, 1920], "counts": "oQRf06bQ12N0001O001O1O1O1O1Og_90W`F2N1O2O010O00001O01O010O010N101O002LUjmW1"}, {"size": [1080, 1920], "counts": "PPYo1"}, {"size": [1080, 1920], "counts": "PPYo1"}, {"size": [1080, 1920], "counts": "PPYo1"}, {"size": [1080, 1920], "counts": "PPYo1"}, {"size": [1080, 1920], "counts": "PPYo1"}, {"size": [1080, 1920],