{"labels": [12, 2, 3, 4, 6, 7, 8, 10, 10, 12, 1, 3, 4, 6, 8, 10, 10, 12, 1, 2, 10, 12, 4, 7, 12, 7, 2, 3, 4, 7, 10, 7, 12, 7, 0, 10, 1, 2, 3, 4, 7, 8, 10, 14, 19, 3, 7, 10, 12, 1, 12, 10, 19, 12, 7, 19, 3, 7, 10, 12, 1, 3, 6, 7, 8, 10, 11, 12, 19, 1, 2, 3, 4, 6, 7, 8, 10, 14, 16, 19, 21, 2, 10, 12, 2, 2, 6, 7, 8, 10, 12, 19, 1, 6, 7, 8, 10, 11, 12, 2], "scores": [0.0, 0.0, 0.0, 0.0, 0.0, 0.0, 0.0, 0.0, 0.0, 0.0, 0.0008531568455509841, 0.0006216666661202908, 0.0002552821533754468, 0.00842370092868805, 0.00027741340454667807, 0.00026884241378866136, 0.0, 0.0, 0.000586229027248919, 0.0, 0.0, 0.0, 0.0002795394684653729, 0.0, 0.0, 0.0, 0.0003311517939437181, 0.5538365244865417, 0.0016805737977847457, 0.00021348378504626453, 0.00023404105741064996, 0.00023226439952850342, 0.0, 0.0, 0.0, 0.0, 0.000620730803348124, 0.1054120883345604, 0.00039604981429874897, 0.007863740436732769, 0.0001495135365985334, 0.00042544680763967335, 0.004125100094825029, 0.00021828457829542458, 0.0002338703634450212, 0.0, 0.0, 0.0, 0.0, 0.001834573340602219, 0.0, 0.0, 0.988713800907135, 0.0, 0.0002325201639905572, 0.0002757931943051517, 0.0, 0.0, 0.0, 0.0, 0.0, 0.0, 0.0, 0.0, 0.0, 0.0, 0.0, 0.0, 0.0, 0.0005957414396107197, 0.028424615040421486, 0.0018168308306485415, 0.2449011206626892, 0.0001963995018741116, 0.0013369055232033134, 0.0005579337012022734, 0.010559452697634697, 0.0003915085981134325, 0.00017148430924862623, 0.0003761060070246458, 0.00021573095000348985, 0.0, 0.0, 0.0, 0.0, 0.0, 0.0, 0.0, 0.0, 0.0, 0.0, 0.0, 0.0, 0.0, 0.0, 0.0, 0.0, 0.0, 0.0, 0.0], "bboxes": [[0.0, 0.0, 0.0, 0.0], [0.0, 0.0, 0.0, 0.0], [0.0, 0.0, 0.0, 0.0], [0.0, 0.0, 0.0, 0.0], [0.0, 0.0, 0.0, 0.0], [0.0, 0.0, 0.0, 0.0], [0.0, 0.0, 0.0, 0.0], [0.0, 0.0, 0.0, 0.0], [0.0, 0.0, 0.0, 0.0], [0.0, 0.0, 0.0, 0.0], [988.0, 527.0, 1065.0, 545.0], [988.0, 527.0, 1065.0, 545.0], [988.0, 527.0, 1065.0, 545.0], [988.0, 527.0, 1065.0, 545.0], [988.0, 527.0, 1065.0, 545.0], [988.0, 527.0, 1065.0, 545.0], [0.0, 0.0, 0.0, 0.0], [0.0, 0.0, 0.0, 0.0], [986.0, 528.0, 1071.0, 543.0], [0.0, 0.0, 0.0, 0.0], [0.0, 0.0, 0.0, 0.0], [0.0, 0.0, 0.0, 0.0], [981.0, 527.0, 1063.0, 539.0], [0.0, 0.0, 0.0, 0.0], [0.0, 0.0, 0.0, 0.0], [0.0, 0.0, 0.0, 0.0], [985.0, 527.0, 1059.0, 541.0], [985.0, 527.0, 1059.0, 541.0], [985.0, 527.0, 1059.0, 541.0], [985.0, 527.0, 1059.0, 541.0], [985.0, 527.0, 1059.0, 541.0], [992.0, 528.0, 1054.0, 539.0], [0.0, 0.0, 0.0, 0.0], [0.0, 0.0, 0.0, 0.0], [0.0, 0.0, 0.0, 0.0], [0.0, 0.0, 0.0, 0.0], [702.0, 482.0, 703.0, 483.0], [702.0, 482.0, 703.0, 483.0], [702.0, 482.0, 703.0, 483.0], [702.0, 482.0, 703.0, 483.0], [702.0, 482.0, 703.0, 483.0], [702.0, 482.0, 703.0, 483.0], [702.0, 482.0, 703.0, 483.0], [702.0, 482.0, 703.0, 483.0], [702.0, 482.0, 703.0, 483.0], [0.0, 0.0, 0.0, 0.0], [0.0, 0.0, 0.0, 0.0], [0.0, 0.0, 0.0, 0.0], [0.0, 0.0, 0.0, 0.0], [1001.0, 529.0, 1051.0, 541.0], [0.0, 0.0, 0.0, 0.0], [0.0, 0.0, 0.0, 0.0], [398.0, 383.0, 1609.0, 1080.0], [0.0, 0.0, 0.0, 0.0], [425.0, 704.0, 476.0, 809.0], [425.0, 704.0, 476.0, 809.0], [0.0, 0.0, 0.0, 0.0], [0.0, 0.0, 0.0, 0.0], [0.0, 0.0, 0.0, 0.0], [0.0, 0.0, 0.0, 0.0], [0.0, 0.0, 0.0, 0.0], [0.0, 0.0, 0.0, 0.0], [0.0, 0.0, 0.0, 0.0], [0.0, 0.0, 0.0, 0.0], [0.0, 0.0, 0.0, 0.0], [0.0, 0.0, 0.0, 0.0], [0.0, 0.0, 0.0, 0.0], [0.0, 0.0, 0.0, 0.0], [0.0, 0.0, 0.0, 0.0], [699.0, 478.0, 707.0, 486.0], [699.0, 478.0, 707.0, 486.0], [699.0, 478.0, 707.0, 486.0], [699.0, 478.0, 707.0, 486.0], [699.0, 478.0, 707.0, 486.0], [699.0, 478.0, 707.0, 486.0], [699.0, 478.0, 707.0, 486.0], [699.0, 478.0, 707.0, 486.0], [699.0, 478.0, 707.0, 486.0], [699.0, 478.0, 707.0, 486.0], [699.0, 478.0, 707.0, 486.0], [699.0, 478.0, 707.0, 486.0], [0.0, 0.0, 0.0, 0.0], [0.0, 0.0, 0.0, 0.0], [0.0, 0.0, 0.0, 0.0], [0.0, 0.0, 0.0, 0.0], [0.0, 0.0, 0.0, 0.0], [0.0, 0.0, 0.0, 0.0], [0.0, 0.0, 0.0, 0.0], [0.0, 0.0, 0.0, 0.0], [0.0, 0.0, 0.0, 0.0], [0.0, 0.0, 0.0, 0.0], [0.0, 0.0, 0.0, 0.0], [0.0, 0.0, 0.0, 0.0], [0.0, 0.0, 0.0, 0.0], [0.0, 0.0, 0.0, 0.0], [0.0, 0.0, 0.0, 0.0], [0.0, 0.0, 0.0, 0.0], [0.0, 0.0, 0.0, 0.0], [0.0, 0.0, 0.0, 0.0], [0.0, 0.0, 0.0, 0.0]], "masks": [{"size": [1080, 1920], "counts": "PPYo1"}, {"size": [1080, 1920], "counts": "PPYo1"}, {"size": [1080, 1920], "counts": "PPYo1"}, {"size": [1080, 1920], "counts": "PPYo1"}, {"size": [1080, 1920], "counts": "PPYo1"}, {"size": [1080, 1920], "counts": "PPYo1"}, {"size": [1080, 1920], "counts": "PPYo1"}, {"size": [1080, 1920], "counts": "PPYo1"}, {"size": [1080, 1920], "counts": "PPYo1"}, {"size": [1080, 1920], "counts": "PPYo1"}, {"size": [1080, 1920], "counts": "babP11fQ13N1O0000001O001O0O2O001O0O2O001O000000001O01O00000000010O000001O000000010O0000000O2O0000000000O101O000000001O0O101O00000O101O000O2O01O0001O1N101O0O2O0O_WUl0"}, {"size": [1080, 1920], "counts": "babP11fQ13N1O0000001O001O0O2O001O0O2O001O000000001O01O00000000010O000001O000000010O0000000O2O0000000000O101O000000001O0O101O00000O101O000O2O01O0001O1N101O0O2O0O_WUl0"}, {"size": [1080, 1920], "counts": "babP11fQ13N1O0000001O001O0O2O001O0O2O001O000000001O01O00000000010O000001O000000010O0000000O2O0000000000O101O000000001O0O101O00000O101O000O2O01O0001O1N101O0O2O0O_WUl0"}, {"size": [1080, 1920], "counts": "babP11fQ13N1O0000001O001O0O2O001O0O2O001O000000001O01O00000000010O000001O000000010O0000000O2O0000000000O101O000000001O0O101O00000O101O000O2O01O0001O1N101O0O2O0O_WUl0"}, {"size": [1080, 1920], "counts": "babP11fQ13N1O0000001O001O0O2O001O0O2O001O000000001O01O00000000010O000001O000000010O0000000O2O0000000000O101O000000001O0O101O00000O101O000O2O01O0001O1N101O0O2O0O_WUl0"}, {"size": [1080, 1920], "counts": "babP11fQ13N1O0000001O001O0O2O001O0O2O001O000000001O01O00000000010O000001O000000010O0000000O2O0000000000O101O000000001O0O101O00000O101O000O2O01O0001O1N101O0O2O0O_WUl0"}, {"size": [1080, 1920], "counts": "PPYo1"}, {"size": [1080, 1920], "counts": "PPYo1"}, {"size": [1080, 1920], "counts": "R^`P11fQ1101O1O000000001O001O000O10001O0000001O0000000000001O0000010O00001O00001O01O00000000O2O0000001O00O1000001O000000001N100000001O0000001O000000001O00001O001O0010O0001O003Mklnk0"}, {"size": [1080, 1920], "counts": "PPYo1"}, {"size": [1080, 1920], "counts": "PPYo1"}, {"size": [1080, 1920], "counts": "PPYo1"}, {"size": [1080, 1920], "counts": "YU[P11gQ11O0O2O001O1O00001O00O1001O0000000O100000000000000000001O000001O000000001O01O000000001O00000000001O00000000000000O101O0000001O0000000O2O00001N10000001O10O002N001OoZWl0"}, {"size": [1080, 1920], "counts": "PPYo1"}, {"size": [1080, 1920], "counts": "PPYo1"}, {"size": [1080, 1920], "counts": "PPYo1"}, {"size": [1080, 1920], "counts": "Y\\_P12fQ11O1O1N101O00000000000000000O10001O00000000000000001O0001O01O0000001O0000001O01O00000000O10001O00000001O00000O10001O00001O00000O2O001O001O001O001OPb[l0"}, {"size": [1080, 1920], "counts": "Y\\_P12fQ11O1O1N101O00000000000000000O10001O00000000000000001O0001O01O0000001O0000001O01O00000000O10001O00000001O00000O10001O00001O00000O2O001O001O001O001OPb[l0"}, {"size": [1080, 1920], "counts": "Y\\_P12fQ11O1O1N101O00000000000000000O10001O00000000000000001O0001O01O0000001O0000001O01O00000000O10001O00000001O00000O10001O00001O00000O2O001O001O001O001OPb[l0"}, {"size": [1080, 1920], "counts": "Y\\_P12fQ11O1O1N101O00000000000000000O10001O00000000000000001O0001O01O0000001O0000001O01O00000000O10001O00000001O00000O10001O00001O00000O2O001O001O001O001OPb[l0"}, {"size": [1080, 1920], "counts": "Y\\_P12fQ11O1O1N101O00000000000000000O10001O00000000000000001O0001O01O0000001O0000001O01O00000000O10001O00000001O00000O10001O00001O00000O2O001O001O001O001OPb[l0"}, {"size": [1080, 1920], "counts": "bhfP11gQ10O10000000001N100000001O000000001O0000000001O01O0000001O000010O0001O0O10001O0000000000000001O0O10001O00001N1000001N100O2Ojj`l0"}, {"size": [1080, 1920], "counts": "PPYo1"}, {"size": [1080, 1920], "counts": "PPYo1"}, {"size": [1080, 1920], "counts": "PPYo1"}, {"size": [1080, 1920], "counts": "PPYo1"}, {"size": [1080, 1920], "counts": "bkTg01]TTX1"}, {"size": [1080, 1920], "counts": "bkTg01]TTX1"}, {"size": [1080, 1920],