{"labels": [12, 12, 2, 3, 4, 6, 7, 8, 10, 7, 1, 3, 4, 6, 10, 10, 10, 12, 12, 2, 1, 10, 12, 10, 12, 7, 12, 7, 12, 19, 7, 10, 12, 2, 3, 4, 7, 8, 10, 10, 12, 10, 7, 0, 10, 10, 1, 2, 3, 4, 10, 19, 10, 3, 7, 10, 12, 1, 10, 12, 2, 10, 19, 10, 3, 7, 10, 12, 1, 3, 6, 7, 8, 10, 11, 12, 19, 10, 12, 1, 2, 3, 4, 7, 10, 19, 2, 12, 2, 10, 12, 19, 2, 7, 8, 10, 12, 19, 1, 7], "scores": [0.0, 0.0, 0.0, 0.0, 0.0, 0.0, 0.0, 0.0, 0.0, 0.0, 0.0008586146868765354, 0.00020906944700982422, 0.00016875875007826835, 0.0024054369423538446, 0.00027739309007301927, 0.0, 0.0, 0.0, 0.0, 0.0, 0.0002831103338394314, 0.0, 0.0, 0.0, 0.0, 0.0, 0.0, 0.0, 0.0, 0.0, 0.0, 0.0, 0.0, 0.00034591055009514093, 0.5491082668304443, 0.0019602493848651648, 0.0004212044586893171, 0.0007766694179736078, 0.0002219253801740706, 0.0, 0.0, 0.0, 0.0, 0.0, 0.0, 0.0, 0.0, 0.0, 0.0, 0.0, 0.0, 0.0, 0.0, 0.0, 0.0, 0.0, 0.0, 0.0008528573089279234, 0.0, 0.0, 0.0, 0.0, 0.9891835451126099, 0.00028069555992260575, 0.0, 0.0, 0.0, 0.0, 0.0, 0.0, 0.0, 0.0, 0.0, 0.0, 0.0, 0.0, 0.0, 0.0, 0.0, 0.0, 0.0, 0.0, 0.0, 0.0, 0.0, 0.0, 0.0, 0.0, 0.0, 0.0, 0.0, 0.0, 0.0, 0.0, 0.0, 0.0, 0.0, 0.0, 0.00024162736372090876, 0.0001623930875211954], "bboxes": [[0.0, 0.0, 0.0, 0.0], [0.0, 0.0, 0.0, 0.0], [0.0, 0.0, 0.0, 0.0], [0.0, 0.0, 0.0, 0.0], [0.0, 0.0, 0.0, 0.0], [0.0, 0.0, 0.0, 0.0], [0.0, 0.0, 0.0, 0.0], [0.0, 0.0, 0.0, 0.0], [0.0, 0.0, 0.0, 0.0], [0.0, 0.0, 0.0, 0.0], [988.0, 528.0, 1063.0, 539.0], [988.0, 528.0, 1063.0, 539.0], [988.0, 528.0, 1063.0, 539.0], [988.0, 528.0, 1063.0, 539.0], [988.0, 528.0, 1063.0, 539.0], [0.0, 0.0, 0.0, 0.0], [0.0, 0.0, 0.0, 0.0], [0.0, 0.0, 0.0, 0.0], [0.0, 0.0, 0.0, 0.0], [0.0, 0.0, 0.0, 0.0], [985.0, 528.0, 1065.0, 539.0], [0.0, 0.0, 0.0, 0.0], [0.0, 0.0, 0.0, 0.0], [0.0, 0.0, 0.0, 0.0], [0.0, 0.0, 0.0, 0.0], [0.0, 0.0, 0.0, 0.0], [0.0, 0.0, 0.0, 0.0], [0.0, 0.0, 0.0, 0.0], [0.0, 0.0, 0.0, 0.0], [0.0, 0.0, 0.0, 0.0], [0.0, 0.0, 0.0, 0.0], [0.0, 0.0, 0.0, 0.0], [0.0, 0.0, 0.0, 0.0], [983.0, 528.0, 1055.0, 539.0], [983.0, 528.0, 1055.0, 539.0], [983.0, 528.0, 1055.0, 539.0], [983.0, 528.0, 1055.0, 539.0], [983.0, 528.0, 1055.0, 539.0], [983.0, 528.0, 1055.0, 539.0], [0.0, 0.0, 0.0, 0.0], [0.0, 0.0, 0.0, 0.0], [0.0, 0.0, 0.0, 0.0], [0.0, 0.0, 0.0, 0.0], [0.0, 0.0, 0.0, 0.0], [0.0, 0.0, 0.0, 0.0], [0.0, 0.0, 0.0, 0.0], [0.0, 0.0, 0.0, 0.0], [0.0, 0.0, 0.0, 0.0], [0.0, 0.0, 0.0, 0.0], [0.0, 0.0, 0.0, 0.0], [0.0, 0.0, 0.0, 0.0], [0.0, 0.0, 0.0, 0.0], [0.0, 0.0, 0.0, 0.0], [0.0, 0.0, 0.0, 0.0], [0.0, 0.0, 0.0, 0.0], [0.0, 0.0, 0.0, 0.0], [0.0, 0.0, 0.0, 0.0], [1028.0, 532.0, 1048.0, 536.0], [0.0, 0.0, 0.0, 0.0], [0.0, 0.0, 0.0, 0.0], [0.0, 0.0, 0.0, 0.0], [0.0, 0.0, 0.0, 0.0], [399.0, 382.0, 1609.0, 1080.0], [566.0, 526.0, 574.0, 530.0], [0.0, 0.0, 0.0, 0.0], [0.0, 0.0, 0.0, 0.0], [0.0, 0.0, 0.0, 0.0], [0.0, 0.0, 0.0, 0.0], [0.0, 0.0, 0.0, 0.0], [0.0, 0.0, 0.0, 0.0], [0.0, 0.0, 0.0, 0.0], [0.0, 0.0, 0.0, 0.0], [0.0, 0.0, 0.0, 0.0], [0.0, 0.0, 0.0, 0.0], [0.0, 0.0, 0.0, 0.0], [0.0, 0.0, 0.0, 0.0], [0.0, 0.0, 0.0, 0.0], [0.0, 0.0, 0.0, 0.0], [0.0, 0.0, 0.0, 0.0], [0.0, 0.0, 0.0, 0.0], [0.0, 0.0, 0.0, 0.0], [0.0, 0.0, 0.0, 0.0], [0.0, 0.0, 0.0, 0.0], [0.0, 0.0, 0.0, 0.0], [0.0, 0.0, 0.0, 0.0], [0.0, 0.0, 0.0, 0.0], [0.0, 0.0, 0.0, 0.0], [0.0, 0.0, 0.0, 0.0], [0.0, 0.0, 0.0, 0.0], [0.0, 0.0, 0.0, 0.0], [0.0, 0.0, 0.0, 0.0], [0.0, 0.0, 0.0, 0.0], [0.0, 0.0, 0.0, 0.0], [0.0, 0.0, 0.0, 0.0], [0.0, 0.0, 0.0, 0.0], [0.0, 0.0, 0.0, 0.0], [0.0, 0.0, 0.0, 0.0], [0.0, 0.0, 0.0, 0.0], [981.0, 527.0, 1053.0, 536.0], [988.0, 528.0, 1063.0, 539.0]], "masks": [{"size": [1080, 1920], "counts": "PPYo1"}, {"size": [1080, 1920], "counts": "PPYo1"}, {"size": [1080, 1920], "counts": "PPYo1"}, {"size": [1080, 1920], "counts": "PPYo1"}, {"size": [1080, 1920], "counts": "PPYo1"}, {"size": [1080, 1920], "counts": "PPYo1"}, {"size": [1080, 1920], "counts": "PPYo1"}, {"size": [1080, 1920], "counts": "PPYo1"}, {"size": [1080, 1920], "counts": "PPYo1"}, {"size": [1080, 1920], "counts": "PPYo1"}, {"size": [1080, 1920], "counts": "babP11fQ11000000000000000001O001O001O0O101O00001O000001O00000001O000001O0001O0000001O00000O100000000001O000000001O0000001O00000000001N100O2O00011N001O000000oZWl0"}, {"size": [1080, 1920], "counts": "babP11fQ11000000000000000001O001O001O0O101O00001O000001O00000001O000001O0001O0000001O00000O100000000001O000000001O0000001O00000000001N100O2O00011N001O000000oZWl0"}, {"size": [1080, 1920], "counts": "babP11fQ11000000000000000001O001O001O0O101O00001O000001O00000001O000001O0001O0000001O00000O100000000001O000000001O0000001O00000000001N100O2O00011N001O000000oZWl0"}, {"size": [1080, 1920], "counts": "babP11fQ11000000000000000001O001O001O0O101O00001O000001O00000001O000001O0001O0000001O00000O100000000001O000000001O0000001O00000000001N100O2O00011N001O000000oZWl0"}, {"size": [1080, 1920], "counts": "babP11fQ11000000000000000001O001O001O0O101O00001O000001O00000001O000001O0001O0000001O00000O100000000001O000000001O0000001O00000000001N100O2O00011N001O000000oZWl0"}, {"size": [1080, 1920], "counts": "PPYo1"}, {"size": [1080, 1920], "counts": "PPYo1"}, {"size": [1080, 1920], "counts": "PPYo1"}, {"size": [1080, 1920], "counts": "PPYo1"}, {"size": [1080, 1920], "counts": "PPYo1"}, {"size": [1080, 1920], "counts": "Y\\_P12fQ1000000000000001O0000O100001O0000001O00000O2O1O0001O0000000001O0001O0000000001O00000000000O101O00000001O00000000001O0000001O000000001O0O10001O01O01O1O010O0000_WUl0"}, {"size": [1080, 1920], "counts": "PPYo1"}, {"size": [1080, 1920], "counts": "PPYo1"}, {"size": [1080, 1920], "counts": "PPYo1"}, {"size": [1080, 1920], "counts": "PPYo1"}, {"size": [1080, 1920], "counts": "PPYo1"}, {"size": [1080, 1920], "counts": "PPYo1"}, {"size": [1080, 1920], "counts": "PPYo1"}, {"size": [1080, 1920], "counts": "PPYo1"}, {"size": [1080, 1920], "counts": "PPYo1"}, {"size": [1080, 1920], "counts": "PPYo1"}, {"size": [1080, 1920], "counts": "PPYo1"}, {"size": [1080, 1920], "counts": "PPYo1"}, {"size": [1080, 1920], "counts": "iX]P11gQ11O0O2O000000001O001O0000001OO10000000000000000001O00001O000000001O0001O0001O00000000000000000O10000001O00000000010O0000001O00001O00001N101O0MUi_l0"}, {"size": [1080, 1920], "counts": "iX]P11gQ11O0O2O000000001O001O0000001OO10000000000000000001O00001O000000001O0001O0001O00000000000000000O10000001O00000000010O0000001O00001O00001N101O0MUi_l0"}, {"size": [1080, 1920], "counts": "iX]P11gQ11O0O2O000000001O001O0000001OO10000000000000000001O00001O000000001O0001O0001O00000000000000000O10000001O00000000010O0000001O00001O00001N101O0MUi_l0"}, {"size": [1080, 1920], "counts": "iX]P11gQ11O0O2O000000001O001O0000001OO10000000000000000001O00001O000000001O0001O0001O00000000000000000O10000001O00000000010O0000001O00001O00001N101O0MUi_l0"}, {"size": [1080, 1920], "counts": "iX]P11gQ11O0O2O000000001O001O0000001OO10000000000000000001O00001O000000001O0001O0001O00000000000000000O10000001O00000000010O0000001O00001O00001N101O0MUi_l0"}, {"size": [1080, 1920], "counts": "iX]P11gQ11O0O2O000000001O001O0000001OO10000000000000000001O00001O000000001O0001O0001O00000000000000000O10000001O00000000010O0000001O00001O00001N101O0MUi_l0"}, {"size": [1080, 1920], "counts": "PPYo1"}, {"size": [1080, 1920], "counts": "PPYo1"}, {"size": [1080, 1920], "counts": "PPYo1"}, {"size": [1080, 1920], "counts": "PPYo1"}, {"size": [1080, 1920], "counts": "PPYo1"}, {"size": [1080, 1920], "counts": "PPYo1"}, {"size": [1080, 1920], "counts": "PPYo1"}, {"size": [1080, 1920], "counts": "PPYo1"}, {"size": [1080, 1920], "counts": "PPYo1"}, {"size": [1080, 1920], "counts": "PPYo1"}, {"size": [1080, 1920], "counts": "PPYo1"}, {"size": [1080, 1920], "counts": "PPYo1"}, {"size": [1080, 1920], "counts": "PPYo1"}, {"size": [1080, 1920], "counts": "PPYo1"}, {"size": [1080, 1920], "counts": "PPYo1"}, {"size": [1080, 1920], "counts": "PPYo1"}, {"size": [1080, 1920], "counts": "PPYo1"}, {"size": [1080, 1920], "counts": "PPYo1"}, {"size": [1080, 1920], "counts": "eglQ12fQ10000000O1000001O0001O000000000O101O00ZUgl0"}, {"size": [1080, 1920],