{"labels": [10, 12, 10, 2, 3, 4, 6, 7, 8, 10, 11, 1, 2, 3, 4, 6, 7, 8, 10, 12, 10, 10, 12, 10, 7, 10, 12, 7, 12, 19, 12, 2, 3, 4, 7, 8, 10, 14, 7, 12, 10, 10, 10, 2, 3, 4, 10, 12, 19, 10, 3, 7, 10, 12, 1, 10, 10, 19, 10, 2, 4, 7, 10, 12, 1, 3, 4, 6, 7, 8, 10, 11, 12, 19, 1, 2, 3, 4, 7, 8, 10, 2, 10, 12, 2, 10, 2, 7, 8, 10, 12, 19, 1, 6, 7, 8, 10, 11, 12, 12], "scores": [0.00033218847238458693, 0.0, 0.0006601347122341394, 0.0, 0.0, 0.0, 0.0, 0.0, 0.0, 0.0, 0.0, 0.0, 0.0, 0.0, 0.0, 0.0, 0.0, 0.0, 0.0, 0.0, 0.0, 0.0, 0.0, 0.0, 0.0, 0.0, 0.0, 0.0, 0.0, 0.0, 0.0, 0.0004649939655791968, 0.4495070278644562, 0.0025426154024899006, 0.0004689436173066497, 0.00022061717754695565, 0.0004084328538738191, 0.00020263396436348557, 0.0, 0.0, 0.0005419509834609926, 0.0, 0.0, 0.0, 0.0, 0.0, 0.0, 0.0, 0.0, 0.0, 0.0, 0.0, 0.0, 0.0, 0.0006453332607634366, 0.0, 0.0, 0.9881942868232727, 0.0, 0.0, 0.0, 0.0, 0.0, 0.0, 0.0, 0.0, 0.0, 0.0, 0.0, 0.0, 0.0, 0.0, 0.0, 0.0, 0.00023492846230510622, 0.011635292321443558, 0.0009037226554937661, 0.3123578429222107, 0.00015255477046594024, 0.00019676594820339233, 0.002952764742076397, 0.0, 0.0, 0.0, 0.0, 0.0, 0.0, 0.0, 0.0, 0.0, 0.0, 0.0, 0.0, 0.0, 0.0, 0.0, 0.0, 0.0, 0.0, 0.0], "bboxes": [[563.0, 521.0, 568.0, 524.0], [0.0, 0.0, 0.0, 0.0], [446.0, 503.0, 584.0, 533.0], [0.0, 0.0, 0.0, 0.0], [0.0, 0.0, 0.0, 0.0], [0.0, 0.0, 0.0, 0.0], [0.0, 0.0, 0.0, 0.0], [0.0, 0.0, 0.0, 0.0], [0.0, 0.0, 0.0, 0.0], [0.0, 0.0, 0.0, 0.0], [0.0, 0.0, 0.0, 0.0], [0.0, 0.0, 0.0, 0.0], [0.0, 0.0, 0.0, 0.0], [0.0, 0.0, 0.0, 0.0], [0.0, 0.0, 0.0, 0.0], [0.0, 0.0, 0.0, 0.0], [0.0, 0.0, 0.0, 0.0], [0.0, 0.0, 0.0, 0.0], [0.0, 0.0, 0.0, 0.0], [0.0, 0.0, 0.0, 0.0], [0.0, 0.0, 0.0, 0.0], [0.0, 0.0, 0.0, 0.0], [0.0, 0.0, 0.0, 0.0], [0.0, 0.0, 0.0, 0.0], [0.0, 0.0, 0.0, 0.0], [0.0, 0.0, 0.0, 0.0], [0.0, 0.0, 0.0, 0.0], [0.0, 0.0, 0.0, 0.0], [0.0, 0.0, 0.0, 0.0], [0.0, 0.0, 0.0, 0.0], [0.0, 0.0, 0.0, 0.0], [986.0, 527.0, 1063.0, 539.0], [986.0, 527.0, 1063.0, 539.0], [986.0, 527.0, 1063.0, 539.0], [986.0, 527.0, 1063.0, 539.0], [986.0, 527.0, 1063.0, 539.0], [986.0, 527.0, 1063.0, 539.0], [986.0, 527.0, 1063.0, 539.0], [0.0, 0.0, 0.0, 0.0], [0.0, 0.0, 0.0, 0.0], [558.0, 520.0, 569.0, 526.0], [0.0, 0.0, 0.0, 0.0], [0.0, 0.0, 0.0, 0.0], [0.0, 0.0, 0.0, 0.0], [0.0, 0.0, 0.0, 0.0], [0.0, 0.0, 0.0, 0.0], [0.0, 0.0, 0.0, 0.0], [0.0, 0.0, 0.0, 0.0], [0.0, 0.0, 0.0, 0.0], [0.0, 0.0, 0.0, 0.0], [0.0, 0.0, 0.0, 0.0], [0.0, 0.0, 0.0, 0.0], [0.0, 0.0, 0.0, 0.0], [0.0, 0.0, 0.0, 0.0], [1026.0, 532.0, 1052.0, 536.0], [0.0, 0.0, 0.0, 0.0], [0.0, 0.0, 0.0, 0.0], [398.0, 383.0, 1609.0, 1080.0], [0.0, 0.0, 0.0, 0.0], [0.0, 0.0, 0.0, 0.0], [0.0, 0.0, 0.0, 0.0], [0.0, 0.0, 0.0, 0.0], [0.0, 0.0, 0.0, 0.0], [0.0, 0.0, 0.0, 0.0], [0.0, 0.0, 0.0, 0.0], [0.0, 0.0, 0.0, 0.0], [0.0, 0.0, 0.0, 0.0], [0.0, 0.0, 0.0, 0.0], [0.0, 0.0, 0.0, 0.0], [0.0, 0.0, 0.0, 0.0], [0.0, 0.0, 0.0, 0.0], [0.0, 0.0, 0.0, 0.0], [0.0, 0.0, 0.0, 0.0], [0.0, 0.0, 0.0, 0.0], [697.0, 478.0, 710.0, 488.0], [697.0, 478.0, 710.0, 488.0], [697.0, 478.0, 710.0, 488.0], [697.0, 478.0, 710.0, 488.0], [697.0, 478.0, 710.0, 488.0], [697.0, 478.0, 710.0, 488.0], [697.0, 478.0, 710.0, 488.0], [0.0, 0.0, 0.0, 0.0], [0.0, 0.0, 0.0, 0.0], [0.0, 0.0, 0.0, 0.0], [0.0, 0.0, 0.0, 0.0], [0.0, 0.0, 0.0, 0.0], [0.0, 0.0, 0.0, 0.0], [0.0, 0.0, 0.0, 0.0], [0.0, 0.0, 0.0, 0.0], [0.0, 0.0, 0.0, 0.0], [0.0, 0.0, 0.0, 0.0], [0.0, 0.0, 0.0, 0.0], [0.0, 0.0, 0.0, 0.0], [0.0, 0.0, 0.0, 0.0], [0.0, 0.0, 0.0, 0.0], [0.0, 0.0, 0.0, 0.0], [0.0, 0.0, 0.0, 0.0], [0.0, 0.0, 0.0, 0.0], [0.0, 0.0, 0.0, 0.0], [0.0, 0.0, 0.0, 0.0]], "masks": [{"size": [1080, 1920], "counts": "aYbb01gQ11O1O01Ng]a\\1"}, {"size": [1080, 1920], "counts": "PPYo1"}, {"size": [1080, 1920], "counts": "]lf>1gQ10eQ10ZnN3N0O2O0O11N100O101O01O0001NQSe0OQmZO0O100000000000000000ORl`03lS_O0100O0001O01O01O0001N1O10o[j01PdUO1N2O2OO010000O0O2O010O001O010O010O010O01O0010O01O00001O1N101O1N`aP\\1"}, {"size": [1080, 1920], "counts": "PPYo1"}, {"size": [1080, 1920], "counts": "PPYo1"}, {"size": [1080, 1920], "counts": "PPYo1"}, {"size": [1080, 1920], "counts": "PPYo1"}, {"size": [1080, 1920], "counts": "PPYo1"}, {"size": [1080, 1920], "counts": "PPYo1"}, {"size": [1080, 1920], "counts": "PPYo1"}, {"size": [1080, 1920], "counts": "PPYo1"}, {"size": [1080, 1920], "counts": "PPYo1"}, {"size": [1080, 1920], "counts": "PPYo1"}, {"size": [1080, 1920], "counts": "PPYo1"}, {"size": [1080, 1920], "counts": "PPYo1"}, {"size": [1080, 1920], "counts": "PPYo1"}, {"size": [1080, 1920], "counts": "PPYo1"}, {"size": [1080, 1920], "counts": "PPYo1"}, {"size": [1080, 1920], "counts": "PPYo1"}, {"size": [1080, 1920], "counts": "PPYo1"}, {"size": [1080, 1920], "counts": "PPYo1"}, {"size": [1080, 1920], "counts": "PPYo1"}, {"size": [1080, 1920], "counts": "PPYo1"}, {"size": [1080, 1920], "counts": "PPYo1"}, {"size": [1080, 1920], "counts": "PPYo1"}, {"size": [1080, 1920], "counts": "PPYo1"}, {"size": [1080, 1920], "counts": "PPYo1"}, {"size": [1080, 1920], "counts": "PPYo1"}, {"size": [1080, 1920], "counts": "PPYo1"}, {"size": [1080, 1920], "counts": "PPYo1"}, {"size": [1080, 1920], "counts": "PPYo1"}, {"size": [1080, 1920], "counts": "Q^`P11gQ11O001N101O1O0000000000000O100000000000000000O11O001O001O010O001O001O0000000000000000000000000000000000000000000001O00000000000O2O0000001O1O00001O00001OR[Wl0"}, {"size": [1080, 1920], "counts": "Q^`P11gQ11O001N101O1O0000000000000O100000000000000000O11O001O001O010O001O001O0000000000000000000000000000000000000000000001O00000000000O2O0000001O1O00001O00001OR[Wl0"}, {"size": [1080, 1920], "counts": "Q^`P11gQ11O001N101O1O0000000000000O100000000000000000O11O001O001O010O001O001O0000000000000000000000000000000000000000000001O00000000000O2O0000001O1O00001O00001OR[Wl0"}, {"size": [1080, 1920], "counts": "Q^`P11gQ11O001N101O1O0000000000000O100000000000000000O11O001O001O010O001O001O0000000000000000000000000000000000000000000001O00000000000O2O0000001O1O00001O00001OR[Wl0"}, {"size": [1080, 1920], "counts": "Q^`P11gQ11O001N101O1O0000000000000O100000000000000000O11O001O001O010O001O001O0000000000000000000000000000000000000000000001O00000000000O2O0000001O1O00001O00001OR[Wl0"}, {"size": [1080, 1920], "counts": "Q^`P11gQ11O001N101O1O0000000000000O100000000000000000O11O001O001O010O001O001O0000000000000000000000000000000000000000000001O00000000000O2O0000001O1O00001O00001OR[Wl0"}, {"size": [1080, 1920], "counts": "Q^`P11gQ11O001N101O1O0000000000000O100000000000000000O11O001O001O010O001O001O0000000000000000000000000000000000000000000001O00000000000O2O0000001O1O00001O00001OR[Wl0"}, {"size": [1080, 1920], "counts": "PPYo1"}, {"size": [1080, 1920], "counts": "PPYo1"}, {"size": [1080, 1920], "counts": "iP]b01gQ11O0O101O1O0010O001No[`\\1"}, {"size": [1080, 1920], "counts": "PPYo1"}, {"size": [1080, 1920], "counts": "PPYo1"}, {"size": [1080, 1920], "counts": "PPYo1"}, {"size": [1080, 1920], "counts": "PPYo1"}, {"size": [1080, 1920], "counts": "PPYo1"}, {"size": [1080, 1920], "counts": "PPYo1"}, {"size": [1080, 1920], "counts": "PPYo1"}, {"size": [1080, 1920], "counts": "PPYo1"}, {"size": [1080, 1920], "counts": "PPYo1"}, {"size": [1080, 1920], "counts": "PPYo1"}, {"size": [1080, 1920], "counts": "PPYo1"}, {"size": [1080, 1920], "counts": "PPYo1"}, {"size": [1080, 1920], "counts": "PPYo1"}, {"size": [1080, 1920], "counts": "UdjQ11gQ10000001O000O10000000001O000000000001O000O1000001OZnbl0"}, {"size": [1080, 1920], "counts": "PPYo1"}, {"size": [1080, 1920], "counts": "PPYo1"}, {"size": [1080, 1920],