{"labels": [10, 12, 12, 2, 3, 4, 6, 7, 8, 10, 12, 10, 1, 4, 6, 10, 10, 12, 2, 1, 7, 8, 10, 10, 4, 12, 7, 10, 12, 7, 12, 1, 2, 3, 4, 7, 8, 10, 14, 1, 4, 7, 12, 10, 10, 12, 7, 10, 2, 3, 4, 10, 19, 3, 7, 10, 12, 1, 10, 12, 10, 19, 10, 3, 7, 10, 12, 1, 3, 6, 7, 8, 10, 11, 12, 19, 1, 2, 3, 4, 6, 7, 10, 19, 2, 10, 12, 2, 10, 12, 2, 4, 6, 7, 8, 10, 12, 19, 1, 7], "scores": [0.0002139863936463371, 0.00017307180678471923, 0.0, 0.0, 0.0, 0.0, 0.0, 0.0, 0.0, 0.0, 0.0, 0.0, 0.000896962359547615, 0.00018290249863639474, 0.0029782892670482397, 0.00027379507082514465, 0.0, 0.0, 0.0, 0.00031891820253804326, 0.00021314949844963849, 0.0002685086219571531, 0.0014175064861774445, 0.0, 0.000369765650248155, 0.0, 0.0, 0.0, 0.0, 0.0, 0.0, 0.00019171256280969828, 0.00045747135300189257, 0.4215780794620514, 0.0020340438932180405, 0.0005057170637883246, 0.0007665091543458402, 0.00024565967032685876, 0.00017103279242292047, 0.0002062810235656798, 0.00020410110300872475, 0.00035246362676844, 0.0, 0.0, 0.00041066319681704044, 0.0, 0.0, 0.0, 0.009206857532262802, 0.00069903873372823, 0.0002757372276391834, 0.00041379345930181444, 0.0002829882432706654, 0.0, 0.0, 0.0, 0.0, 0.0011244630441069603, 0.0, 0.0, 0.0, 0.9865176677703857, 0.0002764292585197836, 0.00019603582040872425, 0.00015485039330087602, 0.00030177939333952963, 0.0007301929872483015, 0.0, 0.0, 0.0, 0.0, 0.0, 0.0, 0.0, 0.0, 0.0, 0.0, 0.0, 0.0, 0.0, 0.0, 0.0, 0.0, 0.0, 0.0, 0.0, 0.0, 0.0, 0.0, 0.0, 0.0, 0.0, 0.0, 0.0, 0.0, 0.0, 0.0, 0.0, 0.0002214992418885231, 0.0001724002358969301], "bboxes": [[561.0, 517.0, 627.0, 523.0], [561.0, 517.0, 627.0, 523.0], [0.0, 0.0, 0.0, 0.0], [0.0, 0.0, 0.0, 0.0], [0.0, 0.0, 0.0, 0.0], [0.0, 0.0, 0.0, 0.0], [0.0, 0.0, 0.0, 0.0], [0.0, 0.0, 0.0, 0.0], [0.0, 0.0, 0.0, 0.0], [0.0, 0.0, 0.0, 0.0], [0.0, 0.0, 0.0, 0.0], [0.0, 0.0, 0.0, 0.0], [1000.0, 529.0, 1064.0, 540.0], [1000.0, 529.0, 1064.0, 540.0], [1000.0, 529.0, 1064.0, 540.0], [1000.0, 529.0, 1064.0, 540.0], [0.0, 0.0, 0.0, 0.0], [0.0, 0.0, 0.0, 0.0], [0.0, 0.0, 0.0, 0.0], [993.0, 529.0, 1071.0, 540.0], [542.0, 512.0, 576.0, 527.0], [542.0, 512.0, 576.0, 527.0], [542.0, 512.0, 576.0, 527.0], [0.0, 0.0, 0.0, 0.0], [982.0, 528.0, 1058.0, 536.0], [0.0, 0.0, 0.0, 0.0], [0.0, 0.0, 0.0, 0.0], [0.0, 0.0, 0.0, 0.0], [0.0, 0.0, 0.0, 0.0], [0.0, 0.0, 0.0, 0.0], [0.0, 0.0, 0.0, 0.0], [984.0, 528.0, 1063.0, 539.0], [984.0, 528.0, 1063.0, 539.0], [984.0, 528.0, 1063.0, 539.0], [984.0, 528.0, 1063.0, 539.0], [984.0, 528.0, 1063.0, 539.0], [984.0, 528.0, 1063.0, 539.0], [984.0, 528.0, 1063.0, 539.0], [984.0, 528.0, 1063.0, 539.0], [986.0, 527.0, 1063.0, 538.0], [986.0, 527.0, 1063.0, 538.0], [986.0, 527.0, 1063.0, 538.0], [0.0, 0.0, 0.0, 0.0], [0.0, 0.0, 0.0, 0.0], [541.0, 512.0, 579.0, 528.0], [0.0, 0.0, 0.0, 0.0], [0.0, 0.0, 0.0, 0.0], [0.0, 0.0, 0.0, 0.0], [678.0, 492.0, 685.0, 496.0], [678.0, 492.0, 685.0, 496.0], [678.0, 492.0, 685.0, 496.0], [678.0, 492.0, 685.0, 496.0], [678.0, 492.0, 685.0, 496.0], [0.0, 0.0, 0.0, 0.0], [0.0, 0.0, 0.0, 0.0], [0.0, 0.0, 0.0, 0.0], [0.0, 0.0, 0.0, 0.0], [1014.0, 530.0, 1056.0, 538.0], [0.0, 0.0, 0.0, 0.0], [0.0, 0.0, 0.0, 0.0], [0.0, 0.0, 0.0, 0.0], [399.0, 383.0, 1609.0, 1080.0], [543.0, 512.0, 579.0, 528.0], [625.0, 521.0, 626.0, 522.0], [625.0, 521.0, 626.0, 522.0], [625.0, 521.0, 626.0, 522.0], [625.0, 521.0, 626.0, 522.0], [0.0, 0.0, 0.0, 0.0], [0.0, 0.0, 0.0, 0.0], [0.0, 0.0, 0.0, 0.0], [0.0, 0.0, 0.0, 0.0], [0.0, 0.0, 0.0, 0.0], [0.0, 0.0, 0.0, 0.0], [0.0, 0.0, 0.0, 0.0], [0.0, 0.0, 0.0, 0.0], [0.0, 0.0, 0.0, 0.0], [0.0, 0.0, 0.0, 0.0], [0.0, 0.0, 0.0, 0.0], [0.0, 0.0, 0.0, 0.0], [0.0, 0.0, 0.0, 0.0], [0.0, 0.0, 0.0, 0.0], [0.0, 0.0, 0.0, 0.0], [0.0, 0.0, 0.0, 0.0], [0.0, 0.0, 0.0, 0.0], [0.0, 0.0, 0.0, 0.0], [0.0, 0.0, 0.0, 0.0], [0.0, 0.0, 0.0, 0.0], [0.0, 0.0, 0.0, 0.0], [0.0, 0.0, 0.0, 0.0], [0.0, 0.0, 0.0, 0.0], [0.0, 0.0, 0.0, 0.0], [0.0, 0.0, 0.0, 0.0], [0.0, 0.0, 0.0, 0.0], [0.0, 0.0, 0.0, 0.0], [0.0, 0.0, 0.0, 0.0], [0.0, 0.0, 0.0, 0.0], [0.0, 0.0, 0.0, 0.0], [0.0, 0.0, 0.0, 0.0], [986.0, 528.0, 1058.0, 536.0], [1000.0, 529.0, 1064.0, 540.0]], "masks": [{"size": [1080, 1920], "counts": "mU`b03fQ1OkQ1OVnN1O0hSl1OXlSN20O_VcZ1"}, {"size": [1080, 1920], "counts": "mU`b03fQ1OkQ1OVnN1O0hSl1OXlSN20O_VcZ1"}, {"size": [1080, 1920], "counts": "PPYo1"}, {"size": [1080, 1920], "counts": "PPYo1"}, {"size": [1080, 1920], "counts": "PPYo1"}, {"size": [1080, 1920], "counts": "PPYo1"}, {"size": [1080, 1920], "counts": "PPYo1"}, {"size": [1080, 1920], "counts": "PPYo1"}, {"size": [1080, 1920], "counts": "PPYo1"}, {"size": [1080, 1920], "counts": "PPYo1"}, {"size": [1080, 1920], "counts": "PPYo1"}, {"size": [1080, 1920], "counts": "PPYo1"}, {"size": [1080, 1920], "counts": "bVoP11gQ1001N2O1O001O00000000001O0000001O00000001O000000000001O0O101O000000000000000000001O01N100000001O00000000001O001O00001O001O1O1OWYVl0"}, {"size": [1080, 1920], "counts": "bVoP11gQ1001N2O1O001O00000000001O0000001O00000001O000000000001O0O101O000000000000000000001O01N100000001O00000000001O001O00001O001O1O1OWYVl0"}, {"size": [1080, 1920], "counts": "bVoP11gQ1001N2O1O001O00000000001O0000001O00000001O000000000001O0O101O000000000000000000001O01N100000001O00000000001O001O00001O001O1O1OWYVl0"}, {"size": [1080, 1920], "counts": "bVoP11gQ1001N2O1O001O00000000001O0000001O00000001O000000000001O0O101O000000000000000000001O01N100000001O00000000001O001O00001O001O1O1OWYVl0"}, {"size": [1080, 1920], "counts": "PPYo1"}, {"size": [1080, 1920], "counts": "PPYo1"}, {"size": [1080, 1920], "counts": "PPYo1"}, {"size": [1080, 1920], "counts": "ZjgP11gQ10000000000001N1000001O00001O0000001O000000001O01O00000000000000000001O000O101O000000000000001O000001O0000000000001O0000001O001O00001O1O001O1OaS2O`lM001OOolnk0"}, {"size": [1080, 1920], "counts": "aTla01gQ1001O0O101O001O1O00001O00001O2OO010O1O010O0100O01O1O1O001O00100O2MdoX\\1"}, {"size": [1080, 1920], "counts": "aTla01gQ1001O0O101O001O1O00001O00001O2OO010O1O010O0100O01O1O1O001O00100O2MdoX\\1"}, {"size": [1080, 1920], "counts": "aTla01gQ1001O0O101O001O1O00001O00001O2OO010O1O010O0100O01O1O1O001O00100O2MdoX\\1"}, {"size": [1080, 1920], "counts": "PPYo1"}, {"size": [1080, 1920], "counts": "QW\\P11gQ11O0000001O00001O0000001O00O10000000000000000001O0000000000001O00000000000000000000O2OO101O000000000000001O0O11O000000001O000000001O00000000001O001O0Olc\\l0"}, {"size": [1080, 1920], "counts": "PPYo1"}, {"size": [1080, 1920], "counts": "PPYo1"}, {"size": [1080, 1920], "counts": "PPYo1"}, {"size": [1080, 1920], "counts": "PPYo1"}, {"size": [1080, 1920], "counts": "PPYo1"}, {"size": [1080, 1920], "counts": "PPYo1"}, {"size": [1080, 1920], "counts": "aZ^P11gQ11O001O001O001O00001O0000O100000000000000000000000000001O00001O0000000000000000000000001O001O0O1000000000000001O000001O000001O000000000000001O1O001O001O2N1NP[Wl0"}, {"size": [1080, 1920], "counts": "aZ^P11gQ11O001O001O001O00001O0000O100000000000000000000000000001O00001O0000000000000000000000001O001O0O1000000000000001O000001O000001O000000000000001O1O001O001O2N1NP[Wl0"}, {"size": [1080, 1920], "counts": "aZ^P11gQ11O001O001O001O00001O0000O100000000000000000000000000001O00001O0000000000000000000000001O001O0O1000000000000001O000001O000001O000000000000001O1O001O001O2N1NP[Wl0"}, {"size": [1080, 1920], "counts": "aZ^P11gQ11O001O001O001O00001O0000O100000000000000000000000000001O00001O0000000000000000000000001O001O0O1000000000000001O000001O000001O000000000000001O1O001O001O2N1NP[Wl0"}, {"size": [1080, 1920], "counts": "aZ^P11gQ11O001O001O001O00001O0000O100000000000000000000000000001O00001O0000000000000000000000001O001O0O1000000000000001O000001O000001O000000000000001O1O001O001O2N1NP[Wl0"}, {"size": [1080, 1920], "counts": "aZ^P11gQ11O001O001O001O00001O0000O100000000000000000000000000001O00001O0000000000000000000000001O001O0O1000000000000001O000001O000001O000000000000001O1O001O001O2N1NP[Wl0"}, {"size": [1080, 1920],