{"labels": [10, 12, 2, 3, 4, 7, 8, 10, 10, 10, 10, 1, 2, 3, 4, 6, 7, 10, 12, 19, 10, 10, 10, 10, 10, 10, 10, 10, 10, 7, 10, 10, 3, 4, 7, 10, 3, 7, 10, 12, 10, 7, 10, 7, 0, 10, 10, 10, 2, 3, 4, 10, 19, 10, 10, 1, 10, 10, 10, 19, 10, 7, 12, 19, 20, 22, 10, 12, 1, 6, 7, 8, 10, 11, 12, 19, 10, 10, 2, 3, 4, 7, 10, 10, 2, 10, 2, 7, 19, 2, 4, 7, 10, 10, 10, 1, 10, 11, 12, 10], "scores": [0.0, 0.0, 0.0, 0.0, 0.0, 0.0, 0.0, 0.0, 0.0, 0.0002383449609624222, 0.0, 0.0, 0.0, 0.0, 0.0, 0.0, 0.0, 0.0, 0.0, 0.0, 0.0, 0.0, 0.0, 0.0, 0.00011598868150031194, 0.0, 0.0, 0.0, 0.0, 0.0006109733949415386, 0.0, 0.0, 0.0, 0.0, 0.0, 0.0, 0.0, 0.0, 0.0, 0.0, 0.0, 0.0, 0.0, 0.0, 0.0, 0.0, 0.0, 0.0, 0.0, 0.0, 0.0, 0.0, 0.0, 0.0, 0.0, 0.0, 0.0, 0.0, 0.0, 0.9887961745262146, 0.0, 0.000454504246590659, 0.00021152239060029387, 0.003301718970760703, 0.00015613737923558801, 0.00015517842257395387, 0.0, 0.0, 0.0, 0.0, 0.0, 0.0, 0.0, 0.0, 0.0, 0.0, 0.0, 0.0, 0.0, 0.0, 0.0, 0.0, 0.0, 0.0, 0.0, 0.0, 0.0, 0.00044345433707349, 0.0003363966825418174, 0.0, 0.0, 0.0, 0.0, 0.00029113228083588183, 0.0, 0.0, 0.0, 0.0, 0.0, 0.0], "bboxes": [[0.0, 0.0, 0.0, 0.0], [0.0, 0.0, 0.0, 0.0], [0.0, 0.0, 0.0, 0.0], [0.0, 0.0, 0.0, 0.0], [0.0, 0.0, 0.0, 0.0], [0.0, 0.0, 0.0, 0.0], [0.0, 0.0, 0.0, 0.0], [0.0, 0.0, 0.0, 0.0], [0.0, 0.0, 0.0, 0.0], [1009.0, 530.0, 1059.0, 534.0], [0.0, 0.0, 0.0, 0.0], [0.0, 0.0, 0.0, 0.0], [0.0, 0.0, 0.0, 0.0], [0.0, 0.0, 0.0, 0.0], [0.0, 0.0, 0.0, 0.0], [0.0, 0.0, 0.0, 0.0], [0.0, 0.0, 0.0, 0.0], [0.0, 0.0, 0.0, 0.0], [0.0, 0.0, 0.0, 0.0], [0.0, 0.0, 0.0, 0.0], [0.0, 0.0, 0.0, 0.0], [0.0, 0.0, 0.0, 0.0], [0.0, 0.0, 0.0, 0.0], [0.0, 0.0, 0.0, 0.0], [1015.0, 529.0, 1075.0, 538.0], [0.0, 0.0, 0.0, 0.0], [0.0, 0.0, 0.0, 0.0], [0.0, 0.0, 0.0, 0.0], [0.0, 0.0, 0.0, 0.0], [429.0, 718.0, 451.0, 775.0], [0.0, 0.0, 0.0, 0.0], [0.0, 0.0, 0.0, 0.0], [0.0, 0.0, 0.0, 0.0], [0.0, 0.0, 0.0, 0.0], [0.0, 0.0, 0.0, 0.0], [0.0, 0.0, 0.0, 0.0], [0.0, 0.0, 0.0, 0.0], [0.0, 0.0, 0.0, 0.0], [0.0, 0.0, 0.0, 0.0], [0.0, 0.0, 0.0, 0.0], [0.0, 0.0, 0.0, 0.0], [0.0, 0.0, 0.0, 0.0], [0.0, 0.0, 0.0, 0.0], [0.0, 0.0, 0.0, 0.0], [0.0, 0.0, 0.0, 0.0], [0.0, 0.0, 0.0, 0.0], [0.0, 0.0, 0.0, 0.0], [0.0, 0.0, 0.0, 0.0], [0.0, 0.0, 0.0, 0.0], [0.0, 0.0, 0.0, 0.0], [0.0, 0.0, 0.0, 0.0], [0.0, 0.0, 0.0, 0.0], [0.0, 0.0, 0.0, 0.0], [0.0, 0.0, 0.0, 0.0], [0.0, 0.0, 0.0, 0.0], [0.0, 0.0, 0.0, 0.0], [0.0, 0.0, 0.0, 0.0], [0.0, 0.0, 0.0, 0.0], [0.0, 0.0, 0.0, 0.0], [400.0, 385.0, 1609.0, 1080.0], [0.0, 0.0, 0.0, 0.0], [401.0, 512.0, 1593.0, 1079.0], [401.0, 512.0, 1593.0, 1079.0], [401.0, 512.0, 1593.0, 1079.0], [401.0, 512.0, 1593.0, 1079.0], [401.0, 512.0, 1593.0, 1079.0], [0.0, 0.0, 0.0, 0.0], [0.0, 0.0, 0.0, 0.0], [0.0, 0.0, 0.0, 0.0], [0.0, 0.0, 0.0, 0.0], [0.0, 0.0, 0.0, 0.0], [0.0, 0.0, 0.0, 0.0], [0.0, 0.0, 0.0, 0.0], [0.0, 0.0, 0.0, 0.0], [0.0, 0.0, 0.0, 0.0], [0.0, 0.0, 0.0, 0.0], [0.0, 0.0, 0.0, 0.0], [0.0, 0.0, 0.0, 0.0], [0.0, 0.0, 0.0, 0.0], [0.0, 0.0, 0.0, 0.0], [0.0, 0.0, 0.0, 0.0], [0.0, 0.0, 0.0, 0.0], [0.0, 0.0, 0.0, 0.0], [0.0, 0.0, 0.0, 0.0], [0.0, 0.0, 0.0, 0.0], [0.0, 0.0, 0.0, 0.0], [0.0, 0.0, 0.0, 0.0], [421.0, 695.0, 467.0, 809.0], [421.0, 695.0, 467.0, 809.0], [0.0, 0.0, 0.0, 0.0], [0.0, 0.0, 0.0, 0.0], [0.0, 0.0, 0.0, 0.0], [0.0, 0.0, 0.0, 0.0], [1005.0, 529.0, 1070.0, 536.0], [0.0, 0.0, 0.0, 0.0], [0.0, 0.0, 0.0, 0.0], [0.0, 0.0, 0.0, 0.0], [0.0, 0.0, 0.0, 0.0], [0.0, 0.0, 0.0, 0.0], [0.0, 0.0, 0.0, 0.0]], "masks": [{"size": [1080, 1920], "counts": "PPYo1"}, {"size": [1080, 1920], "counts": "PPYo1"}, {"size": [1080, 1920], "counts": "PPYo1"}, {"size": [1080, 1920], "counts": "PPYo1"}, {"size": [1080, 1920], "counts": "PPYo1"}, {"size": [1080, 1920], "counts": "PPYo1"}, {"size": [1080, 1920], "counts": "PPYo1"}, {"size": [1080, 1920], "counts": "PPYo1"}, {"size": [1080, 1920], "counts": "PPYo1"}, {"size": [1080, 1920], "counts": "ZfXQ11gQ100000`h>0`WA1O001O1O00000000000SSe0MS_fk0"}, {"size": [1080, 1920], "counts": "PPYo1"}, {"size": [1080, 1920], "counts": "PPYo1"}, {"size": [1080, 1920], "counts": "PPYo1"}, {"size": [1080, 1920], "counts": "PPYo1"}, {"size": [1080, 1920], "counts": "PPYo1"}, {"size": [1080, 1920], "counts": "PPYo1"}, {"size": [1080, 1920], "counts": "PPYo1"}, {"size": [1080, 1920], "counts": "PPYo1"}, {"size": [1080, 1920], "counts": "PPYo1"}, {"size": [1080, 1920], "counts": "PPYo1"}, {"size": [1080, 1920], "counts": "PPYo1"}, {"size": [1080, 1920], "counts": "PPYo1"}, {"size": [1080, 1920], "counts": "PPYo1"}, {"size": [1080, 1920], "counts": "PPYo1"}, {"size": [1080, 1920], "counts": "jP_Q11gQ1000000000O2O0000100O0O10001O0000000001O000000000O101O1O001O0000P^81oaG000000000000001O00001O0100O1O1O0000oejk0"}, {"size": [1080, 1920], "counts": "PPYo1"}, {"size": [1080, 1920], "counts": "PPYo1"}, {"size": [1080, 1920], "counts": "PPYo1"}, {"size": [1080, 1920], "counts": "PPYo1"}, {"size": [1080, 1920], "counts": "VUU>8bQ1O`b:Jd]E2m\\7NfUU`1"}, {"size": [1080, 1920], "counts": "PPYo1"}, {"size": [1080, 1920], "counts": "PPYo1"}, {"size": [1080, 1920], "counts": "PPYo1"}, {"size": [1080, 1920], "counts": "PPYo1"}, {"size": [1080, 1920], "counts": "PPYo1"}, {"size": [1080, 1920], "counts": "PPYo1"}, {"size": [1080, 1920], "counts": "PPYo1"}, {"size": [1080, 1920], "counts": "PPYo1"}, {"size": [1080, 1920], "counts": "PPYo1"}, {"size": [1080, 1920], "counts": "PPYo1"}, {"size": [1080, 1920], "counts": "PPYo1"}, {"size": [1080, 1920], "counts": "PPYo1"}, {"size": [1080, 1920], "counts": "PPYo1"}, {"size": [1080, 1920], "counts": "PPYo1"}, {"size": [1080, 1920], "counts": "PPYo1"}, {"size": [1080, 1920], "counts": "PPYo1"}, {"size": [1080, 1920], "counts": "PPYo1"}, {"size": [1080, 1920], "counts": "PPYo1"}, {"size": [1080, 1920], "counts": "PPYo1"}, {"size": [1080, 1920], "counts": "PPYo1"}, {"size": [1080, 1920], "counts": "PPYo1"}, {"size": [1080, 1920], "counts": "PPYo1"}, {"size": [1080, 1920], "counts": "PPYo1"}, {"size": [1080, 1920], "counts": "PPYo1"}, {"size": [1080, 1920], "counts": "PPYo1"}, {"size": [1080, 1920], "counts": "PPYo1"}, {"size": [1080, 1920], "counts": "PPYo1"}, {"size": [1080, 1920], "counts": "PPYo1"}, {"size": [1080, 1920], "counts": "PPYo1"}, {"size": [1080, 1920],