{"labels": [10, 12, 10, 2, 3, 4, 7, 8, 10, 10, 1, 3, 4, 6, 7, 10, 12, 19, 10, 4, 10, 10, 1, 10, 10, 2, 10, 10, 4, 10, 7, 19, 7, 10, 3, 4, 7, 10, 3, 7, 10, 10, 7, 7, 0, 10, 2, 3, 4, 10, 19, 10, 10, 1, 10, 4, 10, 10, 19, 7, 12, 7, 12, 19, 10, 12, 1, 6, 7, 8, 10, 11, 12, 19, 10, 7, 10, 12, 2, 3, 4, 7, 10, 10, 2, 10, 2, 7, 19, 2, 4, 7, 8, 10, 19, 10, 1, 11, 12, 12], "scores": [0.0, 0.0, 0.0, 0.0, 0.0, 0.0, 0.0, 0.0, 0.0, 0.0, 0.0, 0.0, 0.0, 0.0, 0.0, 0.0, 0.0, 0.0, 0.0, 0.0, 0.0, 0.0, 0.00012450273788999766, 0.00011709141836035997, 0.0, 0.0, 0.0, 0.0, 0.00015797138621564955, 0.0, 0.0009919875301420689, 0.00033209804678335786, 0.0, 0.0, 0.0, 0.0, 0.0, 0.0, 0.0, 0.0, 0.0, 0.0, 0.0, 0.0004929930437356234, 0.0, 0.0, 0.0, 0.0, 0.0, 0.0, 0.0, 0.0, 0.0, 0.00023148061882238835, 0.001306189107708633, 0.0, 0.0, 0.0, 0.9899203777313232, 0.0006046898779459298, 0.0001007651153486222, 0.000704433536157012, 0.00035986475995741785, 0.001738081919029355, 0.0, 0.0, 0.0, 0.0, 0.0, 0.0, 0.0, 0.0, 0.0, 0.0, 0.0, 0.0, 0.0, 0.0, 0.0, 0.0, 0.0, 0.0, 0.0, 0.0, 0.0, 0.0, 0.0, 0.0006819221307523549, 0.0004824014031328261, 0.0, 0.0, 0.0, 0.0, 0.0, 0.0, 0.0, 0.0, 0.0, 0.0, 0.0], "bboxes": [[0.0, 0.0, 0.0, 0.0], [0.0, 0.0, 0.0, 0.0], [0.0, 0.0, 0.0, 0.0], [0.0, 0.0, 0.0, 0.0], [0.0, 0.0, 0.0, 0.0], [0.0, 0.0, 0.0, 0.0], [0.0, 0.0, 0.0, 0.0], [0.0, 0.0, 0.0, 0.0], [0.0, 0.0, 0.0, 0.0], [0.0, 0.0, 0.0, 0.0], [0.0, 0.0, 0.0, 0.0], [0.0, 0.0, 0.0, 0.0], [0.0, 0.0, 0.0, 0.0], [0.0, 0.0, 0.0, 0.0], [0.0, 0.0, 0.0, 0.0], [0.0, 0.0, 0.0, 0.0], [0.0, 0.0, 0.0, 0.0], [0.0, 0.0, 0.0, 0.0], [0.0, 0.0, 0.0, 0.0], [0.0, 0.0, 0.0, 0.0], [0.0, 0.0, 0.0, 0.0], [0.0, 0.0, 0.0, 0.0], [969.0, 521.0, 1056.0, 535.0], [969.0, 521.0, 1056.0, 535.0], [0.0, 0.0, 0.0, 0.0], [0.0, 0.0, 0.0, 0.0], [0.0, 0.0, 0.0, 0.0], [0.0, 0.0, 0.0, 0.0], [961.0, 517.0, 1042.0, 534.0], [0.0, 0.0, 0.0, 0.0], [425.0, 700.0, 511.0, 838.0], [425.0, 700.0, 511.0, 838.0], [0.0, 0.0, 0.0, 0.0], [0.0, 0.0, 0.0, 0.0], [0.0, 0.0, 0.0, 0.0], [0.0, 0.0, 0.0, 0.0], [0.0, 0.0, 0.0, 0.0], [0.0, 0.0, 0.0, 0.0], [0.0, 0.0, 0.0, 0.0], [0.0, 0.0, 0.0, 0.0], [0.0, 0.0, 0.0, 0.0], [0.0, 0.0, 0.0, 0.0], [0.0, 0.0, 0.0, 0.0], [444.0, 760.0, 452.0, 776.0], [0.0, 0.0, 0.0, 0.0], [0.0, 0.0, 0.0, 0.0], [0.0, 0.0, 0.0, 0.0], [0.0, 0.0, 0.0, 0.0], [0.0, 0.0, 0.0, 0.0], [0.0, 0.0, 0.0, 0.0], [0.0, 0.0, 0.0, 0.0], [0.0, 0.0, 0.0, 0.0], [0.0, 0.0, 0.0, 0.0], [424.0, 466.0, 431.0, 472.0], [424.0, 466.0, 431.0, 472.0], [0.0, 0.0, 0.0, 0.0], [0.0, 0.0, 0.0, 0.0], [0.0, 0.0, 0.0, 0.0], [399.0, 380.0, 1609.0, 1080.0], [446.0, 765.0, 447.0, 768.0], [446.0, 765.0, 447.0, 768.0], [416.0, 650.0, 1447.0, 1079.0], [416.0, 650.0, 1447.0, 1079.0], [416.0, 650.0, 1447.0, 1079.0], [0.0, 0.0, 0.0, 0.0], [0.0, 0.0, 0.0, 0.0], [0.0, 0.0, 0.0, 0.0], [0.0, 0.0, 0.0, 0.0], [0.0, 0.0, 0.0, 0.0], [0.0, 0.0, 0.0, 0.0], [0.0, 0.0, 0.0, 0.0], [0.0, 0.0, 0.0, 0.0], [0.0, 0.0, 0.0, 0.0], [0.0, 0.0, 0.0, 0.0], [0.0, 0.0, 0.0, 0.0], [0.0, 0.0, 0.0, 0.0], [0.0, 0.0, 0.0, 0.0], [0.0, 0.0, 0.0, 0.0], [0.0, 0.0, 0.0, 0.0], [0.0, 0.0, 0.0, 0.0], [0.0, 0.0, 0.0, 0.0], [0.0, 0.0, 0.0, 0.0], [0.0, 0.0, 0.0, 0.0], [0.0, 0.0, 0.0, 0.0], [0.0, 0.0, 0.0, 0.0], [0.0, 0.0, 0.0, 0.0], [0.0, 0.0, 0.0, 0.0], [432.0, 728.0, 487.0, 822.0], [432.0, 728.0, 487.0, 822.0], [0.0, 0.0, 0.0, 0.0], [0.0, 0.0, 0.0, 0.0], [0.0, 0.0, 0.0, 0.0], [0.0, 0.0, 0.0, 0.0], [0.0, 0.0, 0.0, 0.0], [0.0, 0.0, 0.0, 0.0], [0.0, 0.0, 0.0, 0.0], [0.0, 0.0, 0.0, 0.0], [0.0, 0.0, 0.0, 0.0], [0.0, 0.0, 0.0, 0.0], [0.0, 0.0, 0.0, 0.0]], "masks": [{"size": [1080, 1920], "counts": "PPYo1"}, {"size": [1080, 1920], "counts": "PPYo1"}, {"size": [1080, 1920], "counts": "PPYo1"}, {"size": [1080, 1920], "counts": "PPYo1"}, {"size": [1080, 1920], "counts": "PPYo1"}, {"size": [1080, 1920], "counts": "PPYo1"}, {"size": [1080, 1920], "counts": "PPYo1"}, {"size": [1080, 1920], "counts": "PPYo1"}, {"size": [1080, 1920], "counts": "PPYo1"}, {"size": [1080, 1920], "counts": "PPYo1"}, {"size": [1080, 1920], "counts": "PPYo1"}, {"size": [1080, 1920], "counts": "PPYo1"}, {"size": [1080, 1920], "counts": "PPYo1"}, {"size": [1080, 1920], "counts": "PPYo1"}, {"size": [1080, 1920], "counts": "PPYo1"}, {"size": [1080, 1920], "counts": "PPYo1"}, {"size": [1080, 1920], "counts": "PPYo1"}, {"size": [1080, 1920], "counts": "PPYo1"}, {"size": [1080, 1920], "counts": "PPYo1"}, {"size": [1080, 1920], "counts": "PPYo1"}, {"size": [1080, 1920], "counts": "PPYo1"}, {"size": [1080, 1920], "counts": "PPYo1"}, {"size": [1080, 1920], "counts": "Q`no02gQ1OP[P20PeoM1O1N2O001O0001O00000O10001O1O0001O00000O02O1O[g^l0"}, {"size": [1080, 1920], "counts": "Q`no02gQ1OP[P20PeoM1O1N2O001O0001O00000O10001O1O0001O00000O02O1O[g^l0"}, {"size": [1080, 1920], "counts": "PPYo1"}, {"size": [1080, 1920], "counts": "PPYo1"}, {"size": [1080, 1920], "counts": "PPYo1"}, {"size": [1080, 1920], "counts": "PPYo1"}, {"size": [1080, 1920], "counts": "mQfo02fQ110N31M1O10O0001O11N2N00010OTYo13ifPN0001O1O1Ok_ml0"}, {"size": [1080, 1920], "counts": "PPYo1"}, {"size": [1080, 1920], "counts": "hmP>;]Q14NN20O4M33LN2M001N4L3N1N2N3M3M4L3M2M4M2M4L3M3M3N2N2N2M4K3K6L3N4L2O1O2N2M4L2N3M4M2M2N2N4M2N1O1O1O1N1000dMWROi00hMem0^1_ROg0LlMdm0[1dROg0HnMem0W1gROhNEm1OTNem0V1oROd0\\OVNem0V1RSOa0YOYNfm0U1RSOa0XOZNfm0T1SSOb0WOZNgm0R1TSOlNXO`1NcNem0P1\\SO>nNbNfm0P1\\SOd0dl0[O]SOe0cl0[O^SOd0cl0[O]SOe0cl0ZO`SOf0_l0XOdSOg0\\l0WOfSOi0[l0UOfSOj0\\l0SOfSO=eNTOgm0=eSO>fNSOfm0LZRO6[1L_Ng08[Odm0I^RO6Y1LbNg05]OPn0JfSOh0\\N[OQP1e0ooN[ORP1d0noN[OTP1b0ooN\\ORP1c0c0L3N2O1O1N3N3JkX]^1"}, {"size": [1080, 1920], "counts": "hmP>;]Q14NN20O4M33LN2M001N4L3N1N2N3M3M4L3M2M4M2M4L3M3M3N2N2N2M4K3K6L3N4L2O1O2N2M4L2N3M4M2M2N2N4M2N1O1O1O1N1000dMWROi00hMem0^1_ROg0LlMdm0[1dROg0HnMem0W1gROhNEm1OTNem0V1oROd0\\OVNem0V1RSOa0YOYNfm0U1RSOa0XOZNfm0T1SSOb0WOZNgm0R1TSOlNXO`1NcNem0P1\\SO>nNbNfm0P1\\SOd0dl0[O]SOe0cl0[O^SOd0cl0[O]SOe0cl0ZO`SOf0_l0XOdSOg0\\l0WOfSOi0[l0UOfSOj0\\l0SOfSO=eNTOgm0=eSO>fNSOfm0LZRO6[1L_Ng08[Odm0I^RO6Y1LbNg05]OPn0JfSOh0\\N[OQP1e0ooN[ORP1d0noN[OTP1b0ooN\\ORP1c0c0L3N2O1O1N3N3JkX]^1"}, {"size": [1080, 1920], "counts": "PPYo1"}, {"size": [1080, 1920], "counts": "PPYo1"}, {"size": [1080, 1920], "counts": "PPYo1"}, {"size": [1080, 1920], "counts": "PPYo1"}, {"size": [1080, 1920], "counts": "PPYo1"}, {"size": [1080, 1920], "counts": "PPYo1"}, {"size": [1080, 1920], "counts": "PPYo1"}, {"size": [1080, 1920], "counts": "PPYo1"}, {"size": [1080, 1920], "counts": "PPYo1"}, {"size": [1080, 1920], "counts": "PPYo1"}, {"size": [1080, 1920], "counts": "PPYo1"}, {"size": [1080, 1920], "counts": "iPe>2eQ16K3NO11000O2LPa[`1"}, {"size": [1080, 1920], "counts": "PPYo1"}, {"size": [1080, 1920], "counts": "PPYo1"}, {"size": [1080, 1920], "counts": "PPYo1"}, {"size": [1080, 1920], "counts": "PPYo1"}, {"size": [1080, 1920], "counts": "PPYo1"}, {"size": [1080, 1920], "counts": "PPYo1"}, {"size": [1080, 1920], "counts": "PPYo1"}, {"size": [1080, 1920], "counts": "PPYo1"}, {"size": [1080, 1920], "counts": "PPYo1"}, {"size": [1080, 1920], "counts": "cdo=4cQ12O0000O102MUoQa1"}, {"size": [1080, 1920], "counts": "cdo=4cQ12O0000O102MUoQa1"}, {"size": [1080, 1920], "counts": "PPYo1"}, {"size": [1080, 1920], "counts": "PPYo1"}, {"size": [1080, 1920], "counts": "PPYo1"}, {"size": [1080, 1920],