{"labels": [12, 10, 2, 3, 4, 7, 8, 10, 10, 1, 3, 4, 6, 7, 10, 10, 10, 7, 12, 10, 1, 10, 10, 10, 7, 19, 7, 10, 10, 3, 4, 3, 7, 10, 12, 10, 10, 10, 7, 12, 10, 7, 0, 10, 10, 2, 3, 4, 10, 19, 10, 10, 1, 10, 10, 10, 19, 7, 7, 12, 19, 22, 10, 12, 1, 3, 4, 6, 7, 8, 10, 11, 12, 19, 10, 7, 12, 19, 2, 3, 4, 7, 10, 19, 10, 2, 10, 7, 19, 2, 4, 7, 10, 10, 10, 1, 10, 11, 12, 6], "scores": [0.0, 0.00012758810771629214, 0.0, 0.0, 0.0, 0.0, 0.0, 0.0, 0.0, 0.0, 0.0, 0.0, 0.0, 0.0, 0.0, 0.0, 0.0, 0.0003307677689008415, 0.00017658468277659267, 0.0, 0.0, 0.0, 0.0, 0.0, 0.0010426802327856421, 0.0004841890186071396, 0.0, 0.0, 0.0, 0.0, 0.0, 0.0, 0.0, 0.0, 0.0, 0.0, 0.00046332203783094883, 0.0, 0.0003838360426016152, 0.00018356982036493719, 0.0, 0.0005921719130128622, 0.0, 0.0, 0.0, 0.0, 0.0, 0.0, 0.0, 0.0, 0.0, 0.0002969894849229604, 0.0017833731835708022, 0.015120294876396656, 0.0, 0.0, 0.9893097877502441, 0.00033217688906006515, 0.0003851977817248553, 0.000330586131894961, 0.0025536580942571163, 0.0002576855185907334, 0.0, 0.0, 0.0, 0.0, 0.0, 0.0, 0.0, 0.0, 0.0, 0.0, 0.0, 0.0, 0.0, 0.0005613600951619446, 0.0003022068995051086, 0.0002065055596176535, 0.0, 0.0, 0.0, 0.0, 0.0, 0.0, 0.0, 0.0, 0.0, 0.0005660747410729527, 0.0005036938237026334, 0.0, 0.0, 0.0, 0.0, 0.000198409499716945, 0.0, 0.0, 0.0, 0.0, 0.0, 0.0], "bboxes": [[0.0, 0.0, 0.0, 0.0], [464.0, 469.0, 1060.0, 535.0], [0.0, 0.0, 0.0, 0.0], [0.0, 0.0, 0.0, 0.0], [0.0, 0.0, 0.0, 0.0], [0.0, 0.0, 0.0, 0.0], [0.0, 0.0, 0.0, 0.0], [0.0, 0.0, 0.0, 0.0], [0.0, 0.0, 0.0, 0.0], [0.0, 0.0, 0.0, 0.0], [0.0, 0.0, 0.0, 0.0], [0.0, 0.0, 0.0, 0.0], [0.0, 0.0, 0.0, 0.0], [0.0, 0.0, 0.0, 0.0], [0.0, 0.0, 0.0, 0.0], [0.0, 0.0, 0.0, 0.0], [0.0, 0.0, 0.0, 0.0], [438.0, 748.0, 476.0, 823.0], [438.0, 748.0, 476.0, 823.0], [0.0, 0.0, 0.0, 0.0], [0.0, 0.0, 0.0, 0.0], [0.0, 0.0, 0.0, 0.0], [0.0, 0.0, 0.0, 0.0], [0.0, 0.0, 0.0, 0.0], [421.0, 669.0, 1574.0, 907.0], [421.0, 669.0, 1574.0, 907.0], [0.0, 0.0, 0.0, 0.0], [0.0, 0.0, 0.0, 0.0], [0.0, 0.0, 0.0, 0.0], [0.0, 0.0, 0.0, 0.0], [0.0, 0.0, 0.0, 0.0], [0.0, 0.0, 0.0, 0.0], [0.0, 0.0, 0.0, 0.0], [0.0, 0.0, 0.0, 0.0], [0.0, 0.0, 0.0, 0.0], [0.0, 0.0, 0.0, 0.0], [445.0, 469.0, 579.0, 498.0], [0.0, 0.0, 0.0, 0.0], [441.0, 750.0, 467.0, 811.0], [441.0, 750.0, 467.0, 811.0], [0.0, 0.0, 0.0, 0.0], [423.0, 677.0, 563.0, 906.0], [0.0, 0.0, 0.0, 0.0], [0.0, 0.0, 0.0, 0.0], [0.0, 0.0, 0.0, 0.0], [0.0, 0.0, 0.0, 0.0], [0.0, 0.0, 0.0, 0.0], [0.0, 0.0, 0.0, 0.0], [0.0, 0.0, 0.0, 0.0], [0.0, 0.0, 0.0, 0.0], [0.0, 0.0, 0.0, 0.0], [465.0, 469.0, 466.0, 471.0], [428.0, 465.0, 583.0, 499.0], [428.0, 465.0, 583.0, 499.0], [0.0, 0.0, 0.0, 0.0], [0.0, 0.0, 0.0, 0.0], [400.0, 381.0, 1609.0, 1080.0], [438.0, 746.0, 480.0, 825.0], [401.0, 511.0, 1591.0, 951.0], [401.0, 511.0, 1591.0, 951.0], [401.0, 511.0, 1591.0, 951.0], [401.0, 511.0, 1591.0, 951.0], [0.0, 0.0, 0.0, 0.0], [0.0, 0.0, 0.0, 0.0], [0.0, 0.0, 0.0, 0.0], [0.0, 0.0, 0.0, 0.0], [0.0, 0.0, 0.0, 0.0], [0.0, 0.0, 0.0, 0.0], [0.0, 0.0, 0.0, 0.0], [0.0, 0.0, 0.0, 0.0], [0.0, 0.0, 0.0, 0.0], [0.0, 0.0, 0.0, 0.0], [0.0, 0.0, 0.0, 0.0], [0.0, 0.0, 0.0, 0.0], [0.0, 0.0, 0.0, 0.0], [445.0, 761.0, 466.0, 807.0], [445.0, 761.0, 466.0, 807.0], [445.0, 761.0, 466.0, 807.0], [0.0, 0.0, 0.0, 0.0], [0.0, 0.0, 0.0, 0.0], [0.0, 0.0, 0.0, 0.0], [0.0, 0.0, 0.0, 0.0], [0.0, 0.0, 0.0, 0.0], [0.0, 0.0, 0.0, 0.0], [0.0, 0.0, 0.0, 0.0], [0.0, 0.0, 0.0, 0.0], [0.0, 0.0, 0.0, 0.0], [429.0, 719.0, 507.0, 850.0], [429.0, 719.0, 507.0, 850.0], [0.0, 0.0, 0.0, 0.0], [0.0, 0.0, 0.0, 0.0], [0.0, 0.0, 0.0, 0.0], [0.0, 0.0, 0.0, 0.0], [1040.0, 530.0, 1062.0, 535.0], [0.0, 0.0, 0.0, 0.0], [0.0, 0.0, 0.0, 0.0], [0.0, 0.0, 0.0, 0.0], [0.0, 0.0, 0.0, 0.0], [0.0, 0.0, 0.0, 0.0], [0.0, 0.0, 0.0, 0.0]], "masks": [{"size": [1080, 1920], "counts": "PPYo1"}, {"size": [1080, 1920], "counts": "fjY?1fQ111OcQQ30]nnL001O0001O_c;0`\\D1010O0000QVZ1OoieN2N10000RSl1MPmSN1a[d;O`d[D3M000001O000001O0001O0000000000001O001OZ`Zl0"}, {"size": [1080, 1920], "counts": "PPYo1"}, {"size": [1080, 1920], "counts": "PPYo1"}, {"size": [1080, 1920], "counts": "PPYo1"}, {"size": [1080, 1920], "counts": "PPYo1"}, {"size": [1080, 1920], "counts": "PPYo1"}, {"size": [1080, 1920], "counts": "PPYo1"}, {"size": [1080, 1920], "counts": "PPYo1"}, {"size": [1080, 1920], "counts": "PPYo1"}, {"size": [1080, 1920], "counts": "PPYo1"}, {"size": [1080, 1920], "counts": "PPYo1"}, {"size": [1080, 1920], "counts": "PPYo1"}, {"size": [1080, 1920], "counts": "PPYo1"}, {"size": [1080, 1920], "counts": "PPYo1"}, {"size": [1080, 1920], "counts": "PPYo1"}, {"size": [1080, 1920], "counts": "PPYo1"}, {"size": [1080, 1920], "counts": "me^>2fQ11O3L6L2N011O3L2N00O2021NN101000N02OO1O4L01O2O2M001O1010NO1O2ChnN5`Q1NbnNO^Q11O2O0004K\\Ub_1"}, {"size": [1080, 1920], "counts": "me^>2fQ11O3L6L2N011O3L2N00O2021NN101000N02OO1O4L01O2O2M001O1010NO1O2ChnN5`Q1NbnNO^Q11O2O0004K\\Ub_1"}, {"size": [1080, 1920], "counts": "PPYo1"}, {"size": [1080, 1920], "counts": "PPYo1"}, {"size": [1080, 1920], "counts": "PPYo1"}, {"size": [1080, 1920], "counts": "PPYo1"}, {"size": [1080, 1920], "counts": "PPYo1"}, {"size": [1080, 1920], "counts": "cfl=5`Q1:J002M4L4M2M2O3M5K1N2O3M1N1O3N2M3M2N3M3M4L2N2N4L2N1O2M4M2L3N4L3N2N1O3^OnLXROU3dm0mL[ROT3dm0lL[ROW3bm0jL]ROX3am0jL]ROZ3`m0gL]RO\\3bm0?N102L2O2MiKfROT4Wm0mKjROT4Sm0mKlROV4Rm0kKlROW4Sm09M3L3O1O1O2N2M2O1N3N2N100O3M1O101O1K4N2O1N2O2N1N2O2M4M1O1O2N2O1N2N2N2O0O1OYOnTOjJPk0U5RUOkJmj0T5UUOlJij0U5YUOjJfj0T5^UOlJ`j0T5aUOnJ\\j0Q5iUOkJXj0R5lUOmJSj0o4SVOPKli0o4WVOPKgi0P5]VOnJbi0Q5bVObJkN7`j0X5lVOjJPi0]2gUOLY1hMoh0Y2nUOLT1jMnh0U2UVONS1hMhh0Z2XVOKR1kMdh0Y2\\VOIS1nM`h0V2`VOKak02eTOK[k02iTOLXk02kTOMUk03kTOLVk03lTOLTk03nTOKTk03oTOISk07nTOHSk06oTOHRk08nTOHRk07PUOHPk08QUOFPk0:RUOBoj0>TUO^Ooj0a0TUO[Omj0f0TUOYOkj0g0XUOVOij0i0ZUOUOej0l0[UOhNnMDhl0d1\\UObNPNGgl0g1P3O10O01O1O1O001N2O1N10001O1O2M3M4L2N7H5J6_OonN2^Q1LYjPQ1L`\\[ZO"}, {"size": [1080, 1920], "counts": "cfl=5`Q1:J002M4L4M2M2O3M5K1N2O3M1N1O3N2M3M2N3M3M4L2N2N4L2N1O2M4M2L3N4L3N2N1O3^OnLXROU3dm0mL[ROT3dm0lL[ROW3bm0jL]ROX3am0jL]ROZ3`m0gL]RO\\3bm0?N102L2O2MiKfROT4Wm0mKjROT4Sm0mKlROV4Rm0kKlROW4Sm09M3L3O1O1O2N2M2O1N3N2N100O3M1O101O1K4N2O1N2O2N1N2O2M4M1O1O2N2O1N2N2N2O0O1OYOnTOjJPk0U5RUOkJmj0T5UUOlJij0U5YUOjJfj0T5^UOlJ`j0T5aUOnJ\\j0Q5iUOkJXj0R5lUOmJSj0o4SVOPKli0o4WVOPKgi0P5]VOnJbi0Q5bVObJkN7`j0X5lVOjJPi0]2gUOLY1hMoh0Y2nUOLT1jMnh0U2UVONS1hMhh0Z2XVOKR1kMdh0Y2\\VOIS1nM`h0V2`VOKak02eTOK[k02iTOLXk02kTOMUk03kTOLVk03lTOLTk03nTOKTk03oTOISk07nTOHSk06oTOHRk08nTOHRk07PUOHPk08QUOFPk0:RUOBoj0>TUO^Ooj0a0TUO[Omj0f0TUOYOkj0g0XUOVOij0i0ZUOUOej0l0[UOhNnMDhl0d1\\UObNPNGgl0g1P3O10O01O1O1O001N2O1N10001O1O2M3M4L2N7H5J6_OonN2^Q1LYjPQ1L`\\[ZO"}, {"size": [1080, 1920], "counts": "PPYo1"}, {"size": [1080, 1920], "counts": "PPYo1"}, {"size": [1080, 1920], "counts": "PPYo1"}, {"size": [1080, 1920], "counts": "PPYo1"}, {"size": [1080, 1920], "counts": "PPYo1"}, {"size": [1080, 1920], "counts": "PPYo1"}, {"size": [1080, 1920], "counts": "PPYo1"}, {"size": [1080, 1920], "counts": "PPYo1"}, {"size": [1080, 1920], "counts": "PPYo1"}, {"size": [1080, 1920], "counts": "PPYo1"}, {"size": [1080, 1920], "counts": "^ie>1gQ10_Z61`eI000000000hX50XgJ01O[SR30elmL1O000Pg=OQYB0WkU\\1"}, {"size": [1080, 1920], "counts": "PPYo1"}, {"size": [1080, 1920], "counts": "Vka>7bQ14NN1OO6K20N2N3M0O2MdnNL_Q14N2N5LO11N2014MM000010O2M21N0fek_1"}, {"size": [1080, 1920], "counts": "Vka>7bQ14NN1OO6K20N2N3M0O2MdnNL_Q14N2N5LO11N2014MM000010O2M21N0fek_1"}, {"size": [1080, 1920], "counts": "PPYo1"}, {"size": [1080, 1920],