{"labels": [12, 2, 3, 4, 7, 8, 10, 10, 12, 1, 3, 4, 6, 7, 10, 11, 12, 10, 10, 12, 10, 1, 6, 10, 10, 7, 10, 12, 7, 12, 19, 10, 2, 3, 4, 7, 8, 10, 14, 1, 3, 4, 7, 12, 7, 10, 2, 3, 4, 10, 12, 19, 10, 3, 7, 10, 12, 1, 10, 10, 10, 19, 7, 12, 19, 22, 10, 12, 1, 3, 4, 6, 7, 8, 10, 11, 12, 19, 2, 3, 4, 7, 10, 19, 10, 2, 10, 12, 2, 7, 12, 19, 2, 7, 8, 10, 12, 19, 1, 2], "scores": [0.0, 0.0, 0.0, 0.0, 0.0, 0.0, 0.0, 0.0, 0.0, 0.0, 0.0, 0.0, 0.0, 0.0, 0.0, 0.0, 0.0, 0.0, 0.0, 0.0, 0.0, 0.0010658811079338193, 0.00019593480101320893, 0.0, 0.0, 0.0, 0.0, 0.0, 0.0015977633884176612, 0.00040650006849318743, 0.0005677656154148281, 0.0, 0.00038770996616221964, 0.4830377697944641, 0.002166736638173461, 0.00029150606133043766, 0.00031182411476038396, 0.00038788883830420673, 0.0002170878287870437, 0.0002894690551329404, 0.00034098944161087275, 0.0002633195836097002, 0.00034711763146333396, 0.0, 0.0, 0.0, 0.0, 0.0, 0.0, 0.0, 0.0, 0.0, 0.0, 0.0, 0.0, 0.0, 0.0, 0.003950105514377356, 0.00024797103833407164, 0.0, 0.0, 0.9876694679260254, 0.001530058914795518, 0.0008781835786066949, 0.0016254852525889874, 0.0003631317231338471, 0.0, 0.0, 0.0, 0.0, 0.0, 0.0, 0.0, 0.0, 0.0, 0.0, 0.0, 0.0, 0.0, 0.0, 0.0, 0.0, 0.0, 0.0, 0.0, 0.0, 0.0, 0.0, 0.0, 0.001446970971301198, 0.0004401099286042154, 0.0014789163833484054, 0.0, 0.0, 0.0, 0.0, 0.0, 0.0, 0.00024300762743223459, 0.0], "bboxes": [[0.0, 0.0, 0.0, 0.0], [0.0, 0.0, 0.0, 0.0], [0.0, 0.0, 0.0, 0.0], [0.0, 0.0, 0.0, 0.0], [0.0, 0.0, 0.0, 0.0], [0.0, 0.0, 0.0, 0.0], [0.0, 0.0, 0.0, 0.0], [0.0, 0.0, 0.0, 0.0], [0.0, 0.0, 0.0, 0.0], [0.0, 0.0, 0.0, 0.0], [0.0, 0.0, 0.0, 0.0], [0.0, 0.0, 0.0, 0.0], [0.0, 0.0, 0.0, 0.0], [0.0, 0.0, 0.0, 0.0], [0.0, 0.0, 0.0, 0.0], [0.0, 0.0, 0.0, 0.0], [0.0, 0.0, 0.0, 0.0], [0.0, 0.0, 0.0, 0.0], [0.0, 0.0, 0.0, 0.0], [0.0, 0.0, 0.0, 0.0], [0.0, 0.0, 0.0, 0.0], [1004.0, 528.0, 1074.0, 542.0], [1004.0, 528.0, 1074.0, 542.0], [0.0, 0.0, 0.0, 0.0], [0.0, 0.0, 0.0, 0.0], [0.0, 0.0, 0.0, 0.0], [0.0, 0.0, 0.0, 0.0], [0.0, 0.0, 0.0, 0.0], [429.0, 689.0, 556.0, 831.0], [429.0, 689.0, 556.0, 831.0], [429.0, 689.0, 556.0, 831.0], [0.0, 0.0, 0.0, 0.0], [963.0, 517.0, 1065.0, 540.0], [963.0, 517.0, 1065.0, 540.0], [963.0, 517.0, 1065.0, 540.0], [963.0, 517.0, 1065.0, 540.0], [963.0, 517.0, 1065.0, 540.0], [963.0, 517.0, 1065.0, 540.0], [963.0, 517.0, 1065.0, 540.0], [964.0, 517.0, 1076.0, 542.0], [964.0, 517.0, 1076.0, 542.0], [964.0, 517.0, 1076.0, 542.0], [964.0, 517.0, 1076.0, 542.0], [0.0, 0.0, 0.0, 0.0], [0.0, 0.0, 0.0, 0.0], [0.0, 0.0, 0.0, 0.0], [0.0, 0.0, 0.0, 0.0], [0.0, 0.0, 0.0, 0.0], [0.0, 0.0, 0.0, 0.0], [0.0, 0.0, 0.0, 0.0], [0.0, 0.0, 0.0, 0.0], [0.0, 0.0, 0.0, 0.0], [0.0, 0.0, 0.0, 0.0], [0.0, 0.0, 0.0, 0.0], [0.0, 0.0, 0.0, 0.0], [0.0, 0.0, 0.0, 0.0], [0.0, 0.0, 0.0, 0.0], [1028.0, 532.0, 1054.0, 536.0], [1028.0, 532.0, 1054.0, 536.0], [0.0, 0.0, 0.0, 0.0], [0.0, 0.0, 0.0, 0.0], [399.0, 382.0, 1608.0, 1080.0], [422.0, 664.0, 1570.0, 907.0], [422.0, 664.0, 1570.0, 907.0], [422.0, 664.0, 1570.0, 907.0], [422.0, 664.0, 1570.0, 907.0], [0.0, 0.0, 0.0, 0.0], [0.0, 0.0, 0.0, 0.0], [0.0, 0.0, 0.0, 0.0], [0.0, 0.0, 0.0, 0.0], [0.0, 0.0, 0.0, 0.0], [0.0, 0.0, 0.0, 0.0], [0.0, 0.0, 0.0, 0.0], [0.0, 0.0, 0.0, 0.0], [0.0, 0.0, 0.0, 0.0], [0.0, 0.0, 0.0, 0.0], [0.0, 0.0, 0.0, 0.0], [0.0, 0.0, 0.0, 0.0], [0.0, 0.0, 0.0, 0.0], [0.0, 0.0, 0.0, 0.0], [0.0, 0.0, 0.0, 0.0], [0.0, 0.0, 0.0, 0.0], [0.0, 0.0, 0.0, 0.0], [0.0, 0.0, 0.0, 0.0], [0.0, 0.0, 0.0, 0.0], [0.0, 0.0, 0.0, 0.0], [0.0, 0.0, 0.0, 0.0], [0.0, 0.0, 0.0, 0.0], [0.0, 0.0, 0.0, 0.0], [429.0, 708.0, 550.0, 826.0], [429.0, 708.0, 550.0, 826.0], [429.0, 708.0, 550.0, 826.0], [0.0, 0.0, 0.0, 0.0], [0.0, 0.0, 0.0, 0.0], [0.0, 0.0, 0.0, 0.0], [0.0, 0.0, 0.0, 0.0], [0.0, 0.0, 0.0, 0.0], [0.0, 0.0, 0.0, 0.0], [997.0, 527.0, 1071.0, 539.0], [0.0, 0.0, 0.0, 0.0]], "masks": [{"size": [1080, 1920], "counts": "PPYo1"}, {"size": [1080, 1920], "counts": "PPYo1"}, {"size": [1080, 1920], "counts": "PPYo1"}, {"size": [1080, 1920], "counts": "PPYo1"}, {"size": [1080, 1920], "counts": "PPYo1"}, {"size": [1080, 1920], "counts": "PPYo1"}, {"size": [1080, 1920], "counts": "PPYo1"}, {"size": [1080, 1920], "counts": "PPYo1"}, {"size": [1080, 1920], "counts": "PPYo1"}, {"size": [1080, 1920], "counts": "PPYo1"}, {"size": [1080, 1920], "counts": "PPYo1"}, {"size": [1080, 1920], "counts": "PPYo1"}, {"size": [1080, 1920], "counts": "PPYo1"}, {"size": [1080, 1920], "counts": "PPYo1"}, {"size": [1080, 1920], "counts": "PPYo1"}, {"size": [1080, 1920], "counts": "PPYo1"}, {"size": [1080, 1920], "counts": "PPYo1"}, {"size": [1080, 1920], "counts": "PPYo1"}, {"size": [1080, 1920], "counts": "PPYo1"}, {"size": [1080, 1920], "counts": "PPYo1"}, {"size": [1080, 1920], "counts": "PPYo1"}, {"size": [1080, 1920], "counts": "b]SQ11fQ11001O000002M2O1N2O0000010O0000000000001O00000000001O00001O0000000000000000000000010O00000001O01O01O000O101O0O2O002N001O00000000010OkQ1NWnN0cgkk0"}, {"size": [1080, 1920], "counts": "b]SQ11fQ11001O000002M2O1N2O0000010O0000000000001O00000000001O00001O0000000000000000000000010O00000001O01O01O000O101O0O2O002N001O00000000010OkQ1NWnN0cgkk0"}, {"size": [1080, 1920], "counts": "PPYo1"}, {"size": [1080, 1920], "counts": "PPYo1"}, {"size": [1080, 1920], "counts": "PPYo1"}, {"size": [1080, 1920], "counts": "PPYo1"}, {"size": [1080, 1920], "counts": "PPYo1"}, {"size": [1080, 1920], "counts": "UUU>;]Q14N1N3M3L3O0O1O2N1N2N3N3L4K3N2M4M2M2O2N3M1O1N3N3M3L3M2N4M1N2M4M3M3N0O2O3M3M1O1O3M3L2O1N3N1O001O1OHoQOkLom0_300000JSROaLmm0_3SRO`Lmm0`340101M2N2O1O1O2@cQOdM^n0[2eQOaM\\n0V1`QOJnn04XQOGfn0;aQO_O^n0a0gQO[OXn0b0nQO\\OSn0b0PROiNVO;mn0l0TROPOnm0o0TROmNom0S1RROhNPn0Y1V102O1O01LjNfoNV1YP1kNgoN`04LUP1DgoNb02IXP1EgoNb00IZP1CgoNT1_P1O1N11O0002N2O1N100XOXoNN64dP1Nf0O10001N2O0OR^83ohKN]gJ2XQ1=K2N000001O1O001N1O1N4GhnNNXnn\\1"}, {"size": [1080, 1920], "counts": "UUU>;]Q14N1N3M3L3O0O1O2N1N2N3N3L4K3N2M4M2M2O2N3M1O1N3N3M3L3M2N4M1N2M4M3M3N0O2O3M3M1O1O3M3L2O1N3N1O001O1OHoQOkLom0_300000JSROaLmm0_3SRO`Lmm0`340101M2N2O1O1O2@cQOdM^n0[2eQOaM\\n0V1`QOJnn04XQOGfn0;aQO_O^n0a0gQO[OXn0b0nQO\\OSn0b0PROiNVO;mn0l0TROPOnm0o0TROmNom0S1RROhNPn0Y1V102O1O01LjNfoNV1YP1kNgoN`04LUP1DgoNb02IXP1EgoNb00IZP1CgoNT1_P1O1N11O0002N2O1N100XOXoNN64dP1Nf0O10001N2O0OR^83ohKN]gJ2XQ1=K2N000001O1O001N1O1N4GhnNNXnn\\1"}, {"size": [1080, 1920], "counts": "UUU>;]Q14N1N3M3L3O0O1O2N1N2N3N3L4K3N2M4M2M2O2N3M1O1N3N3M3L3M2N4M1N2M4M3M3N0O2O3M3M1O1O3M3L2O1N3N1O001O1OHoQOkLom0_300000JSROaLmm0_3SRO`Lmm0`340101M2N2O1O1O2@cQOdM^n0[2eQOaM\\n0V1`QOJnn04XQOGfn0;aQO_O^n0a0gQO[OXn0b0nQO\\OSn0b0PROiNVO;mn0l0TROPOnm0o0TROmNom0S1RROhNPn0Y1V102O1O01LjNfoNV1YP1kNgoN`04LUP1DgoNb02IXP1EgoNb00IZP1CgoNT1_P1O1N11O0002N2O1N100XOXoNN64dP1Nf0O10001N2O0OR^83ohKN]gJ2XQ1=K2N000001O1O001N1O1N4GhnNNXnn\\1"}, {"size": [1080, 1920], "counts": "PPYo1"}, {"size": [1080, 1920], "counts": "]Uho02fQ1002N1O10O100000O010O02N1O00001O00kQ10TnN2O001O00001O0O2O0O101O000000000O1000000000O1001O01O00O2O001O001O00000001O000O1001O000000000000001O00000000000001O0000000000001O0000001O00010O00000000001O001N2O1O2N`WUl0"}, {"size": [1080, 1920], "counts": "]Uho02fQ1002N1O10O100000O010O02N1O00001O00kQ10TnN2O001O00001O0O2O0O101O000000000O1000000000O1001O01O00O2O001O001O00000001O000O1001O000000000000001O00000000000001O0000000000001O0000001O00010O00000000001O001N2O1O2N`WUl0"}, {"size": [1080, 1920], "counts": "]Uho02fQ1002N1O10O100000O010O02N1O00001O00kQ10TnN2O001O00001O0O2O0O101O000000000O1000000000O1001O01O00O2O001O001O00000001O000O1001O000000000000001O00000000000001O0000000000001O0000001O00010O00000000001O001N2O1O2N`WUl0"}, {"size": [1080, 1920], "counts": "]Uho02fQ1002N1O10O100000O010O02N1O00001O00kQ10TnN2O001O00001O0O2O0O101O000000000O1000000000O1001O01O00O2O001O001O00000001O000O1001O000000000000001O00000000000001O0000000000001O0000001O00010O00000000001O001N2O1O2N`WUl0"}, {"size": [1080, 1920],