{"labels": [10, 12, 7, 12, 2, 3, 4, 7, 8, 10, 10, 12, 1, 3, 4, 6, 7, 8, 10, 12, 10, 12, 1, 3, 10, 10, 1, 3, 4, 7, 10, 12, 7, 12, 19, 10, 3, 4, 3, 7, 10, 12, 10, 7, 12, 7, 0, 2, 3, 4, 10, 12, 19, 10, 12, 1, 10, 10, 19, 7, 12, 19, 22, 10, 19, 1, 3, 4, 6, 7, 8, 10, 11, 12, 19, 2, 3, 4, 7, 10, 2, 10, 12, 7, 12, 19, 2, 7, 8, 10, 12, 19, 1, 6, 7, 8, 10, 11, 12, 6], "scores": [0.0002989102795254439, 0.0, 0.0, 0.0, 0.0, 0.0, 0.0, 0.0, 0.0, 0.0, 0.0, 0.0, 0.0, 0.0, 0.0, 0.0, 0.0, 0.0, 0.0, 0.0, 0.0, 0.0, 0.001071798731572926, 0.00034331477945670485, 0.0, 0.0, 0.0002540740533731878, 0.0003080083115492016, 0.00048782656085677445, 0.0, 0.0, 0.0, 0.0012345723807811737, 0.0003867959603667259, 0.0004036561294924468, 0.0, 0.6264030337333679, 0.003424012800678611, 0.0, 0.0, 0.0, 0.0, 0.0005148746422491968, 0.00039532827213406563, 0.0002574489626567811, 0.0, 0.0, 0.0, 0.0, 0.0, 0.0, 0.0, 0.0, 0.0003453338867984712, 0.00021362534607760608, 0.007173618767410517, 0.0, 0.0, 0.9858657121658325, 0.001077684573829174, 0.0008217762224376202, 0.000653472263365984, 0.00036568049108609557, 0.00091549102216959, 0.00036416936200112104, 0.0, 0.0, 0.0, 0.0, 0.0, 0.0, 0.0, 0.0, 0.0, 0.0, 0.0, 0.0, 0.0, 0.0, 0.0, 0.0, 0.0, 0.0, 0.0006687528803013265, 0.00021271475998219103, 0.00030939900898374617, 0.0, 0.0, 0.0, 0.0, 0.0, 0.0, 0.0, 0.0, 0.0, 0.0, 0.0, 0.0, 0.0, 0.00024276341719087213], "bboxes": [[437.0, 468.0, 456.0, 475.0], [0.0, 0.0, 0.0, 0.0], [0.0, 0.0, 0.0, 0.0], [0.0, 0.0, 0.0, 0.0], [0.0, 0.0, 0.0, 0.0], [0.0, 0.0, 0.0, 0.0], [0.0, 0.0, 0.0, 0.0], [0.0, 0.0, 0.0, 0.0], [0.0, 0.0, 0.0, 0.0], [0.0, 0.0, 0.0, 0.0], [0.0, 0.0, 0.0, 0.0], [0.0, 0.0, 0.0, 0.0], [0.0, 0.0, 0.0, 0.0], [0.0, 0.0, 0.0, 0.0], [0.0, 0.0, 0.0, 0.0], [0.0, 0.0, 0.0, 0.0], [0.0, 0.0, 0.0, 0.0], [0.0, 0.0, 0.0, 0.0], [0.0, 0.0, 0.0, 0.0], [0.0, 0.0, 0.0, 0.0], [0.0, 0.0, 0.0, 0.0], [0.0, 0.0, 0.0, 0.0], [992.0, 526.0, 1066.0, 541.0], [992.0, 526.0, 1066.0, 541.0], [0.0, 0.0, 0.0, 0.0], [0.0, 0.0, 0.0, 0.0], [980.0, 525.0, 1067.0, 539.0], [980.0, 525.0, 1067.0, 539.0], [980.0, 525.0, 1067.0, 539.0], [0.0, 0.0, 0.0, 0.0], [0.0, 0.0, 0.0, 0.0], [0.0, 0.0, 0.0, 0.0], [416.0, 667.0, 508.0, 771.0], [416.0, 667.0, 508.0, 771.0], [416.0, 667.0, 508.0, 771.0], [0.0, 0.0, 0.0, 0.0], [989.0, 525.0, 1059.0, 541.0], [989.0, 525.0, 1059.0, 541.0], [0.0, 0.0, 0.0, 0.0], [0.0, 0.0, 0.0, 0.0], [0.0, 0.0, 0.0, 0.0], [0.0, 0.0, 0.0, 0.0], [436.0, 465.0, 500.0, 476.0], [418.0, 680.0, 482.0, 755.0], [418.0, 680.0, 482.0, 755.0], [0.0, 0.0, 0.0, 0.0], [0.0, 0.0, 0.0, 0.0], [0.0, 0.0, 0.0, 0.0], [0.0, 0.0, 0.0, 0.0], [0.0, 0.0, 0.0, 0.0], [0.0, 0.0, 0.0, 0.0], [0.0, 0.0, 0.0, 0.0], [0.0, 0.0, 0.0, 0.0], [437.0, 468.0, 456.0, 474.0], [437.0, 468.0, 456.0, 474.0], [1016.0, 530.0, 1055.0, 539.0], [0.0, 0.0, 0.0, 0.0], [0.0, 0.0, 0.0, 0.0], [400.0, 378.0, 1608.0, 1080.0], [414.0, 638.0, 580.0, 798.0], [414.0, 638.0, 580.0, 798.0], [414.0, 638.0, 580.0, 798.0], [414.0, 638.0, 580.0, 798.0], [435.0, 468.0, 460.0, 477.0], [435.0, 468.0, 460.0, 477.0], [0.0, 0.0, 0.0, 0.0], [0.0, 0.0, 0.0, 0.0], [0.0, 0.0, 0.0, 0.0], [0.0, 0.0, 0.0, 0.0], [0.0, 0.0, 0.0, 0.0], [0.0, 0.0, 0.0, 0.0], [0.0, 0.0, 0.0, 0.0], [0.0, 0.0, 0.0, 0.0], [0.0, 0.0, 0.0, 0.0], [0.0, 0.0, 0.0, 0.0], [0.0, 0.0, 0.0, 0.0], [0.0, 0.0, 0.0, 0.0], [0.0, 0.0, 0.0, 0.0], [0.0, 0.0, 0.0, 0.0], [0.0, 0.0, 0.0, 0.0], [0.0, 0.0, 0.0, 0.0], [0.0, 0.0, 0.0, 0.0], [0.0, 0.0, 0.0, 0.0], [417.0, 677.0, 467.0, 755.0], [417.0, 677.0, 467.0, 755.0], [417.0, 677.0, 467.0, 755.0], [0.0, 0.0, 0.0, 0.0], [0.0, 0.0, 0.0, 0.0], [0.0, 0.0, 0.0, 0.0], [0.0, 0.0, 0.0, 0.0], [0.0, 0.0, 0.0, 0.0], [0.0, 0.0, 0.0, 0.0], [0.0, 0.0, 0.0, 0.0], [0.0, 0.0, 0.0, 0.0], [0.0, 0.0, 0.0, 0.0], [0.0, 0.0, 0.0, 0.0], [0.0, 0.0, 0.0, 0.0], [0.0, 0.0, 0.0, 0.0], [0.0, 0.0, 0.0, 0.0], [992.0, 526.0, 1066.0, 541.0]], "masks": [{"size": [1080, 1920], "counts": "^[]>4cQ12O00O10000O010O10001O0O100000000000[cW`1"}, {"size": [1080, 1920], "counts": "PPYo1"}, {"size": [1080, 1920], "counts": "PPYo1"}, {"size": [1080, 1920], "counts": "PPYo1"}, {"size": [1080, 1920], "counts": "PPYo1"}, {"size": [1080, 1920], "counts": "PPYo1"}, {"size": [1080, 1920], "counts": "PPYo1"}, {"size": [1080, 1920], "counts": "PPYo1"}, {"size": [1080, 1920], "counts": "PPYo1"}, {"size": [1080, 1920], "counts": "PPYo1"}, {"size": [1080, 1920], "counts": "PPYo1"}, {"size": [1080, 1920], "counts": "PPYo1"}, {"size": [1080, 1920], "counts": "PPYo1"}, {"size": [1080, 1920], "counts": "PPYo1"}, {"size": [1080, 1920], "counts": "PPYo1"}, {"size": [1080, 1920], "counts": "PPYo1"}, {"size": [1080, 1920], "counts": "PPYo1"}, {"size": [1080, 1920], "counts": "PPYo1"}, {"size": [1080, 1920], "counts": "PPYo1"}, {"size": [1080, 1920], "counts": "PPYo1"}, {"size": [1080, 1920], "counts": "PPYo1"}, {"size": [1080, 1920], "counts": "PPYo1"}, {"size": [1080, 1920], "counts": "ahfP12fQ1000000001O0O100000000O100000001O001N10001O00001O01O01O00010N101O001O0000001O000000000000000000000001O00000000001O000000001O0O10001O1O0O2O1O1O1N2OgUTl0"}, {"size": [1080, 1920], "counts": "ahfP12fQ1000000001O0O100000000O100000001O001N10001O00001O01O01O00010N101O001O0000001O000000000000000000000001O00000000001O000000001O0O10001O1O0O2O1O1O1N2OgUTl0"}, {"size": [1080, 1920], "counts": "PPYo1"}, {"size": [1080, 1920], "counts": "PPYo1"}, {"size": [1080, 1920], "counts": "]SZP12fQ11O001O10O010O0010O0O10001O000O2O000000000000000O1000000000001O000000001O0001O000001O00001O000000000010O000000000000O1000O101O000000001O000000001O000000001O00001O1N2O0O2O0OSTSl0"}, {"size": [1080, 1920], "counts": "]SZP12fQ11O001O10O010O0010O0O10001O000O2O000000000000000O1000000000001O000000001O0001O000001O00001O000000000010O000000000000O1000O101O000000001O000000001O000000001O00001O1N2O0O2O0OSTSl0"}, {"size": [1080, 1920], "counts": "]SZP12fQ11O001O10O010O0010O0O10001O000O2O000000000000000O1000000000001O000000001O0001O000001O00001O000000000010O000000000000O1000O101O000000001O000000001O000000001O00001O1N2O0O2O0OSTSl0"}, {"size": [1080, 1920], "counts": "PPYo1"}, {"size": [1080, 1920], "counts": "PPYo1"}, {"size": [1080, 1920], "counts": "PPYo1"}, {"size": [1080, 1920], "counts": "T]g=7XQ1=L3N3M5O0L3M2N2M4M3N1N0O3M3N2M2N3M2O100O2M1O1N3N3L4M002N5K1O1O100O00N2J6O1O0010O001O1M3N2000O1O10001N2O1N2N1N101N3M2O2N2N2M3N1O1O3N1O0O2O0O001O1N10100O1O1N3M2M4M3N1EZoNCgP1<\\oNAeP1><O1O100OlnNBoP1=8MYa`^1"}, {"size": [1080, 1920], "counts": "T]g=7XQ1=L3N3M5O0L3M2N2M4M3N1N0O3M3N2M2N3M2O100O2M1O1N3N3L4M002N5K1O1O100O00N2J6O1O0010O001O1M3N2000O1O10001N2O1N2N1N101N3M2O2N2N2M3N1O1O3N1O0O2O0O001O1N10100O1O1N3M2M4M3N1EZoNCgP1<\\oNAeP1><O1O100OlnNBoP1=8MYa`^1"}, {"size": [1080, 1920], "counts": "T]g=7XQ1=L3N3M5O0L3M2N2M4M3N1N0O3M3N2M2N3M2O100O2M1O1N3N3L4M002N5K1O1O100O00N2J6O1O0010O001O1M3N2000O1O10001N2O1N2N1N101N3M2O2N2N2M3N1O1O3N1O0O2O0O001O1N10100O1O1N3M2M4M3N1EZoNCgP1<\\oNAeP1><O1O100OlnNBoP1=8MYa`^1"}, {"size": [1080, 1920], "counts": "PPYo1"}, {"size": [1080, 1920], "counts": "YccP11gQ11O0O2O00001N101O000O010000000000000O1000001O001O00001O000010O01O00001O01OO2O00000000000000001O0000O101O0000000O2O00001O00001O00001O1N2O1MTb[l0"}, {"size": [1080, 1920], "counts": "YccP11gQ11O0O2O00001N101O000O010000000000000O1000001O001O00001O000010O01O00001O01OO2O00000000000000001O0000O101O0000000O2O00001O00001O00001O1N2O1MTb[l0"}, {"size": [1080, 1920], "counts": "PPYo1"}, {"size": [1080, 1920], "counts": "PPYo1"}, {"size": [1080, 1920], "counts": "PPYo1"}, {"size": [1080, 1920], "counts": "PPYo1"}, {"size": [1080, 1920], "counts": "fY\\>5aQ1201O00O1000O100O0101O001N1000O10000001N101N1000O100O1O1O11O2Mjbn0OX]QO000[Vi^1"}, {"size": [1080, 1920], "counts": "h`i=6eQ1ON4L9H4L2N30O00N2N2N2O1N2N1N3M2N1N3L5M2N1O2N2N1O000000kNSPO?mo0@WPO<jo0SOTPO:4a0oo0^OSPO`0no0_OTPO?mo0BSPO=mo0CUPO:co0[OXPO;69ko0GWPO7io0J[PO1_o0DRPO<`0Iao0NooN:>Efo0OmoN==BPP1`0noN@TP1?koN@YP1>`01O1N2M5M1O000O2OO1O1N2O1O2O0N2L5N2O4K4LTn[_1"}, {"size": [1080, 1920],