{"labels": [12, 7, 12, 0, 2, 3, 4, 6, 7, 8, 10, 11, 12, 12, 1, 6, 8, 2, 10, 2, 10, 12, 2, 1, 10, 12, 3, 4, 7, 8, 10, 12, 10, 7, 12, 10, 2, 3, 4, 7, 10, 12, 19, 10, 2, 3, 4, 7, 8, 10, 12, 2, 7, 10, 19, 12, 12, 2, 4, 7, 10, 12, 1, 3, 4, 6, 7, 8, 10, 11, 12, 19, 12, 2, 7, 10, 12, 2, 3, 4, 7, 10, 12, 14, 19, 2, 12, 2, 12, 19, 2, 12, 2, 6, 7, 8, 10, 12, 19, 20], "scores": [0.0, 0.0, 0.0, 0.0, 0.0, 0.0, 0.0, 0.0, 0.0, 0.0, 0.0, 0.0, 0.0, 0.0, 0.00044397232704795897, 0.006412693299353123, 0.0004965161206200719, 0.0, 0.0, 0.0, 0.0, 0.0, 0.0, 0.00028418516740202904, 0.0, 0.0, 0.5840628147125244, 0.0004160185344517231, 0.0006483056931756437, 0.000560712767764926, 0.00023843569215387106, 0.0, 0.0, 0.0, 0.0, 0.000581874162890017, 0.0, 0.0, 0.0, 0.0, 0.0, 0.0, 0.0, 0.0002869490417651832, 0.00029367441311478615, 0.0002347381814615801, 0.00029048422584310174, 0.0004687305772677064, 0.00025278222165070474, 0.0006022730958648026, 0.0004166897269897163, 0.0, 0.0, 0.0, 0.9815053939819336, 0.0, 0.00069481844548136, 0.0, 0.0, 0.0, 0.0, 0.0, 0.0, 0.0, 0.0, 0.0, 0.0, 0.0, 0.0, 0.0, 0.0, 0.0, 0.0, 0.0, 0.0, 0.0, 0.0, 0.0, 0.0, 0.0, 0.0, 0.0, 0.0, 0.0, 0.0, 0.0, 0.0, 0.0, 0.0, 0.0, 0.0, 0.0, 0.0, 0.0, 0.0, 0.0, 0.0, 0.0, 0.0, 0.0], "bboxes": [[0.0, 0.0, 0.0, 0.0], [0.0, 0.0, 0.0, 0.0], [0.0, 0.0, 0.0, 0.0], [0.0, 0.0, 0.0, 0.0], [0.0, 0.0, 0.0, 0.0], [0.0, 0.0, 0.0, 0.0], [0.0, 0.0, 0.0, 0.0], [0.0, 0.0, 0.0, 0.0], [0.0, 0.0, 0.0, 0.0], [0.0, 0.0, 0.0, 0.0], [0.0, 0.0, 0.0, 0.0], [0.0, 0.0, 0.0, 0.0], [0.0, 0.0, 0.0, 0.0], [0.0, 0.0, 0.0, 0.0], [845.0, 472.0, 1299.0, 537.0], [845.0, 472.0, 1299.0, 537.0], [845.0, 472.0, 1299.0, 537.0], [0.0, 0.0, 0.0, 0.0], [0.0, 0.0, 0.0, 0.0], [0.0, 0.0, 0.0, 0.0], [0.0, 0.0, 0.0, 0.0], [0.0, 0.0, 0.0, 0.0], [0.0, 0.0, 0.0, 0.0], [988.0, 496.0, 1299.0, 536.0], [0.0, 0.0, 0.0, 0.0], [0.0, 0.0, 0.0, 0.0], [930.0, 490.0, 1299.0, 537.0], [930.0, 490.0, 1299.0, 537.0], [930.0, 490.0, 1299.0, 537.0], [930.0, 490.0, 1299.0, 537.0], [930.0, 490.0, 1299.0, 537.0], [0.0, 0.0, 0.0, 0.0], [0.0, 0.0, 0.0, 0.0], [0.0, 0.0, 0.0, 0.0], [0.0, 0.0, 0.0, 0.0], [948.0, 501.0, 1068.0, 535.0], [0.0, 0.0, 0.0, 0.0], [0.0, 0.0, 0.0, 0.0], [0.0, 0.0, 0.0, 0.0], [0.0, 0.0, 0.0, 0.0], [0.0, 0.0, 0.0, 0.0], [0.0, 0.0, 0.0, 0.0], [0.0, 0.0, 0.0, 0.0], [1010.0, 518.0, 1039.0, 531.0], [1009.0, 518.0, 1053.0, 531.0], [1009.0, 518.0, 1053.0, 531.0], [1009.0, 518.0, 1053.0, 531.0], [1009.0, 518.0, 1053.0, 531.0], [1009.0, 518.0, 1053.0, 531.0], [1009.0, 518.0, 1053.0, 531.0], [1009.0, 518.0, 1053.0, 531.0], [0.0, 0.0, 0.0, 0.0], [0.0, 0.0, 0.0, 0.0], [0.0, 0.0, 0.0, 0.0], [398.0, 396.0, 1610.0, 1080.0], [0.0, 0.0, 0.0, 0.0], [468.0, 464.0, 1603.0, 1080.0], [0.0, 0.0, 0.0, 0.0], [0.0, 0.0, 0.0, 0.0], [0.0, 0.0, 0.0, 0.0], [0.0, 0.0, 0.0, 0.0], [0.0, 0.0, 0.0, 0.0], [0.0, 0.0, 0.0, 0.0], [0.0, 0.0, 0.0, 0.0], [0.0, 0.0, 0.0, 0.0], [0.0, 0.0, 0.0, 0.0], [0.0, 0.0, 0.0, 0.0], [0.0, 0.0, 0.0, 0.0], [0.0, 0.0, 0.0, 0.0], [0.0, 0.0, 0.0, 0.0], [0.0, 0.0, 0.0, 0.0], [0.0, 0.0, 0.0, 0.0], [0.0, 0.0, 0.0, 0.0], [0.0, 0.0, 0.0, 0.0], [0.0, 0.0, 0.0, 0.0], [0.0, 0.0, 0.0, 0.0], [0.0, 0.0, 0.0, 0.0], [0.0, 0.0, 0.0, 0.0], [0.0, 0.0, 0.0, 0.0], [0.0, 0.0, 0.0, 0.0], [0.0, 0.0, 0.0, 0.0], [0.0, 0.0, 0.0, 0.0], [0.0, 0.0, 0.0, 0.0], [0.0, 0.0, 0.0, 0.0], [0.0, 0.0, 0.0, 0.0], [0.0, 0.0, 0.0, 0.0], [0.0, 0.0, 0.0, 0.0], [0.0, 0.0, 0.0, 0.0], [0.0, 0.0, 0.0, 0.0], [0.0, 0.0, 0.0, 0.0], [0.0, 0.0, 0.0, 0.0], [0.0, 0.0, 0.0, 0.0], [0.0, 0.0, 0.0, 0.0], [0.0, 0.0, 0.0, 0.0], [0.0, 0.0, 0.0, 0.0], [0.0, 0.0, 0.0, 0.0], [0.0, 0.0, 0.0, 0.0], [0.0, 0.0, 0.0, 0.0], [0.0, 0.0, 0.0, 0.0], [0.0, 0.0, 0.0, 0.0]], "masks": [{"size": [1080, 1920], "counts": "PPYo1"}, {"size": [1080, 1920], "counts": "PPYo1"}, {"size": [1080, 1920], "counts": "PPYo1"}, {"size": [1080, 1920], "counts": "PPYo1"}, {"size": [1080, 1920], "counts": "PPYo1"}, {"size": [1080, 1920], "counts": "PPYo1"}, {"size": [1080, 1920], "counts": "PPYo1"}, {"size": [1080, 1920], "counts": "PPYo1"}, {"size": [1080, 1920], "counts": "PPYo1"}, {"size": [1080, 1920], "counts": "PPYo1"}, {"size": [1080, 1920], "counts": "PPYo1"}, {"size": [1080, 1920], "counts": "PPYo1"}, {"size": [1080, 1920], "counts": "PPYo1"}, {"size": [1080, 1920], "counts": "PPYo1"}, {"size": [1080, 1920], "counts": "`ekk02fQ11O0001O00000001O0000100O0jVg0OWiXO00000001O000001OO2O[\\71dcH2M3N1O001O001O100O1O001O1O0010O001N11O10O01O010O00010O010O01O001O01O00010O000100O010O01O010O001O001O010O010O0010O01O10O010O1O01O00001O01O000010O00010O01O00010O01O10O001O1O01O00000O1000001O0000001O00001O010O0010O0000000000001O0010O01O001O1O001O001O00001O00000000001O00001O00001O00001O000O101O0O2O2MUh_61kW`I1N1O2O0O10O1000O1000O10O1O1O010O10O1000O1O100O100O10000O1000O01000O0010O10O1000O0100O100O1N101O1O1O1O2OX_^d0"}, {"size": [1080, 1920], "counts": "`ekk02fQ11O0001O00000001O0000100O0jVg0OWiXO00000001O000001OO2O[\\71dcH2M3N1O001O001O100O1O001O1O0010O001N11O10O01O010O00010O010O01O001O01O00010O000100O010O01O010O001O001O010O010O0010O01O10O010O1O01O00001O01O000010O00010O01O00010O01O10O001O1O01O00000O1000001O0000001O00001O010O0010O0000000000001O0010O01O001O1O001O001O00001O00000000001O00001O00001O00001O000O101O0O2O2MUh_61kW`I1N1O2O0O10O1000O1000O10O1O1O010O10O1000O1O100O100O10000O1000O01000O0010O10O1000O0100O100O1N101O1O1O1O2OX_^d0"}, {"size": [1080, 1920], "counts": "`ekk02fQ11O0001O00000001O0000100O0jVg0OWiXO00000001O000001OO2O[\\71dcH2M3N1O001O001O100O1O001O1O0010O001N11O10O01O010O00010O010O01O001O01O00010O000100O010O01O010O001O001O010O010O0010O01O10O010O1O01O00001O01O000010O00010O01O00010O01O10O001O1O01O00000O1000001O0000001O00001O010O0010O0000000000001O0010O01O001O1O001O001O00001O00000000001O00001O00001O00001O000O101O0O2O2MUh_61kW`I1N1O2O0O10O1000O1000O10O1O1O010O10O1000O1O100O100O10000O1000O01000O0010O10O1000O0100O100O1N101O1O1O1O2OX_^d0"}, {"size": [1080, 1920], "counts": "PPYo1"}, {"size": [1080, 1920], "counts": "PPYo1"}, {"size": [1080, 1920], "counts": "PPYo1"}, {"size": [1080, 1920], "counts": "PPYo1"}, {"size": [1080, 1920], "counts": "PPYo1"}, {"size": [1080, 1920], "counts": "PPYo1"}, {"size": [1080, 1920], "counts": "ZabP11eQ15L2O0O101O001O1O001O00001O001O010O000O2O01O001O001O001O1O001O00001O0000001O000000000010O0001O0000001O0O10001O000O4M\\mb61bR]I2N1O2OO10O10000000O10O1N20O0100000O10O1O1O100O10000O10000O1000O00100O010000O0100O100O1O1O1O1O1N2O1O2NX_^d0"}, {"size": [1080, 1920], "counts": "PPYo1"}, {"size": [1080, 1920], "counts": "PPYo1"}, {"size": [1080, 1920], "counts": "mZen02fQ1001O1O1O10O01O0100O01O1O0010O01O10O0100O0010O01O010O1O01O1O1N2O100O1O001Nfa:OhX50cU@5K2M3N2O1O1O1O1O0000001O001O001O01O01O0001O010O001O001O1O001O00001O01O00000001O0001O01O0000001O0000001O0000001O001O0000000000001O0000001O0O10000O2O1NWnV7NlQiH0YZ61feIO__^d0"}, {"size": [1080, 1920], "counts": "mZen02fQ1001O1O1O10O01O0100O01O1O0010O01O10O0100O0010O01O010O1O01O1O1N2O100O1O001Nfa:OhX50cU@5K2M3N2O1O1O1O1O0000001O001O001O01O01O0001O010O001O001O1O001O00001O01O00000001O0001O01O0000001O0000001O0000001O001O0000000000001O0000001O0O10000O2O1NWnV7NlQiH0YZ61feIO__^d0"}, {"size": [1080, 1920], "counts": "mZen02fQ1001O1O1O10O01O0100O01O1O0010O01O10O0100O0010O01O010O1O01O1O1N2O100O1O001Nfa:OhX50cU@5K2M3N2O1O1O1O1O0000001O001O001O01O01O0001O010O001O001O1O001O00001O01O00000001O0001O01O0000001O0000001O0000001O001O0000000000001O0000001O0O10000O2O1NWnV7NlQiH0YZ61feIO__^d0"}, {"size": [1080, 1920], "counts": "mZen02fQ1001O1O1O10O01O0100O01O1O0010O01O10O0100O0010O01O010O1O01O1O1N2O100O1O001Nfa:OhX50cU@5K2M3N2O1O1O1O1O0000001O001O001O01O01O0001O010O001O001O1O001O00001O01O00000001O0001O01O0000001O0000001O0000001O001O0000000000001O0000001O0O10000O2O1NWnV7NlQiH0YZ61feIO__^d0"}, {"size": [1080, 1920], "counts": "mZen02fQ1001O1O1O10O01O0100O01O1O0010O01O10O0100O0010O01O010O1O01O1O1N2O100O1O001Nfa:OhX50cU@5K2M3N2O1O1O1O1O0000001O001O001O01O01O0001O010O001O001O1O001O00001O01O00000001O0001O01O0000001O0000001O0000001O001O0000000000001O0000001O0O10000O2O1NWnV7NlQiH0YZ61feIO__^d0"}, {"size": [1080, 1920],