{"labels": [7, 10, 12, 0, 2, 3, 4, 6, 7, 8, 10, 11, 12, 10, 12, 6, 10, 10, 12, 2, 10, 1, 6, 2, 10, 12, 2, 7, 10, 12, 2, 3, 4, 7, 8, 12, 12, 0, 10, 12, 1, 2, 3, 4, 7, 8, 10, 14, 19, 10, 2, 3, 7, 10, 12, 2, 7, 10, 19, 12, 2, 3, 7, 10, 12, 0, 1, 3, 7, 8, 10, 11, 12, 19, 22, 10, 12, 8, 2, 3, 4, 7, 8, 10, 14, 19, 21, 10, 2, 2, 12, 10, 12, 2, 7, 8, 10, 12, 19, 2], "scores": [0.00024338316870853305, 0.00022684282157570124, 0.0008451840258203447, 0.0, 0.0, 0.0, 0.0, 0.0, 0.0, 0.0, 0.0, 0.0, 0.0, 0.00024943589232861996, 0.00019792953389696777, 0.001038126414641738, 0.0, 0.0, 0.0, 0.0, 0.0, 0.0011672965483739972, 0.000262702873442322, 0.0, 0.0, 0.0, 0.0, 0.0, 0.0, 0.0, 0.00032027208362706006, 0.6725723147392273, 0.0006216699839569628, 0.00040052339318208396, 0.0013324201572686434, 0.0, 0.0002640102175064385, 0.00023675922420807183, 0.000599459046497941, 0.0002779017959255725, 0.0005080864066258073, 0.2425536960363388, 0.0005228343070484698, 0.012724722735583782, 0.00041281376616097987, 0.001987585099413991, 0.007454489823430777, 0.000284422654658556, 0.0009504043846391141, 0.00040606321999803185, 0.0, 0.0, 0.0, 0.0, 0.0, 0.0, 0.0, 0.0, 0.985362708568573, 0.0, 0.00030808118754066527, 0.0002168228675145656, 0.0003551107656676322, 0.0007638827664777637, 0.0022861966863274574, 0.00034702374250628054, 0.0022413593251258135, 0.00043053735862486064, 0.000872016535140574, 0.02692602016031742, 0.011074000038206577, 0.00043027219362556934, 0.013538303785026073, 0.002406640676781535, 0.0005346914986148477, 0.0, 0.0, 0.00025102015933953226, 0.013736161403357983, 0.0005098611582070589, 0.6357129812240601, 0.0004765794728882611, 0.0005481667467392981, 0.00646435609087348, 0.00022306454775389284, 0.0003074486739933491, 0.00023129941837396473, 0.0, 0.0, 0.0, 0.0, 0.0, 0.0, 0.0, 0.0, 0.0, 0.0, 0.0, 0.0, 0.0], "bboxes": [[958.0, 514.0, 1062.0, 539.0], [958.0, 514.0, 1062.0, 539.0], [958.0, 514.0, 1062.0, 539.0], [0.0, 0.0, 0.0, 0.0], [0.0, 0.0, 0.0, 0.0], [0.0, 0.0, 0.0, 0.0], [0.0, 0.0, 0.0, 0.0], [0.0, 0.0, 0.0, 0.0], [0.0, 0.0, 0.0, 0.0], [0.0, 0.0, 0.0, 0.0], [0.0, 0.0, 0.0, 0.0], [0.0, 0.0, 0.0, 0.0], [0.0, 0.0, 0.0, 0.0], [1007.0, 523.0, 1048.0, 536.0], [522.0, 541.0, 523.0, 542.0], [955.0, 513.0, 1078.0, 543.0], [0.0, 0.0, 0.0, 0.0], [0.0, 0.0, 0.0, 0.0], [0.0, 0.0, 0.0, 0.0], [0.0, 0.0, 0.0, 0.0], [0.0, 0.0, 0.0, 0.0], [963.0, 516.0, 1064.0, 543.0], [963.0, 516.0, 1064.0, 543.0], [0.0, 0.0, 0.0, 0.0], [0.0, 0.0, 0.0, 0.0], [0.0, 0.0, 0.0, 0.0], [0.0, 0.0, 0.0, 0.0], [0.0, 0.0, 0.0, 0.0], [0.0, 0.0, 0.0, 0.0], [0.0, 0.0, 0.0, 0.0], [945.0, 509.0, 1065.0, 541.0], [945.0, 509.0, 1065.0, 541.0], [945.0, 509.0, 1065.0, 541.0], [945.0, 509.0, 1065.0, 541.0], [945.0, 509.0, 1065.0, 541.0], [0.0, 0.0, 0.0, 0.0], [1009.0, 525.0, 1045.0, 536.0], [956.0, 512.0, 1077.0, 541.0], [978.0, 517.0, 1063.0, 538.0], [978.0, 517.0, 1063.0, 538.0], [694.0, 489.0, 703.0, 495.0], [694.0, 489.0, 703.0, 495.0], [694.0, 489.0, 703.0, 495.0], [694.0, 489.0, 703.0, 495.0], [694.0, 489.0, 703.0, 495.0], [694.0, 489.0, 703.0, 495.0], [694.0, 489.0, 703.0, 495.0], [694.0, 489.0, 703.0, 495.0], [694.0, 489.0, 703.0, 495.0], [1008.0, 523.0, 1048.0, 536.0], [0.0, 0.0, 0.0, 0.0], [0.0, 0.0, 0.0, 0.0], [0.0, 0.0, 0.0, 0.0], [0.0, 0.0, 0.0, 0.0], [0.0, 0.0, 0.0, 0.0], [0.0, 0.0, 0.0, 0.0], [0.0, 0.0, 0.0, 0.0], [0.0, 0.0, 0.0, 0.0], [402.0, 393.0, 1609.0, 1080.0], [0.0, 0.0, 0.0, 0.0], [520.0, 536.0, 582.0, 543.0], [520.0, 536.0, 582.0, 543.0], [520.0, 536.0, 582.0, 543.0], [520.0, 536.0, 582.0, 543.0], [520.0, 536.0, 582.0, 543.0], [402.0, 509.0, 547.0, 573.0], [402.0, 509.0, 547.0, 573.0], [402.0, 509.0, 547.0, 573.0], [402.0, 509.0, 547.0, 573.0], [402.0, 509.0, 547.0, 573.0], [402.0, 509.0, 547.0, 573.0], [402.0, 509.0, 547.0, 573.0], [402.0, 509.0, 547.0, 573.0], [402.0, 509.0, 547.0, 573.0], [402.0, 509.0, 547.0, 573.0], [0.0, 0.0, 0.0, 0.0], [0.0, 0.0, 0.0, 0.0], [1007.0, 524.0, 1047.0, 536.0], [690.0, 485.0, 707.0, 500.0], [690.0, 485.0, 707.0, 500.0], [690.0, 485.0, 707.0, 500.0], [690.0, 485.0, 707.0, 500.0], [690.0, 485.0, 707.0, 500.0], [690.0, 485.0, 707.0, 500.0], [690.0, 485.0, 707.0, 500.0], [690.0, 485.0, 707.0, 500.0], [690.0, 485.0, 707.0, 500.0], [0.0, 0.0, 0.0, 0.0], [0.0, 0.0, 0.0, 0.0], [0.0, 0.0, 0.0, 0.0], [0.0, 0.0, 0.0, 0.0], [0.0, 0.0, 0.0, 0.0], [0.0, 0.0, 0.0, 0.0], [0.0, 0.0, 0.0, 0.0], [0.0, 0.0, 0.0, 0.0], [0.0, 0.0, 0.0, 0.0], [0.0, 0.0, 0.0, 0.0], [0.0, 0.0, 0.0, 0.0], [0.0, 0.0, 0.0, 0.0], [0.0, 0.0, 0.0, 0.0]], "masks": [{"size": [1080, 1920], "counts": "blbo01gQ100000\\j?0dU@000`S20`lM3M1O1O01O1O1N11O001O1O000010O0001O01OO101O1O1O000O2O001O1O001O01O01O01O0010O0001O00010O00001O000000010N10001O000000001O00001O001O0000001O0000001O001O2N000000g\\Xl0"}, {"size": [1080, 1920], "counts": "blbo01gQ100000\\j?0dU@000`S20`lM3M1O1O01O1O1N11O001O1O000010O0001O01OO101O1O1O000O2O001O1O001O01O01O01O0010O0001O00010O00001O000000010N10001O000000001O00001O001O0000001O0000001O001O2N000000g\\Xl0"}, {"size": [1080, 1920], "counts": "blbo01gQ100000\\j?0dU@000`S20`lM3M1O1O01O1O1N11O001O1O000010O0001O01OO101O1O1O000O2O001O1O001O01O01O01O0010O0001O00010O00001O000000010N10001O000000001O00001O001O0000001O0000001O001O2N000000g\\Xl0"}, {"size": [1080, 1920], "counts": "PPYo1"}, {"size": [1080, 1920], "counts": "PPYo1"}, {"size": [1080, 1920], "counts": "PPYo1"}, {"size": [1080, 1920], "counts": "PPYo1"}, {"size": [1080, 1920], "counts": "PPYo1"}, {"size": [1080, 1920], "counts": "PPYo1"}, {"size": [1080, 1920], "counts": "PPYo1"}, {"size": [1080, 1920], "counts": "PPYo1"}, {"size": [1080, 1920], "counts": "PPYo1"}, {"size": [1080, 1920], "counts": "PPYo1"}, {"size": [1080, 1920], "counts": "ebVQ12eQ11O2O001O001O010O001O100O0010O001O001O00000001O0001O00001O0O2O001O00001O0000001OZUgl0"}, {"size": [1080, 1920], "counts": "]RWa01bmQ^1"}, {"size": [1080, 1920], "counts": "Yg_o02fQ11O1O1O001O001O00100O0101N2ON1O2N2O1O001N101O001O01O01O1O1O100O001O0010O0001O0010O01O0001O01O001O001O01O0O1000000001O00O101O00001O001O00001O001O0000010O000000001O000000001N1000001O00001O0001O01O00001O00000O101O0000001N10001O0O101O000O1000000000g`gk0"}, {"size": [1080, 1920], "counts": "PPYo1"}, {"size": [1080, 1920], "counts": "PPYo1"}, {"size": [1080, 1920], "counts": "PPYo1"}, {"size": [1080, 1920], "counts": "PPYo1"}, {"size": [1080, 1920], "counts": "PPYo1"}, {"size": [1080, 1920], "counts": "]Uho01gQ11N20OdS2O]lM0O1N3N101O1O00001O1O00001O100O2N1O10O1O01O001O001O1O0010O000010O00001O10O0O01001O000000000000001O001O00001O0O2O00001O00000000001O00001O00000000001O0O2O0000001O00001O001O1O00001O0O1000001OVYVl0"}, {"size": [1080, 1920], "counts": "]Uho01gQ11N20OdS2O]lM0O1N3N101O1O00001O1O00001O100O2N1O10O1O01O001O001O1O0010O000010O00001O10O0O01001O000000000000001O001O00001O0O2O00001O00000000001O00001O00000000001O0O2O0000001O00001O001O1O00001O0O1000001OVYVl0"}, {"size": [1080, 1920], "counts": "PPYo1"}, {"size": [1080, 1920], "counts": "PPYo1"}, {"size": [1080, 1920], "counts": "PPYo1"}, {"size": [1080, 1920], "counts": "PPYo1"}, {"size": [1080, 1920], "counts": "PPYo1"}, {"size": [1080, 1920], "counts": "PPYo1"}, {"size": [1080, 1920], "counts": "PPYo1"}, {"size": [1080, 1920], "counts": "eUUo02fQ100010O2N0100O000101N1O1O000010O010O0010O01O2N1O01O0O1O1000001N10001O1O0000001O0001O001O10O0O2O001O001O000010O01O001N100000001O01O01O001O000000000100O001O001O001O001O01O00000000000001O000000001O001O00001O00001O0000010O0O101O001O001O1O0O2N`WUl0"}, {"size": [1080, 1920], "counts": "eUUo02fQ100010O2N0100O000101N1O1O000010O010O0010O01O2N1O01O0O1O1000001N10001O1O0000001O0001O001O10O0O2O001O001O000010O01O001N100000001O01O01O001O000000000100O001O001O001O001O01O00000000000001O000000001O001O00001O00001O0000010O0O101O001O001O1O0O2N`WUl0"}, {"size": [1080, 1920], "counts": "eUUo02fQ100010O2N0100O000101N1O1O000010O010O0010O01O2N1O01O0O1O1000001N10001O1O0000001O0001O001O10O0O2O001O001O000010O01O001N100000001O01O01O001O000000000100O001O001O001O001O01O00000000000001O000000001O001O00001O00001O0000010O0O101O001O001O1O0O2N`WUl0"}, {"size": [1080, 1920],