{"labels": [12, 10, 0, 2, 3, 4, 6, 7, 8, 10, 11, 12, 12, 12, 10, 12, 10, 12, 12, 12, 1, 6, 10, 10, 12, 6, 10, 12, 10, 12, 2, 3, 4, 7, 8, 12, 10, 12, 0, 12, 10, 10, 1, 2, 3, 4, 7, 8, 10, 14, 19, 10, 12, 3, 4, 6, 7, 10, 12, 2, 7, 8, 10, 12, 19, 10, 10, 12, 1, 3, 7, 8, 10, 11, 12, 19, 10, 12, 2, 4, 10, 10, 10, 2, 10, 12, 2, 12, 19, 2, 10, 2, 4, 6, 7, 8, 10, 12, 19, 10], "scores": [0.0, 0.00044875722960568964, 0.0, 0.0, 0.0, 0.0, 0.0, 0.0, 0.0, 0.0, 0.0, 0.0, 0.0, 0.0, 0.00012661168875638396, 0.0002526993630453944, 0.00015631139103788882, 0.00013585700071416795, 0.00012522595352493227, 0.00034798073465935886, 0.0003057779395021498, 0.00220262142829597, 0.00034714984940364957, 0.0, 0.0, 0.0002700533077586442, 0.0, 0.0, 0.0, 0.0, 0.00019467210222501308, 0.5782374143600464, 0.0005604832549579442, 0.00020339635375421494, 0.0003773685893975198, 0.0, 0.0003402976435609162, 0.00021198962349444628, 0.0, 0.0, 0.0, 0.0, 0.000525605515576899, 0.09101005643606186, 0.0004948055138811469, 0.02992308884859085, 0.00017185222532134503, 0.00048612954560667276, 0.002728644758462906, 0.00023166720347944647, 0.0003488525690045208, 0.0, 0.0, 0.00031655843486078084, 0.00018408073810860515, 0.00015171468839980662, 0.00021882103465031832, 0.00045781899825669825, 0.0004129058215767145, 0.0, 0.0, 0.0, 0.0, 0.0, 0.987887442111969, 0.00018913460371550173, 0.000223643277422525, 0.0004759268194902688, 0.002636078977957368, 0.0003962330229114741, 0.0006931260577403009, 0.013954522088170052, 0.007055099122226238, 0.00018788188754115254, 0.003561543533578515, 0.0008224697085097432, 0.0, 0.0, 0.004365849308669567, 0.503311038017273, 0.0006871402729302645, 0.00015225255629047751, 0.00012707906716968864, 0.0, 0.0, 0.0, 0.0, 0.0, 0.0, 0.0, 0.0, 0.0, 0.0, 0.0, 0.0, 0.0, 0.0, 0.0, 0.0, 0.00017435807967558503], "bboxes": [[0.0, 0.0, 0.0, 0.0], [465.0, 547.0, 565.0, 587.0], [0.0, 0.0, 0.0, 0.0], [0.0, 0.0, 0.0, 0.0], [0.0, 0.0, 0.0, 0.0], [0.0, 0.0, 0.0, 0.0], [0.0, 0.0, 0.0, 0.0], [0.0, 0.0, 0.0, 0.0], [0.0, 0.0, 0.0, 0.0], [0.0, 0.0, 0.0, 0.0], [0.0, 0.0, 0.0, 0.0], [0.0, 0.0, 0.0, 0.0], [0.0, 0.0, 0.0, 0.0], [0.0, 0.0, 0.0, 0.0], [533.0, 551.0, 558.0, 559.0], [533.0, 551.0, 558.0, 559.0], [495.0, 551.0, 562.0, 583.0], [495.0, 551.0, 562.0, 583.0], [533.0, 552.0, 535.0, 555.0], [453.0, 560.0, 501.0, 574.0], [852.0, 494.0, 1281.0, 552.0], [852.0, 494.0, 1281.0, 552.0], [421.0, 544.0, 563.0, 585.0], [0.0, 0.0, 0.0, 0.0], [0.0, 0.0, 0.0, 0.0], [930.0, 525.0, 1039.0, 551.0], [0.0, 0.0, 0.0, 0.0], [0.0, 0.0, 0.0, 0.0], [0.0, 0.0, 0.0, 0.0], [0.0, 0.0, 0.0, 0.0], [922.0, 521.0, 1055.0, 553.0], [922.0, 521.0, 1055.0, 553.0], [922.0, 521.0, 1055.0, 553.0], [922.0, 521.0, 1055.0, 553.0], [922.0, 521.0, 1055.0, 553.0], [0.0, 0.0, 0.0, 0.0], [496.0, 550.0, 559.0, 570.0], [496.0, 550.0, 559.0, 570.0], [0.0, 0.0, 0.0, 0.0], [0.0, 0.0, 0.0, 0.0], [0.0, 0.0, 0.0, 0.0], [0.0, 0.0, 0.0, 0.0], [679.0, 496.0, 700.0, 516.0], [679.0, 496.0, 700.0, 516.0], [679.0, 496.0, 700.0, 516.0], [679.0, 496.0, 700.0, 516.0], [679.0, 496.0, 700.0, 516.0], [679.0, 496.0, 700.0, 516.0], [679.0, 496.0, 700.0, 516.0], [679.0, 496.0, 700.0, 516.0], [679.0, 496.0, 700.0, 516.0], [0.0, 0.0, 0.0, 0.0], [0.0, 0.0, 0.0, 0.0], [497.0, 548.0, 539.0, 563.0], [497.0, 548.0, 539.0, 563.0], [497.0, 548.0, 539.0, 563.0], [497.0, 548.0, 539.0, 563.0], [497.0, 548.0, 539.0, 563.0], [497.0, 548.0, 539.0, 563.0], [0.0, 0.0, 0.0, 0.0], [0.0, 0.0, 0.0, 0.0], [0.0, 0.0, 0.0, 0.0], [0.0, 0.0, 0.0, 0.0], [0.0, 0.0, 0.0, 0.0], [403.0, 396.0, 1609.0, 1080.0], [426.0, 549.0, 562.0, 586.0], [547.0, 556.0, 560.0, 567.0], [547.0, 556.0, 560.0, 567.0], [406.0, 542.0, 564.0, 586.0], [406.0, 542.0, 564.0, 586.0], [406.0, 542.0, 564.0, 586.0], [406.0, 542.0, 564.0, 586.0], [406.0, 542.0, 564.0, 586.0], [406.0, 542.0, 564.0, 586.0], [406.0, 542.0, 564.0, 586.0], [406.0, 542.0, 564.0, 586.0], [0.0, 0.0, 0.0, 0.0], [0.0, 0.0, 0.0, 0.0], [687.0, 503.0, 694.0, 510.0], [687.0, 503.0, 694.0, 510.0], [687.0, 503.0, 694.0, 510.0], [501.0, 557.0, 559.0, 583.0], [515.0, 548.0, 547.0, 559.0], [0.0, 0.0, 0.0, 0.0], [0.0, 0.0, 0.0, 0.0], [0.0, 0.0, 0.0, 0.0], [0.0, 0.0, 0.0, 0.0], [0.0, 0.0, 0.0, 0.0], [0.0, 0.0, 0.0, 0.0], [0.0, 0.0, 0.0, 0.0], [0.0, 0.0, 0.0, 0.0], [0.0, 0.0, 0.0, 0.0], [0.0, 0.0, 0.0, 0.0], [0.0, 0.0, 0.0, 0.0], [0.0, 0.0, 0.0, 0.0], [0.0, 0.0, 0.0, 0.0], [0.0, 0.0, 0.0, 0.0], [0.0, 0.0, 0.0, 0.0], [0.0, 0.0, 0.0, 0.0], [852.0, 494.0, 1281.0, 552.0]], "masks": [{"size": [1080, 1920], "counts": "PPYo1"}, {"size": [1080, 1920], "counts": "eoZ?1fQ12N1K5O101O1O0O10001N1O2M2N110O1000000O2O0O2N2N2O0000001O001O001O0O101O001O000O1000000000O0100000O001O100O100O10000000O10O1O1O2N0O2M3N101O20O001O00O01000000001OO1000000001N10001N100O100O101O002M2M4Load\\1"}, {"size": [1080, 1920], "counts": "PPYo1"}, {"size": [1080, 1920], "counts": "PPYo1"}, {"size": [1080, 1920], "counts": "PPYo1"}, {"size": [1080, 1920], "counts": "PPYo1"}, {"size": [1080, 1920], "counts": "PPYo1"}, {"size": [1080, 1920], "counts": "PPYo1"}, {"size": [1080, 1920], "counts": "PPYo1"}, {"size": [1080, 1920], "counts": "PPYo1"}, {"size": [1080, 1920], "counts": "PPYo1"}, {"size": [1080, 1920], "counts": "PPYo1"}, {"size": [1080, 1920], "counts": "PPYo1"}, {"size": [1080, 1920], "counts": "PPYo1"}, {"size": [1080, 1920], "counts": "Pfba04cQ112MVl`0OkS_O100000000Snk\\1"}, {"size": [1080, 1920], "counts": "Pfba04cQ112MVl`0OkS_O100000000Snk\\1"}, {"size": [1080, 1920], "counts": "mcZ`06aQ12M3O011N100O0O2N6K0O11O1N1O1O1O100OO2N2O1O10O2O2M4FgnNNZQ11inNLWQ14231001000O1000O1O0O200100O0010O1000OO1O2N1O100000000001O1O1O0O1O1O1O101O0O2MUgg\\1"}, {"size": [1080, 1920], "counts": "mcZ`06aQ12M3O011N100O0O2N6K0O11O1N1O1O1O100OO2N2O1O10O2O2M4FgnNNZQ11inNLWQ14231001000O1000O1O0O200100O0010O1000OO1O2N1O100000000001O1O1O0O1O1O1O101O0O2MUgg\\1"}, {"size": [1080, 1920], "counts": "Pfba03eQ10`Vd]1"}, {"size": [1080, 1920], "counts": "^Zn>1gQ11fX50YgJ1O00O10`S20`lM1N2O10O0O8NJ100gQ1NRU31XiK00001O000000O10lQ10SnN101M2O2N2OO2M6KdQh^1"}, {"size": [1080, 1920], "counts": "^RSl01gQ1000000003M01O01O01O1O000011N1O1O10O001O010O1N\\cn3Od\\QL200O2O000000001O00001O0O2O00001O01O0001O0000000001O000O10000O10000O101O0000001O000001O10O00001O1N2O`Zj30`eUL1N1O100O1000000000000000000O100000O11O000O100O1O10001N100000000O1000000O1000001N1000000000001N100000000O10000O1000O100000000O1O01000O10O100O10O10O10O010000O0100O100O1000O0100O0100O010000O100O010O1O1O010O1O1O010O1O0010O01O1O1O1O1N3N10^^Qe0"}, {"size": [1080, 1920], "counts": "^RSl01gQ1000000003M01O01O01O1O000011N1O1O10O001O010O1N\\cn3Od\\QL200O2O000000001O00001O0O2O00001O01O0001O0000000001O000O10000O10000O101O0000001O000001O10O00001O1N2O`Zj30`eUL1N1O100O1000000000000000000O100000O11O000O100O1O10001N100000000O1000000O1000001N1000000000001N100000000O10000O1000O100000000O1O01000O10O100O10O10O10O010000O0100O100O1000O0100O0100O010000O100O010O1O1O010O1O1O010O1O0010O01O1O1O1O1N3N10^^Qe0"}, {"size": [1080, 1920], "counts": "]bl=2fQ10PR1OPnN2O00000O1001O1NWU32fjL3O0O1O1O2OO2O1M2O2O0OmQ1OUnN0I063N2N00O2NXU31hjL1OO100O1OanNOYQ12enNOZQ180001N101N100O1N2N3O0O10O01O010O1O2O0O1O2O0O2O0000001O002N1O1O000000001N10001O00O1000O01000O01O10O0100O10001N10O01O100O1O1N2N2O1O1O100000000000O1000000001N1000000000001N1O2N101N1000001N1O2O3L`ef\\1"}, {"size": [1080, 1920], "counts": "PPYo1"}, {"size": [1080, 1920], "counts": "PPYo1"}, {"size": [1080, 1920], "counts": "m[en01ogd10hY\\N1O0O101O1O1O000010O000001O0O1000000000001O000001O01O000000001O000001O00000000000000001O0O1000O10O101O001O0O10001N10gdPm0"}, {"size": [1080, 1920], "counts": "PPYo1"}, {"size": [1080, 1920], "counts": "PPYo1"}, {"size": [1080, 1920], "counts": "PPYo1"}, {"size": [1080, 1920], "counts": "PPYo1"}, {"size": [1080, 1920], "counts": "im\\n01gQ11O1O2N001O010O01O001O001O01O1000O1O001O0000000010O2N1O01O001O001O00]j?OcU@102N1O00001O000000001O1O1O001O0000001O00001O0000000000001O000000001O00001O0000001O0000000000000001O0000000000000O100000001O00001N1001O0001O000O2O002M1O2N1000001O0Ogh_l0"}, {"size": [1080, 1920],