{"labels": [10, 12, 12, 0, 2, 3, 4, 6, 7, 8, 10, 11, 12, 12, 12, 7, 0, 1, 3, 4, 6, 7, 10, 11, 12, 10, 12, 2, 10, 12, 12, 7, 12, 12, 7, 8, 12, 1, 2, 3, 4, 7, 8, 9, 10, 12, 14, 15, 19, 20, 12, 10, 12, 0, 10, 12, 10, 2, 3, 4, 10, 12, 19, 10, 3, 4, 7, 10, 12, 1, 8, 10, 19, 12, 12, 12, 1, 6, 7, 8, 10, 11, 12, 19, 10, 12, 2, 3, 4, 10, 10, 2, 2, 4, 7, 8, 10, 12, 11, 12], "scores": [0.0, 0.0, 0.0, 0.0, 0.0, 0.0, 0.0, 0.0, 0.0, 0.0, 0.0, 0.0, 0.0, 0.0, 0.0, 0.00012484665785450488, 0.0, 0.0, 0.0, 0.0, 0.0, 0.0, 0.0, 0.0, 0.0, 0.0, 0.0, 0.0, 0.0, 0.0, 0.00018192709831055254, 0.00012567438534460962, 0.00012534916459117085, 0.0, 0.0, 0.0, 0.0, 0.0006150589906610548, 0.0005402854876592755, 0.6394855380058289, 0.0006346729351207614, 0.001895243301987648, 0.0013742215232923627, 0.0001423802605131641, 0.004751890432089567, 0.0002476820081938058, 0.0003211239818483591, 0.00018882766016758978, 0.00030009562033228576, 0.0001988275907933712, 0.0, 0.0002195292036049068, 0.0001092096499633044, 0.0, 0.0, 0.0, 0.0, 0.0, 0.0, 0.0, 0.0, 0.0, 0.0, 0.0, 0.0, 0.0, 0.0, 0.0, 0.0, 0.00027270676218904555, 0.0, 0.0, 0.9838677048683167, 0.0, 0.0001244119630428031, 0.0, 0.0, 0.0, 0.0, 0.0, 0.0, 0.0, 0.0, 0.0, 0.0, 0.0, 0.00384389772079885, 0.0004593248013406992, 0.21530811488628387, 0.0006398979458026588, 0.0, 0.0, 0.0, 0.0, 0.0, 0.0, 0.0, 0.0, 0.0005856487550772727, 0.0], "bboxes": [[0.0, 0.0, 0.0, 0.0], [0.0, 0.0, 0.0, 0.0], [0.0, 0.0, 0.0, 0.0], [0.0, 0.0, 0.0, 0.0], [0.0, 0.0, 0.0, 0.0], [0.0, 0.0, 0.0, 0.0], [0.0, 0.0, 0.0, 0.0], [0.0, 0.0, 0.0, 0.0], [0.0, 0.0, 0.0, 0.0], [0.0, 0.0, 0.0, 0.0], [0.0, 0.0, 0.0, 0.0], [0.0, 0.0, 0.0, 0.0], [0.0, 0.0, 0.0, 0.0], [0.0, 0.0, 0.0, 0.0], [0.0, 0.0, 0.0, 0.0], [418.0, 556.0, 494.0, 578.0], [0.0, 0.0, 0.0, 0.0], [0.0, 0.0, 0.0, 0.0], [0.0, 0.0, 0.0, 0.0], [0.0, 0.0, 0.0, 0.0], [0.0, 0.0, 0.0, 0.0], [0.0, 0.0, 0.0, 0.0], [0.0, 0.0, 0.0, 0.0], [0.0, 0.0, 0.0, 0.0], [0.0, 0.0, 0.0, 0.0], [0.0, 0.0, 0.0, 0.0], [0.0, 0.0, 0.0, 0.0], [0.0, 0.0, 0.0, 0.0], [0.0, 0.0, 0.0, 0.0], [0.0, 0.0, 0.0, 0.0], [1288.0, 486.0, 1308.0, 498.0], [1288.0, 485.0, 1310.0, 502.0], [1288.0, 485.0, 1310.0, 502.0], [0.0, 0.0, 0.0, 0.0], [0.0, 0.0, 0.0, 0.0], [0.0, 0.0, 0.0, 0.0], [0.0, 0.0, 0.0, 0.0], [401.0, 489.0, 1303.0, 576.0], [401.0, 489.0, 1303.0, 576.0], [401.0, 489.0, 1303.0, 576.0], [401.0, 489.0, 1303.0, 576.0], [401.0, 489.0, 1303.0, 576.0], [401.0, 489.0, 1303.0, 576.0], [401.0, 489.0, 1303.0, 576.0], [401.0, 489.0, 1303.0, 576.0], [401.0, 489.0, 1303.0, 576.0], [401.0, 489.0, 1303.0, 576.0], [401.0, 489.0, 1303.0, 576.0], [401.0, 489.0, 1303.0, 576.0], [401.0, 489.0, 1303.0, 576.0], [0.0, 0.0, 0.0, 0.0], [463.0, 559.0, 494.0, 573.0], [463.0, 559.0, 494.0, 573.0], [0.0, 0.0, 0.0, 0.0], [0.0, 0.0, 0.0, 0.0], [0.0, 0.0, 0.0, 0.0], [0.0, 0.0, 0.0, 0.0], [0.0, 0.0, 0.0, 0.0], [0.0, 0.0, 0.0, 0.0], [0.0, 0.0, 0.0, 0.0], [0.0, 0.0, 0.0, 0.0], [0.0, 0.0, 0.0, 0.0], [0.0, 0.0, 0.0, 0.0], [0.0, 0.0, 0.0, 0.0], [0.0, 0.0, 0.0, 0.0], [0.0, 0.0, 0.0, 0.0], [0.0, 0.0, 0.0, 0.0], [0.0, 0.0, 0.0, 0.0], [0.0, 0.0, 0.0, 0.0], [1210.0, 487.0, 1315.0, 560.0], [0.0, 0.0, 0.0, 0.0], [0.0, 0.0, 0.0, 0.0], [400.0, 398.0, 1607.0, 1080.0], [0.0, 0.0, 0.0, 0.0], [440.0, 490.0, 1299.0, 887.0], [0.0, 0.0, 0.0, 0.0], [0.0, 0.0, 0.0, 0.0], [0.0, 0.0, 0.0, 0.0], [0.0, 0.0, 0.0, 0.0], [0.0, 0.0, 0.0, 0.0], [0.0, 0.0, 0.0, 0.0], [0.0, 0.0, 0.0, 0.0], [0.0, 0.0, 0.0, 0.0], [0.0, 0.0, 0.0, 0.0], [0.0, 0.0, 0.0, 0.0], [0.0, 0.0, 0.0, 0.0], [1166.0, 526.0, 1167.0, 527.0], [1166.0, 526.0, 1167.0, 527.0], [1166.0, 526.0, 1167.0, 527.0], [1166.0, 526.0, 1167.0, 527.0], [0.0, 0.0, 0.0, 0.0], [0.0, 0.0, 0.0, 0.0], [0.0, 0.0, 0.0, 0.0], [0.0, 0.0, 0.0, 0.0], [0.0, 0.0, 0.0, 0.0], [0.0, 0.0, 0.0, 0.0], [0.0, 0.0, 0.0, 0.0], [0.0, 0.0, 0.0, 0.0], [930.0, 526.0, 1062.0, 547.0], [0.0, 0.0, 0.0, 0.0]], "masks": [{"size": [1080, 1920], "counts": "PPYo1"}, {"size": [1080, 1920], "counts": "PPYo1"}, {"size": [1080, 1920], "counts": "PPYo1"}, {"size": [1080, 1920], "counts": "PPYo1"}, {"size": [1080, 1920], "counts": "PPYo1"}, {"size": [1080, 1920], "counts": "PPYo1"}, {"size": [1080, 1920], "counts": "PPYo1"}, {"size": [1080, 1920], "counts": "PPYo1"}, {"size": [1080, 1920], "counts": "PPYo1"}, {"size": [1080, 1920], "counts": "PPYo1"}, {"size": [1080, 1920], "counts": "PPYo1"}, {"size": [1080, 1920], "counts": "PPYo1"}, {"size": [1080, 1920], "counts": "PPYo1"}, {"size": [1080, 1920], "counts": "PPYo1"}, {"size": [1080, 1920], "counts": "PPYo1"}, {"size": [1080, 1920], "counts": "U]i=2dQ12O2N2O00000000O010000O2O000O20O1O000001O0O01001O001O0000000O10001O001N1000001O00000000001O001N1000001O00O1000000010O0000O2O1N100O1O1O1O1O1O1N2N3M3N1OP^o^1"}, {"size": [1080, 1920], "counts": "PPYo1"}, {"size": [1080, 1920], "counts": "PPYo1"}, {"size": [1080, 1920], "counts": "PPYo1"}, {"size": [1080, 1920], "counts": "PPYo1"}, {"size": [1080, 1920], "counts": "PPYo1"}, {"size": [1080, 1920], "counts": "PPYo1"}, {"size": [1080, 1920], "counts": "PPYo1"}, {"size": [1080, 1920], "counts": "PPYo1"}, {"size": [1080, 1920], "counts": "PPYo1"}, {"size": [1080, 1920], "counts": "PPYo1"}, {"size": [1080, 1920], "counts": "PPYo1"}, {"size": [1080, 1920], "counts": "PPYo1"}, {"size": [1080, 1920], "counts": "PPYo1"}, {"size": [1080, 1920], "counts": "PPYo1"}, {"size": [1080, 1920], "counts": "^m^Z11fQ13M2O000O100O0010O001O0O1010000O100N2OkoTd0"}, {"size": [1080, 1920], "counts": "^m^Z13dQ13M2O1N101N100O0010O1N1O1N3O0100000O1N2O1O\\lRd0"}, {"size": [1080, 1920], "counts": "^m^Z13dQ13M2O1N101N100O0010O1N1O1N3O0100000O1N2O1O\\lRd0"}, {"size": [1080, 1920], "counts": "PPYo1"}, {"size": [1080, 1920], "counts": "PPYo1"}, {"size": [1080, 1920], "counts": "PPYo1"}, {"size": [1080, 1920], "counts": "PPYo1"}, {"size": [1080, 1920], "counts": "e^W=<VQ1<D8L2M4M3O000O2O00010O1O0100O2N1O010O001OO10000000000001O001O1O000001O0000000000001O0O101O0O10000O2O000O101O001O01O0O101O01O001O0001O00010O00001O00001N10001O0000000O100O1O100O1O01000O00100O010O1O1O2N1O1O100O1O100O1O2O0O101N101N1O2N1O101M2O1O2O2M2M2O2Oh^Pi00WaoVO5K101O0O010O10O001O1O1N2O1O1O`XZd0"}, {"size": [1080, 1920], "counts": "e^W=<VQ1<D8L2M4M3O000O2O00010O1O0100O2N1O010O001OO10000000000001O001O1O000001O0000000000001O0O101O0O10000O2O000O101O001O01O0O101O01O001O0001O00010O00001O00001N10001O0000000O100O1O100O1O01000O00100O010O1O1O2N1O1O100O1O100O1O2O0O101N101N1O2N1O101M2O1O2O2M2M2O2Oh^Pi00WaoVO5K101O0O010O10O001O1O1N2O1O1O`XZd0"}, {"size": [1080, 1920], "counts": "e^W=<VQ1<D8L2M4M3O000O2O00010O1O0100O2N1O010O001OO10000000000001O001O1O000001O0000000000001O0O101O0O10000O2O000O101O001O01O0O101O01O001O0001O00010O00001O00001N10001O0000000O100O1O100O1O01000O00100O010O1O1O2N1O1O100O1O100O1O2O0O101N101N1O2N1O101M2O1O2O2M2M2O2Oh^Pi00WaoVO5K101O0O010O10O001O1O1N2O1O1O`XZd0"}, {"size": [1080, 1920], "counts": "e^W=<VQ1<D8L2M4M3O000O2O00010O1O0100O2N1O010O001OO10000000000001O001O1O000001O0000000000001O0O101O0O10000O2O000O101O001O01O0O101O01O001O0001O00010O00001O00001N10001O0000000O100O1O100O1O01000O00100O010O1O1O2N1O1O100O1O100O1O2O0O101N101N1O2N1O101M2O1O2O2M2M2O2Oh^Pi00WaoVO5K101O0O010O10O001O1O1N2O1O1O`XZd0"}, {"size": [1080, 1920], "counts": "e^W=<VQ1<D8L2M4M3O000O2O00010O1O0100O2N1O010O001OO10000000000001O001O1O000001O0000000000001O0O101O0O10000O2O000O101O001O01O0O101O01O001O0001O00010O00001O00001N10001O0000000O100O1O100O1O01000O00100O010O1O1O2N1O1O100O1O100O1O2O0O101N101N1O2N1O101M2O1O2O2M2M2O2Oh^Pi00WaoVO5K101O0O010O10O001O1O1N2O1O1O`XZd0"}, {"size": [1080, 1920], "counts": "e^W=<VQ1<D8L2M4M3O000O2O00010O1O0100O2N1O010O001OO10000000000001O001O1O000001O0000000000001O0O101O0O10000O2O000O101O001O01O0O101O01O001O0001O00010O00001O00001N10001O0000000O100O1O100O1O01000O00100O010O1O1O2N1O1O100O1O100O1O2O0O101N101N1O2N1O101M2O1O2O2M2M2O2Oh^Pi00WaoVO5K101O0O010O10O001O1O1N2O1O1O`XZd0"}, {"size": [1080, 1920],