{"labels": [7, 10, 12, 12, 2, 3, 4, 6, 7, 8, 10, 11, 12, 12, 12, 0, 1, 2, 3, 4, 6, 7, 8, 10, 11, 12, 19, 2, 4, 10, 2, 10, 12, 2, 10, 10, 12, 12, 12, 2, 3, 4, 7, 8, 10, 12, 7, 12, 10, 10, 2, 3, 4, 10, 19, 10, 3, 4, 6, 7, 10, 12, 4, 2, 10, 19, 4, 10, 12, 1, 3, 7, 8, 10, 12, 19, 2, 10, 12, 2, 3, 4, 7, 10, 2, 4, 10, 12, 2, 12, 10, 2, 4, 6, 7, 8, 10, 12, 19, 3], "scores": [0.00018243936938233674, 0.00018618906324263662, 0.0005434220074675977, 0.0, 0.0, 0.0, 0.0, 0.0, 0.0, 0.0, 0.0, 0.0, 0.0, 0.0001289665960939601, 0.00020941537513863295, 0.0, 0.0, 0.0, 0.0, 0.0, 0.0, 0.0, 0.0, 0.0, 0.0, 0.0, 0.0, 0.0, 0.0, 0.0, 0.0, 0.0, 0.0, 0.0, 0.0, 0.0003641179937403649, 0.00012220372445881367, 0.00011340075434418395, 0.00011821497901109979, 0.00034376431722193956, 0.7449958324432373, 0.0002582554589025676, 0.0006574664730578661, 0.0011179830180481076, 0.0008998778066597879, 0.0002596823906060308, 0.00022451872064266354, 0.0, 0.0001823553175199777, 0.0002882098197005689, 0.0, 0.0, 0.0, 0.0, 0.0, 0.0, 0.0002750439161900431, 0.0002231437392765656, 0.00015519364387728274, 0.0002841065579559654, 0.00035614546504803, 0.0003707839932758361, 0.00018838304094970226, 0.0, 0.0, 0.9871430993080139, 0.0, 0.0, 0.0, 0.0020250892266631126, 0.00020529502944555134, 0.0008175411494448781, 0.007177178747951984, 0.004383177496492863, 0.0033744187094271183, 0.0006573458667844534, 0.0, 0.0, 0.0, 0.01079925149679184, 0.001309694373048842, 0.38733845949172974, 0.00014211295638233423, 0.0012834183871746063, 0.0, 0.0, 0.00021228057448752224, 0.00027688374393619597, 0.0, 0.0, 0.0, 0.0, 0.0, 0.0, 0.0, 0.0, 0.0, 0.0, 0.0, 0.0], "bboxes": [[442.0, 565.0, 554.0, 618.0], [442.0, 565.0, 554.0, 618.0], [442.0, 565.0, 554.0, 618.0], [0.0, 0.0, 0.0, 0.0], [0.0, 0.0, 0.0, 0.0], [0.0, 0.0, 0.0, 0.0], [0.0, 0.0, 0.0, 0.0], [0.0, 0.0, 0.0, 0.0], [0.0, 0.0, 0.0, 0.0], [0.0, 0.0, 0.0, 0.0], [0.0, 0.0, 0.0, 0.0], [0.0, 0.0, 0.0, 0.0], [0.0, 0.0, 0.0, 0.0], [541.0, 575.0, 547.0, 579.0], [450.0, 546.0, 547.0, 605.0], [0.0, 0.0, 0.0, 0.0], [0.0, 0.0, 0.0, 0.0], [0.0, 0.0, 0.0, 0.0], [0.0, 0.0, 0.0, 0.0], [0.0, 0.0, 0.0, 0.0], [0.0, 0.0, 0.0, 0.0], [0.0, 0.0, 0.0, 0.0], [0.0, 0.0, 0.0, 0.0], [0.0, 0.0, 0.0, 0.0], [0.0, 0.0, 0.0, 0.0], [0.0, 0.0, 0.0, 0.0], [0.0, 0.0, 0.0, 0.0], [0.0, 0.0, 0.0, 0.0], [0.0, 0.0, 0.0, 0.0], [0.0, 0.0, 0.0, 0.0], [0.0, 0.0, 0.0, 0.0], [0.0, 0.0, 0.0, 0.0], [0.0, 0.0, 0.0, 0.0], [0.0, 0.0, 0.0, 0.0], [0.0, 0.0, 0.0, 0.0], [401.0, 544.0, 545.0, 619.0], [477.0, 590.0, 478.0, 591.0], [469.0, 561.0, 506.0, 595.0], [473.0, 570.0, 495.0, 592.0], [403.0, 526.0, 555.0, 607.0], [403.0, 526.0, 555.0, 607.0], [403.0, 526.0, 555.0, 607.0], [403.0, 526.0, 555.0, 607.0], [403.0, 526.0, 555.0, 607.0], [403.0, 526.0, 555.0, 607.0], [403.0, 526.0, 555.0, 607.0], [1191.0, 485.0, 1323.0, 531.0], [0.0, 0.0, 0.0, 0.0], [438.0, 552.0, 546.0, 616.0], [402.0, 543.0, 561.0, 620.0], [0.0, 0.0, 0.0, 0.0], [0.0, 0.0, 0.0, 0.0], [0.0, 0.0, 0.0, 0.0], [0.0, 0.0, 0.0, 0.0], [0.0, 0.0, 0.0, 0.0], [0.0, 0.0, 0.0, 0.0], [447.0, 545.0, 542.0, 603.0], [447.0, 545.0, 542.0, 603.0], [447.0, 545.0, 542.0, 603.0], [447.0, 545.0, 542.0, 603.0], [447.0, 545.0, 542.0, 603.0], [447.0, 545.0, 542.0, 603.0], [1225.0, 521.0, 1230.0, 522.0], [0.0, 0.0, 0.0, 0.0], [0.0, 0.0, 0.0, 0.0], [404.0, 395.0, 1608.0, 1080.0], [0.0, 0.0, 0.0, 0.0], [0.0, 0.0, 0.0, 0.0], [0.0, 0.0, 0.0, 0.0], [405.0, 541.0, 565.0, 621.0], [405.0, 541.0, 565.0, 621.0], [405.0, 541.0, 565.0, 621.0], [405.0, 541.0, 565.0, 621.0], [405.0, 541.0, 565.0, 621.0], [405.0, 541.0, 565.0, 621.0], [405.0, 541.0, 565.0, 621.0], [0.0, 0.0, 0.0, 0.0], [0.0, 0.0, 0.0, 0.0], [0.0, 0.0, 0.0, 0.0], [673.0, 502.0, 1144.0, 545.0], [673.0, 502.0, 1144.0, 545.0], [673.0, 502.0, 1144.0, 545.0], [673.0, 502.0, 1144.0, 545.0], [673.0, 502.0, 1144.0, 545.0], [0.0, 0.0, 0.0, 0.0], [0.0, 0.0, 0.0, 0.0], [476.0, 589.0, 479.0, 592.0], [476.0, 589.0, 479.0, 592.0], [0.0, 0.0, 0.0, 0.0], [0.0, 0.0, 0.0, 0.0], [0.0, 0.0, 0.0, 0.0], [0.0, 0.0, 0.0, 0.0], [0.0, 0.0, 0.0, 0.0], [0.0, 0.0, 0.0, 0.0], [0.0, 0.0, 0.0, 0.0], [0.0, 0.0, 0.0, 0.0], [0.0, 0.0, 0.0, 0.0], [0.0, 0.0, 0.0, 0.0], [0.0, 0.0, 0.0, 0.0], [0.0, 0.0, 0.0, 0.0]], "masks": [{"size": [1080, 1920], "counts": "ehb>2eQ11O1M4N1L4N101O001N3M2OGPoNMPQ12PoNNPQ12PoNOPQ1OQoN2nP1OQoN1mP11RoN0nP1<01O000N210OO1000001O2O0O100O01N1O101N11O001O000O10001O01N20O010O1O1O2O00001O001O2NO1N2M3O0101N2O1N2O0O2O0O101N1O2M2O1O2KY\\7OjcH3O010O2O0O1N2N2O1O001O001O0000O10001O1O001N2O1N3MbTP]1"}, {"size": [1080, 1920], "counts": "ehb>2eQ11O1M4N1L4N101O001N3M2OGPoNMPQ12PoNNPQ12PoNOPQ1OQoN2nP1OQoN1mP11RoN0nP1<01O000N210OO1000001O2O0O100O01N1O101N11O001O000O10001O01N20O010O1O1O2O00001O001O2NO1N2M3O0101N2O1N2O0O2O0O101N1O2M2O1O2KY\\7OjcH3O010O2O0O1N2N2O1O001O001O0000O10001O1O001N2O1N3MbTP]1"}, {"size": [1080, 1920], "counts": "ehb>2eQ11O1M4N1L4N101O001N3M2OGPoNMPQ12PoNNPQ12PoNOPQ1OQoN2nP1OQoN1mP11RoN0nP1<01O000N210OO1000001O2O0O100O01N1O101N11O001O000O10001O01N20O010O1O1O2O00001O001O2NO1N2M3O0101N2O1N2O0O2O0O101N1O2M2O1O2KY\\7OjcH3O010O2O0O1N2N2O1O001O001O0000O10001O1O001N2O1N3MbTP]1"}, {"size": [1080, 1920], "counts": "PPYo1"}, {"size": [1080, 1920], "counts": "PPYo1"}, {"size": [1080, 1920], "counts": "PPYo1"}, {"size": [1080, 1920], "counts": "PPYo1"}, {"size": [1080, 1920], "counts": "PPYo1"}, {"size": [1080, 1920], "counts": "PPYo1"}, {"size": [1080, 1920], "counts": "PPYo1"}, {"size": [1080, 1920], "counts": "PPYo1"}, {"size": [1080, 1920], "counts": "PPYo1"}, {"size": [1080, 1920], "counts": "PPYo1"}, {"size": [1080, 1920], "counts": "hTka02eQ12O00O2O1Og`W]1"}, {"size": [1080, 1920], "counts": "WVk>4WQ1MSoN6lP10knN3TQ1900001O0@mnN:TQ1FlnN:SQ1HlnN8TQ16000O02O00000O2O0O2O01N100O10O1M2L4O02O10O1OO2O001N10O2L4O0010O1O1O10O0OO0111O100O2O0ON3O1001N2O1N100O10O0B\\oNIeP15^oNJcP14_oNJcP14^oNKcP13aoNJaP15a02N100jnNDnP1<7N2O1O1O0101N1mnNFhP1:WoNGiP18=O001O000000onNIaP17]oNLbP14^oNMaP13^oNOaP11_oN0aP1N`oN2aP1L`oN4aP1JaoN4SQ1O1Mm`W]1"}, {"size": [1080, 1920], "counts": "PPYo1"}, {"size": [1080, 1920], "counts": "PPYo1"}, {"size": [1080, 1920], "counts": "PPYo1"}, {"size": [1080, 1920], "counts": "PPYo1"}, {"size": [1080, 1920], "counts": "PPYo1"}, {"size": [1080, 1920], "counts": "PPYo1"}, {"size": [1080, 1920], "counts": "PPYo1"}, {"size": [1080, 1920], "counts": "PPYo1"}, {"size": [1080, 1920], "counts": "PPYo1"}, {"size": [1080, 1920], "counts": "PPYo1"}, {"size": [1080, 1920], "counts": "PPYo1"}, {"size": [1080, 1920], "counts": "PPYo1"}, {"size": [1080, 1920], "counts": "PPYo1"}, {"size": [1080, 1920], "counts": "PPYo1"}, {"size": [1080, 1920], "counts": "PPYo1"}, {"size": [1080, 1920], "counts": "PPYo1"}, {"size": [1080, 1920], "counts": "PPYo1"}, {"size": [1080, 1920], "counts": "PPYo1"}, {"size": [1080, 1920], "counts": "PPYo1"}, {"size": [1080, 1920], "counts": "PPYo1"}, {"size": [1080, 1920], "counts": "e_W=7XQ1?knN\\OhP1o0K4L6J5L1O0000001O001O001O1O001O001O00001N101O00000000000O2O00000000001O000000001O00000000000001O00001O0000001O001O00000O1O1O1O1O001O0001O0O2O0100O001O001O00001O001N2O010O10O010O0100O1O10O010000O100O1O100O1O010O1O100O100O100N3N100O1N2N2O1O100O1N20010O00000O001O101L3O2O0O1O2O0O3M2N3LQeY]1"}, {"size": [1080, 1920], "counts": "Veg?1iZa_1"}, {"size": [1080, 1920], "counts": "SW_?8_Q1100001O0000000000N1O10N3ON201O0N201ON2O11O100O0101N2HdnN2bQ1Oi[7OW][^1"}, {"size": [1080, 1920], "counts": "V^c?1fQ1101O0000Omb;O^`F0glM0n[n^1"}, {"size": [1080, 1920], "counts": "UbY=>RQ1?G5K3N2N1O2O101O00O10O6J100O0100O0100O11O000O1O00001O001O03N0O0001O01O1O1O3M2N1O1O2N1O1O0O2O01O000O101O001O00O2O001N10O10O00100O010O010O010O01O1O1O1O10O01O1O1O001O1O100O010O1O100O100O1O1O1O010O100O100O101O0O1000000O100O101N1O100O1O1O2O0O100O10000O1000000O01000O100O1O2N100O100O10001N1O1000000O2O1K5M6KiSo\\1"}, {"size": [1080, 1920],