{"labels": [12, 2, 3, 4, 6, 7, 8, 10, 11, 12, 10, 12, 10, 7, 1, 3, 4, 6, 7, 8, 10, 11, 10, 2, 1, 2, 10, 10, 7, 12, 7, 10, 12, 7, 10, 1, 2, 3, 4, 7, 8, 10, 14, 7, 12, 10, 7, 0, 10, 1, 2, 3, 4, 7, 10, 19, 3, 4, 6, 7, 10, 12, 1, 2, 10, 19, 7, 10, 10, 12, 1, 7, 8, 10, 12, 19, 1, 2, 3, 4, 7, 8, 10, 2, 10, 12, 2, 2, 4, 6, 7, 8, 10, 12, 19, 1, 6, 11, 12, 10], "scores": [0.0, 0.0, 0.0, 0.0, 0.0, 0.0, 0.0, 0.0, 0.0, 0.0, 0.0002665368083398789, 0.00021986750653013587, 0.00017191536608152092, 0.0, 0.0015423126751556993, 0.00018806166190188378, 0.000191157465451397, 0.0075980294495821, 0.00030718158814124763, 0.000788578821811825, 0.001848581712692976, 0.00016896476154215634, 0.0, 0.0, 0.0002133188972948119, 0.0, 0.0, 0.00027138678706251085, 0.0, 0.0, 0.0, 0.0, 0.0, 0.0, 0.0, 0.00017596688121557236, 0.00042423311970196664, 0.5172061324119568, 0.005694837309420109, 0.00032712676329538226, 0.0010488561820238829, 0.0005529569461941719, 0.0001662099821260199, 0.00018865962920244783, 0.0, 0.00044531101593747735, 0.0, 0.0, 0.0, 0.0002320191269973293, 0.05843213573098183, 0.0005581093719229102, 0.0027254519518464804, 0.00020216406846884638, 0.0012785197468474507, 0.0002480883267708123, 0.0, 0.0, 0.0, 0.0, 0.0, 0.0, 0.00034830658114515245, 0.0, 0.0, 0.9876520037651062, 0.0, 0.0, 0.0008330274140462279, 0.00014876796922180802, 0.0018337490037083626, 0.0006841843714937568, 0.005266370717436075, 0.004659911617636681, 0.0015318954829126596, 0.0007234329241327941, 0.00020720837346743792, 0.015000447630882263, 0.0007199954707175493, 0.08886867016553879, 0.0004221857525408268, 0.00016098745982162654, 0.0020957193337380886, 0.0, 0.0, 0.0, 0.0, 0.0, 0.0, 0.0, 0.0, 0.0, 0.0, 0.0, 0.0, 0.0001327077770838514, 0.00016160975792445242, 0.0010248699691146612, 0.0001642620045458898, 0.0], "bboxes": [[0.0, 0.0, 0.0, 0.0], [0.0, 0.0, 0.0, 0.0], [0.0, 0.0, 0.0, 0.0], [0.0, 0.0, 0.0, 0.0], [0.0, 0.0, 0.0, 0.0], [0.0, 0.0, 0.0, 0.0], [0.0, 0.0, 0.0, 0.0], [0.0, 0.0, 0.0, 0.0], [0.0, 0.0, 0.0, 0.0], [0.0, 0.0, 0.0, 0.0], [475.0, 553.0, 555.0, 598.0], [475.0, 553.0, 555.0, 598.0], [474.0, 553.0, 556.0, 600.0], [0.0, 0.0, 0.0, 0.0], [988.0, 537.0, 1032.0, 546.0], [988.0, 537.0, 1032.0, 546.0], [988.0, 537.0, 1032.0, 546.0], [988.0, 537.0, 1032.0, 546.0], [988.0, 537.0, 1032.0, 546.0], [988.0, 537.0, 1032.0, 546.0], [988.0, 537.0, 1032.0, 546.0], [988.0, 537.0, 1032.0, 546.0], [0.0, 0.0, 0.0, 0.0], [0.0, 0.0, 0.0, 0.0], [845.0, 494.0, 1087.0, 552.0], [0.0, 0.0, 0.0, 0.0], [0.0, 0.0, 0.0, 0.0], [421.0, 557.0, 548.0, 605.0], [0.0, 0.0, 0.0, 0.0], [0.0, 0.0, 0.0, 0.0], [0.0, 0.0, 0.0, 0.0], [0.0, 0.0, 0.0, 0.0], [0.0, 0.0, 0.0, 0.0], [0.0, 0.0, 0.0, 0.0], [0.0, 0.0, 0.0, 0.0], [896.0, 509.0, 1108.0, 553.0], [896.0, 509.0, 1108.0, 553.0], [896.0, 509.0, 1108.0, 553.0], [896.0, 509.0, 1108.0, 553.0], [896.0, 509.0, 1108.0, 553.0], [896.0, 509.0, 1108.0, 553.0], [896.0, 509.0, 1108.0, 553.0], [896.0, 509.0, 1108.0, 553.0], [897.0, 502.0, 1264.0, 552.0], [0.0, 0.0, 0.0, 0.0], [985.0, 537.0, 1108.0, 552.0], [0.0, 0.0, 0.0, 0.0], [0.0, 0.0, 0.0, 0.0], [0.0, 0.0, 0.0, 0.0], [674.0, 503.0, 690.0, 518.0], [674.0, 503.0, 690.0, 518.0], [674.0, 503.0, 690.0, 518.0], [674.0, 503.0, 690.0, 518.0], [674.0, 503.0, 690.0, 518.0], [674.0, 503.0, 690.0, 518.0], [674.0, 503.0, 690.0, 518.0], [0.0, 0.0, 0.0, 0.0], [0.0, 0.0, 0.0, 0.0], [0.0, 0.0, 0.0, 0.0], [0.0, 0.0, 0.0, 0.0], [0.0, 0.0, 0.0, 0.0], [0.0, 0.0, 0.0, 0.0], [848.0, 497.0, 1020.0, 543.0], [0.0, 0.0, 0.0, 0.0], [0.0, 0.0, 0.0, 0.0], [403.0, 390.0, 1609.0, 1080.0], [0.0, 0.0, 0.0, 0.0], [0.0, 0.0, 0.0, 0.0], [464.0, 551.0, 558.0, 606.0], [464.0, 551.0, 558.0, 606.0], [419.0, 550.0, 580.0, 609.0], [419.0, 550.0, 580.0, 609.0], [419.0, 550.0, 580.0, 609.0], [419.0, 550.0, 580.0, 609.0], [419.0, 550.0, 580.0, 609.0], [419.0, 550.0, 580.0, 609.0], [674.0, 502.0, 690.0, 517.0], [674.0, 502.0, 690.0, 517.0], [674.0, 502.0, 690.0, 517.0], [674.0, 502.0, 690.0, 517.0], [674.0, 502.0, 690.0, 517.0], [674.0, 502.0, 690.0, 517.0], [674.0, 502.0, 690.0, 517.0], [0.0, 0.0, 0.0, 0.0], [0.0, 0.0, 0.0, 0.0], [0.0, 0.0, 0.0, 0.0], [0.0, 0.0, 0.0, 0.0], [0.0, 0.0, 0.0, 0.0], [0.0, 0.0, 0.0, 0.0], [0.0, 0.0, 0.0, 0.0], [0.0, 0.0, 0.0, 0.0], [0.0, 0.0, 0.0, 0.0], [0.0, 0.0, 0.0, 0.0], [0.0, 0.0, 0.0, 0.0], [0.0, 0.0, 0.0, 0.0], [991.0, 537.0, 1068.0, 550.0], [991.0, 537.0, 1068.0, 550.0], [991.0, 537.0, 1068.0, 550.0], [991.0, 537.0, 1068.0, 550.0], [0.0, 0.0, 0.0, 0.0]], "masks": [{"size": [1080, 1920], "counts": "PPYo1"}, {"size": [1080, 1920], "counts": "PPYo1"}, {"size": [1080, 1920], "counts": "PPYo1"}, {"size": [1080, 1920], "counts": "PPYo1"}, {"size": [1080, 1920], "counts": "PPYo1"}, {"size": [1080, 1920], "counts": "PPYo1"}, {"size": [1080, 1920], "counts": "PPYo1"}, {"size": [1080, 1920], "counts": "PPYo1"}, {"size": [1080, 1920], "counts": "PPYo1"}, {"size": [1080, 1920], "counts": "PPYo1"}, {"size": [1080, 1920], "counts": "jae?1fQ11M5M2O01O00PW4IViK101N1000OaZ]10]ebN300O1N2O00010O100O2O0O0100000000O2N2M_So\\1"}, {"size": [1080, 1920], "counts": "jae?1fQ11M5M2O01O00PW4IViK101N1000OaZ]10]ebN300O1N2O00010O100O2O0O0100000000O2N2M_So\\1"}, {"size": [1080, 1920], "counts": "R`d?1fQ1101L6L20O001O1O4J\\S2OflM2O0`nNNYQ14dnNN\\Q12enNM[Q127MgQ10[nN001O2ijS11RUlN4M1O001O010O001O0001000O10000O1000000001N103IgQn\\1"}, {"size": [1080, 1920], "counts": "PPYo1"}, {"size": [1080, 1920], "counts": "mabP11gQ11N100O1O1000000O100000000000000000001O0000000000001O00000001O00001O1O001O00000010O000RQXm0"}, {"size": [1080, 1920], "counts": "mabP11gQ11N100O1O1000000O100000000000000000001O0000000000001O00000001O00001O1O001O00000010O000RQXm0"}, {"size": [1080, 1920], "counts": "mabP11gQ11N100O1O1000000O100000000000000000001O0000000000001O00000001O00001O1O001O00000010O000RQXm0"}, {"size": [1080, 1920], "counts": "mabP11gQ11N100O1O1000000O100000000000000000001O0000000000001O00000001O00001O1O001O00000010O000RQXm0"}, {"size": [1080, 1920], "counts": "mabP11gQ11N100O1O1000000O100000000000000000001O0000000000001O00000001O00001O1O001O00000010O000RQXm0"}, {"size": [1080, 1920], "counts": "mabP11gQ11N100O1O1000000O100000000000000000001O0000000000001O00000001O00001O1O001O00000010O000RQXm0"}, {"size": [1080, 1920], "counts": "mabP11gQ11N100O1O1000000O100000000000000000001O0000000000001O00000001O00001O1O001O00000010O000RQXm0"}, {"size": [1080, 1920], "counts": "mabP11gQ11N100O1O1000000O100000000000000000001O0000000000001O00000001O00001O1O001O00000010O000RQXm0"}, {"size": [1080, 1920], "counts": "PPYo1"}, {"size": [1080, 1920], "counts": "PPYo1"}, {"size": [1080, 1920], "counts": "Wfkk04cQ11001O01O00O2O001O00dVZ4O]ieK1N100O1O1000000O10000000000000000000000000001O0000000000001O01O00001O1O000O2O01O0001O0OP__10Pa`N10000O1000001O01NeP^k0"}, {"size": [1080, 1920], "counts": "PPYo1"}, {"size": [1080, 1920], "counts": "PPYo1"}, {"size": [1080, 1920], "counts": "ibl=3fQ1OgS21XlM2N101O0O1N100O110000O10O0000O1O1N2O100O11N1`nNMZQ1:O0O101O00001O0O10001O0O101N10000000000O1000001O00001O0O0100000000000O1O001N11O1O10O0O2L22N11O0N201O001OO1O2O1N2L5N2M4Gf]k0IgbTO2N2O0O1O001000O100O1O1O2Nc_V]1"}, {"size": [1080, 1920], "counts": "PPYo1"}, {"size": [1080, 1920], "counts": "PPYo1"}, {"size": [1080, 1920], "counts": "PPYo1"}, {"size": [1080, 1920], "counts": "PPYo1"}, {"size": [1080, 1920], "counts": "PPYo1"}, {"size": [1080, 1920], "counts": "PPYo1"}, {"size": [1080, 1920], "counts": "PPYo1"}, {"size": [1080, 1920], "counts": "n_am01fQ13N1O10O010O01O1O00010O00010O010O010O010O1O010O010O010O0010O0010O01O100O010O001O1O1O1Odba1O]]^N1N1O1O10000O100000000O100000000000000000000000001O0000000010O00001O1O00001O0000001O00001NlX5OVgJ0000001O00000010O000000kma00UR^O001O000O1O1O1O101N0100000000000O11O1N2LRe<OR[C1N100O2O00ORlgj0"}, {"size": [1080, 1920],