{"labels": [12, 12, 7, 12, 2, 3, 4, 6, 7, 8, 10, 11, 10, 12, 1, 3, 4, 6, 7, 8, 10, 10, 10, 12, 1, 6, 8, 10, 4, 12, 7, 10, 12, 7, 7, 10, 1, 2, 3, 4, 7, 8, 10, 14, 12, 10, 12, 7, 10, 1, 2, 3, 4, 10, 12, 19, 10, 3, 7, 10, 12, 1, 2, 10, 19, 10, 3, 7, 10, 12, 1, 2, 3, 4, 7, 8, 10, 11, 12, 19, 21, 10, 2, 3, 4, 7, 10, 2, 10, 12, 2, 2, 6, 7, 8, 10, 12, 19, 1, 22], "scores": [0.00012121479085180908, 0.0, 0.0, 0.0, 0.0, 0.0, 0.0, 0.0, 0.0, 0.0, 0.0, 0.0, 0.0, 0.0, 0.0015838281251490116, 0.00025555462343618274, 0.00031491086701862514, 0.011440970934927464, 0.00036257508327253163, 0.00043506911606527865, 0.0006564969662576914, 0.0, 0.0, 0.0, 0.0005349739803932607, 0.0002072187780868262, 0.00023359512852039188, 0.002749781124293804, 0.00018923732568509877, 0.0, 0.0, 0.0, 0.0, 0.0, 0.0, 0.0, 0.00019598785729613155, 0.0003496519348118454, 0.5216931700706482, 0.0027056175749748945, 0.0005397448549047112, 0.0010423712665215135, 0.0002650424721650779, 0.00019066213280893862, 0.0, 0.0, 0.0, 0.0, 0.0, 0.00013020902406424284, 0.010820678435266018, 0.0007068028789944947, 0.00031897530425339937, 0.00044930618605576456, 0.00012764392886310816, 0.00029619885026477277, 0.0, 0.0, 0.0, 0.0, 0.0, 0.0013981674565002322, 0.0, 0.0, 0.9873619675636292, 0.00017241020395886153, 0.0, 0.0, 0.0, 0.0, 0.004948523826897144, 0.00018909286882262677, 0.0005029973690398037, 0.000359414319973439, 0.0013483470538631082, 0.04796545207500458, 0.014528222382068634, 0.0003830257337540388, 0.00345062930136919, 0.0016000117175281048, 0.00018167999223805964, 0.0, 0.006338850129395723, 0.0008794119930826128, 0.01228216290473938, 0.00019286209135316312, 0.0005759375053457916, 0.0, 0.0, 0.0, 0.0, 0.0, 0.0, 0.0, 0.0, 0.0, 0.0, 0.0, 0.00024004362057894468, 0.00017877989739645272], "bboxes": [[505.0, 561.0, 511.0, 565.0], [0.0, 0.0, 0.0, 0.0], [0.0, 0.0, 0.0, 0.0], [0.0, 0.0, 0.0, 0.0], [0.0, 0.0, 0.0, 0.0], [0.0, 0.0, 0.0, 0.0], [0.0, 0.0, 0.0, 0.0], [0.0, 0.0, 0.0, 0.0], [0.0, 0.0, 0.0, 0.0], [0.0, 0.0, 0.0, 0.0], [0.0, 0.0, 0.0, 0.0], [0.0, 0.0, 0.0, 0.0], [0.0, 0.0, 0.0, 0.0], [0.0, 0.0, 0.0, 0.0], [1005.0, 530.0, 1056.0, 543.0], [1005.0, 530.0, 1056.0, 543.0], [1005.0, 530.0, 1056.0, 543.0], [1005.0, 530.0, 1056.0, 543.0], [1005.0, 530.0, 1056.0, 543.0], [1005.0, 530.0, 1056.0, 543.0], [1005.0, 530.0, 1056.0, 543.0], [0.0, 0.0, 0.0, 0.0], [0.0, 0.0, 0.0, 0.0], [0.0, 0.0, 0.0, 0.0], [996.0, 529.0, 1064.0, 545.0], [996.0, 529.0, 1064.0, 545.0], [404.0, 537.0, 557.0, 585.0], [404.0, 537.0, 557.0, 585.0], [985.0, 529.0, 1074.0, 546.0], [0.0, 0.0, 0.0, 0.0], [0.0, 0.0, 0.0, 0.0], [0.0, 0.0, 0.0, 0.0], [0.0, 0.0, 0.0, 0.0], [0.0, 0.0, 0.0, 0.0], [0.0, 0.0, 0.0, 0.0], [0.0, 0.0, 0.0, 0.0], [990.0, 528.0, 1064.0, 546.0], [990.0, 528.0, 1064.0, 546.0], [990.0, 528.0, 1064.0, 546.0], [990.0, 528.0, 1064.0, 546.0], [990.0, 528.0, 1064.0, 546.0], [990.0, 528.0, 1064.0, 546.0], [990.0, 528.0, 1064.0, 546.0], [990.0, 528.0, 1064.0, 546.0], [0.0, 0.0, 0.0, 0.0], [0.0, 0.0, 0.0, 0.0], [0.0, 0.0, 0.0, 0.0], [0.0, 0.0, 0.0, 0.0], [0.0, 0.0, 0.0, 0.0], [677.0, 504.0, 691.0, 520.0], [677.0, 504.0, 691.0, 520.0], [677.0, 504.0, 691.0, 520.0], [677.0, 504.0, 691.0, 520.0], [677.0, 504.0, 691.0, 520.0], [677.0, 504.0, 691.0, 520.0], [677.0, 504.0, 691.0, 520.0], [0.0, 0.0, 0.0, 0.0], [0.0, 0.0, 0.0, 0.0], [0.0, 0.0, 0.0, 0.0], [0.0, 0.0, 0.0, 0.0], [0.0, 0.0, 0.0, 0.0], [1009.0, 532.0, 1044.0, 541.0], [0.0, 0.0, 0.0, 0.0], [0.0, 0.0, 0.0, 0.0], [402.0, 390.0, 1609.0, 1080.0], [417.0, 549.0, 557.0, 585.0], [0.0, 0.0, 0.0, 0.0], [0.0, 0.0, 0.0, 0.0], [0.0, 0.0, 0.0, 0.0], [0.0, 0.0, 0.0, 0.0], [404.0, 529.0, 561.0, 586.0], [404.0, 529.0, 561.0, 586.0], [404.0, 529.0, 561.0, 586.0], [404.0, 529.0, 561.0, 586.0], [404.0, 529.0, 561.0, 586.0], [404.0, 529.0, 561.0, 586.0], [404.0, 529.0, 561.0, 586.0], [404.0, 529.0, 561.0, 586.0], [404.0, 529.0, 561.0, 586.0], [404.0, 529.0, 561.0, 586.0], [404.0, 529.0, 561.0, 586.0], [0.0, 0.0, 0.0, 0.0], [681.0, 505.0, 690.0, 515.0], [681.0, 505.0, 690.0, 515.0], [681.0, 505.0, 690.0, 515.0], [681.0, 505.0, 690.0, 515.0], [681.0, 505.0, 690.0, 515.0], [0.0, 0.0, 0.0, 0.0], [0.0, 0.0, 0.0, 0.0], [0.0, 0.0, 0.0, 0.0], [0.0, 0.0, 0.0, 0.0], [0.0, 0.0, 0.0, 0.0], [0.0, 0.0, 0.0, 0.0], [0.0, 0.0, 0.0, 0.0], [0.0, 0.0, 0.0, 0.0], [0.0, 0.0, 0.0, 0.0], [0.0, 0.0, 0.0, 0.0], [0.0, 0.0, 0.0, 0.0], [1005.0, 528.0, 1081.0, 547.0], [404.0, 529.0, 561.0, 586.0]], "masks": [{"size": [1080, 1920], "counts": "YUe`02fQ1001O001O0W`]^1"}, {"size": [1080, 1920], "counts": "PPYo1"}, {"size": [1080, 1920], "counts": "PPYo1"}, {"size": [1080, 1920], "counts": "PPYo1"}, {"size": [1080, 1920], "counts": "PPYo1"}, {"size": [1080, 1920], "counts": "PPYo1"}, {"size": [1080, 1920], "counts": "PPYo1"}, {"size": [1080, 1920], "counts": "PPYo1"}, {"size": [1080, 1920], "counts": "PPYo1"}, {"size": [1080, 1920], "counts": "PPYo1"}, {"size": [1080, 1920], "counts": "PPYo1"}, {"size": [1080, 1920], "counts": "PPYo1"}, {"size": [1080, 1920], "counts": "PPYo1"}, {"size": [1080, 1920], "counts": "PPYo1"}, {"size": [1080, 1920], "counts": "]_TQ12fQ1001O000O101N100O2O0000000001O0001O0001O0001O01O0000010O00001O00010N101O0000010O00002N1O0001O000000OTg^l0"}, {"size": [1080, 1920], "counts": "]_TQ12fQ1001O000O101N100O2O0000000001O0001O0001O0001O01O0000010O00001O00010N101O0000010O00002N1O0001O000000OTg^l0"}, {"size": [1080, 1920], "counts": "]_TQ12fQ1001O000O101N100O2O0000000001O0001O0001O0001O01O0000010O00001O00010N101O0000010O00002N1O0001O000000OTg^l0"}, {"size": [1080, 1920], "counts": "]_TQ12fQ1001O000O101N100O2O0000000001O0001O0001O0001O01O0000010O00001O00010N101O0000010O00002N1O0001O000000OTg^l0"}, {"size": [1080, 1920], "counts": "]_TQ12fQ1001O000O101N100O2O0000000001O0001O0001O0001O01O0000010O00001O00010N101O0000010O00002N1O0001O000000OTg^l0"}, {"size": [1080, 1920], "counts": "]_TQ12fQ1001O000O101N100O2O0000000001O0001O0001O0001O01O0000010O00001O00010N101O0000010O00002N1O0001O000000OTg^l0"}, {"size": [1080, 1920], "counts": "]_TQ12fQ1001O000O101N100O2O0000000001O0001O0001O0001O01O0000010O00001O00010N101O0000010O00002N1O0001O000000OTg^l0"}, {"size": [1080, 1920], "counts": "PPYo1"}, {"size": [1080, 1920], "counts": "PPYo1"}, {"size": [1080, 1920], "counts": "PPYo1"}, {"size": [1080, 1920], "counts": "fojP11fQ11O2O000O2O00001N10000000001N10000000001O000000001O0001O000000010O001O000010O0001O00001O001O01O00010O0000000001O0000001O1O000O101O001NSYVl0"}, {"size": [1080, 1920], "counts": "fojP11fQ11O2O000O2O00001N10000000001N10000000001O000000001O0001O000000010O001O000010O0001O00001O001O01O00010O0000000001O0000001O1O000O101O001NSYVl0"}, {"size": [1080, 1920], "counts": "YdZ=<RQ1>J4M1O3N1N2O001O1O1N2O001O00000010O001O010O1O0000001O00100O1N2O1N1000000000001O001O0000001O000O101O0O10000O1001O00000O10000O2O0O1O2N100O100O10000O101O00000O2N100O10001O00000O10000O10000O10001O0001N100000001O00000O100O100O1O100O1O100O100O2N1O1N2O1O2N1O101N2O1N10000O100O101O0O101O0O2O001N10000O100O2O0O3MRPm\\1"}, {"size": [1080, 1920], "counts": "YdZ=<RQ1>J4M1O3N1N2O001O1O1N2O001O00000010O001O010O1O0000001O00100O1N2O1N1000000000001O001O0000001O000O101O0O10000O1001O00000O10000O2O0O1O2N100O100O10000O101O00000O2N100O10001O00000O10000O10000O10001O0001N100000001O00000O100O100O1O100O1O100O100O2N1O1N2O1O2N1O101N2O1N10000O100O101O0O101O0O2O001N10000O100O2O0O3MRPm\\1"}, {"size": [1080, 1920], "counts": "a\\_P11gQ10O1N2000000O10O10O100O100O1000000000000000000O10001O0000000000000000000000001O01O00000010O01O00010O0001O01O001O0001O01O01O00001O0000000001O0000001O01O0001N2O1N10000001002M0000_gkk0"}, {"size": [1080, 1920], "counts": "PPYo1"}, {"size": [1080, 1920], "counts": "PPYo1"}, {"size": [1080, 1920], "counts": "PPYo1"}, {"size": [1080, 1920], "counts": "PPYo1"}, {"size": [1080, 1920], "counts": "PPYo1"}, {"size": [1080, 1920], "counts": "PPYo1"}, {"size": [1080, 1920], "counts": "PPYo1"}, {"size": [1080, 1920],