{"labels": [10, 12, 2, 3, 4, 6, 7, 8, 10, 11, 10, 7, 0, 1, 2, 3, 4, 6, 7, 8, 10, 11, 12, 19, 10, 10, 10, 4, 12, 7, 10, 1, 2, 3, 4, 7, 8, 9, 10, 14, 19, 3, 6, 7, 10, 12, 12, 10, 12, 10, 0, 10, 1, 2, 3, 4, 10, 14, 19, 7, 10, 12, 1, 10, 10, 19, 7, 10, 12, 1, 7, 8, 10, 11, 12, 19, 10, 1, 2, 3, 4, 6, 7, 8, 10, 14, 2, 10, 12, 2, 10, 2, 7, 10, 12, 1, 6, 11, 12, 1], "scores": [0.0, 0.0, 0.0, 0.0, 0.0, 0.0, 0.0, 0.0, 0.0, 0.0, 0.00019591259479057044, 0.0, 0.0, 0.0, 0.0, 0.0, 0.0, 0.0, 0.0, 0.0, 0.0, 0.0, 0.0, 0.0, 0.0, 0.0, 0.0006885949987918139, 0.00010272512008668855, 0.0, 0.0, 0.0, 0.0005161679000593722, 0.0005418828804977238, 0.722190260887146, 0.0015154078137129545, 0.0008505532168783247, 0.0012104881461709738, 0.00017503132403362542, 0.004534672945737839, 0.0002564120222814381, 0.0002413286129012704, 0.0, 0.0, 0.0, 0.0, 0.0, 0.0, 0.00028774942620657384, 9.355644579045475e-05, 0.00020678223518189043, 0.0, 0.0, 0.0004298483836464584, 0.029077978804707527, 0.00026030713343061507, 0.007601205259561539, 0.001435740734450519, 0.00013645643775817007, 0.0002037669182755053, 0.00013718447007704526, 0.00018064890173263848, 0.00010817114525707439, 0.00015274733596015722, 0.0004770164377987385, 0.0, 0.987051248550415, 0.0, 0.0, 0.0, 0.0019467638339847326, 0.00040190908475778997, 0.009123028255999088, 0.005218492355197668, 0.00016702048014849424, 0.0012219480704516172, 0.001039407798089087, 0.0, 0.0003752001211978495, 0.006236494053155184, 0.000825144408736378, 0.13903121650218964, 0.0001457471662433818, 0.00031566768302582204, 0.0001700828579487279, 0.001857674797065556, 0.00014237053983379155, 0.0, 0.0, 0.0, 0.0, 0.0, 0.0, 0.0, 0.0, 0.0, 0.0, 0.0, 0.0, 0.0, 0.00010398331505712122], "bboxes": [[0.0, 0.0, 0.0, 0.0], [0.0, 0.0, 0.0, 0.0], [0.0, 0.0, 0.0, 0.0], [0.0, 0.0, 0.0, 0.0], [0.0, 0.0, 0.0, 0.0], [0.0, 0.0, 0.0, 0.0], [0.0, 0.0, 0.0, 0.0], [0.0, 0.0, 0.0, 0.0], [0.0, 0.0, 0.0, 0.0], [0.0, 0.0, 0.0, 0.0], [415.0, 539.0, 528.0, 574.0], [0.0, 0.0, 0.0, 0.0], [0.0, 0.0, 0.0, 0.0], [0.0, 0.0, 0.0, 0.0], [0.0, 0.0, 0.0, 0.0], [0.0, 0.0, 0.0, 0.0], [0.0, 0.0, 0.0, 0.0], [0.0, 0.0, 0.0, 0.0], [0.0, 0.0, 0.0, 0.0], [0.0, 0.0, 0.0, 0.0], [0.0, 0.0, 0.0, 0.0], [0.0, 0.0, 0.0, 0.0], [0.0, 0.0, 0.0, 0.0], [0.0, 0.0, 0.0, 0.0], [0.0, 0.0, 0.0, 0.0], [0.0, 0.0, 0.0, 0.0], [405.0, 534.0, 528.0, 574.0], [990.0, 529.0, 1043.0, 535.0], [0.0, 0.0, 0.0, 0.0], [0.0, 0.0, 0.0, 0.0], [0.0, 0.0, 0.0, 0.0], [402.0, 501.0, 549.0, 571.0], [402.0, 501.0, 549.0, 571.0], [402.0, 501.0, 549.0, 571.0], [402.0, 501.0, 549.0, 571.0], [402.0, 501.0, 549.0, 571.0], [402.0, 501.0, 549.0, 571.0], [402.0, 501.0, 549.0, 571.0], [402.0, 501.0, 549.0, 571.0], [402.0, 501.0, 549.0, 571.0], [402.0, 501.0, 549.0, 571.0], [0.0, 0.0, 0.0, 0.0], [0.0, 0.0, 0.0, 0.0], [0.0, 0.0, 0.0, 0.0], [0.0, 0.0, 0.0, 0.0], [0.0, 0.0, 0.0, 0.0], [0.0, 0.0, 0.0, 0.0], [485.0, 558.0, 505.0, 564.0], [485.0, 558.0, 505.0, 564.0], [475.0, 547.0, 518.0, 570.0], [0.0, 0.0, 0.0, 0.0], [0.0, 0.0, 0.0, 0.0], [674.0, 496.0, 697.0, 514.0], [674.0, 496.0, 697.0, 514.0], [674.0, 496.0, 697.0, 514.0], [674.0, 496.0, 697.0, 514.0], [674.0, 496.0, 697.0, 514.0], [674.0, 496.0, 697.0, 514.0], [674.0, 496.0, 697.0, 514.0], [485.0, 558.0, 503.0, 564.0], [485.0, 558.0, 503.0, 564.0], [485.0, 558.0, 503.0, 564.0], [415.0, 540.0, 524.0, 572.0], [415.0, 540.0, 524.0, 572.0], [0.0, 0.0, 0.0, 0.0], [401.0, 390.0, 1608.0, 1080.0], [0.0, 0.0, 0.0, 0.0], [0.0, 0.0, 0.0, 0.0], [0.0, 0.0, 0.0, 0.0], [402.0, 521.0, 550.0, 578.0], [402.0, 521.0, 550.0, 578.0], [402.0, 521.0, 550.0, 578.0], [402.0, 521.0, 550.0, 578.0], [402.0, 521.0, 550.0, 578.0], [402.0, 521.0, 550.0, 578.0], [402.0, 521.0, 550.0, 578.0], [0.0, 0.0, 0.0, 0.0], [674.0, 496.0, 695.0, 515.0], [674.0, 496.0, 695.0, 515.0], [674.0, 496.0, 695.0, 515.0], [674.0, 496.0, 695.0, 515.0], [674.0, 496.0, 695.0, 515.0], [674.0, 496.0, 695.0, 515.0], [674.0, 496.0, 695.0, 515.0], [674.0, 496.0, 695.0, 515.0], [674.0, 496.0, 695.0, 515.0], [0.0, 0.0, 0.0, 0.0], [0.0, 0.0, 0.0, 0.0], [0.0, 0.0, 0.0, 0.0], [0.0, 0.0, 0.0, 0.0], [0.0, 0.0, 0.0, 0.0], [0.0, 0.0, 0.0, 0.0], [0.0, 0.0, 0.0, 0.0], [0.0, 0.0, 0.0, 0.0], [0.0, 0.0, 0.0, 0.0], [0.0, 0.0, 0.0, 0.0], [0.0, 0.0, 0.0, 0.0], [0.0, 0.0, 0.0, 0.0], [0.0, 0.0, 0.0, 0.0], [956.0, 526.0, 1083.0, 543.0]], "masks": [{"size": [1080, 1920], "counts": "PPYo1"}, {"size": [1080, 1920], "counts": "PPYo1"}, {"size": [1080, 1920], "counts": "PPYo1"}, {"size": [1080, 1920], "counts": "PPYo1"}, {"size": [1080, 1920], "counts": "PPYo1"}, {"size": [1080, 1920], "counts": "PPYo1"}, {"size": [1080, 1920], "counts": "PPYo1"}, {"size": [1080, 1920], "counts": "PPYo1"}, {"size": [1080, 1920], "counts": "PPYo1"}, {"size": [1080, 1920], "counts": "PPYo1"}, {"size": [1080, 1920], "counts": "eWf=2fQ10O2M3N3M2O0O2O0000O11N1O2N1O1O10000000O10000O1000000000000O1010O00001O001O0O101O0000000001O0000001N02O000O2O0O1000001N101N101O00001O0O100O2O0000000000001O000O1000O100000O1000O101N101O0O2O0O2O1O0O2O0O2O0O2N1N3N1N3O0O2N1O2N3Mhbk]1"}, {"size": [1080, 1920], "counts": "PPYo1"}, {"size": [1080, 1920], "counts": "PPYo1"}, {"size": [1080, 1920], "counts": "PPYo1"}, {"size": [1080, 1920], "counts": "PPYo1"}, {"size": [1080, 1920], "counts": "PPYo1"}, {"size": [1080, 1920], "counts": "PPYo1"}, {"size": [1080, 1920], "counts": "PPYo1"}, {"size": [1080, 1920], "counts": "PPYo1"}, {"size": [1080, 1920], "counts": "PPYo1"}, {"size": [1080, 1920], "counts": "PPYo1"}, {"size": [1080, 1920], "counts": "PPYo1"}, {"size": [1080, 1920], "counts": "PPYo1"}, {"size": [1080, 1920], "counts": "PPYo1"}, {"size": [1080, 1920], "counts": "PPYo1"}, {"size": [1080, 1920], "counts": "PPYo1"}, {"size": [1080, 1920], "counts": "fe[=;2ISQ1b0M1O1O1N2O1N2N10001O00001O00000O100000O11N1000000O10000000O10001N10000O2O00001O00001O001O000001O01O000001OO1000000000000000O2O00000O101O00001N110O01O0000O2N100O11O001O00O2O0O10000000O1000O1000O100O2O0O10000O2O0O2O1O0O2O1N2N2M3N2M2O101N1O2N2N2Nlbk]1"}, {"size": [1080, 1920], "counts": "UedP11gQ10N3N1000O10O1000O2O0O1001N2O00000000000000000000000000000000000001O0000001O1O00000001O000001O0000000000S^ll0"}, {"size": [1080, 1920], "counts": "PPYo1"}, {"size": [1080, 1920], "counts": "PPYo1"}, {"size": [1080, 1920], "counts": "PPYo1"}, {"size": [1080, 1920], "counts": "o_X=b0SQ19G4K6L4IjNgoNY1VP16O1N1O2O1O1O00000O11O01O010O01O000O1001N10000000000O10O100000O10000O100O1O1000001O0O10001N100001O0000001O00001O000000100O2N1O00O101O00010O001O00000001O010O00O100O100001O0000O01000000000001N1000000O1000000O101O000O2O0O101M2O2N2N2O1N2O1O0O2O001N2O001O001N2O001N2O0O1O2O000O10001N5L:D[^U]1"}, {"size": [1080, 1920], "counts": "o_X=b0SQ19G4K6L4IjNgoNY1VP16O1N1O2O1O1O00000O11O01O010O01O000O1001N10000000000O10O100000O10000O100O1O1000001O0O10001N100001O0000001O00001O000000100O2N1O00O101O00010O001O00000001O010O00O100O100001O0000O01000000000001N1000000O1000000O101O000O2O0O101M2O2N2N2O1N2O1O0O2O001N2O001O001N2O001N2O0O1O2O000O10001N5L:D[^U]1"}, {"size": [1080, 1920], "counts": "o_X=b0SQ19G4K6L4IjNgoNY1VP16O1N1O2O1O1O00000O11O01O010O01O000O1001N10000000000O10O100000O10000O100O1O1000001O0O10001N100001O0000001O00001O000000100O2N1O00O101O00010O001O00000001O010O00O100O100001O0000O01000000000001N1000000O1000000O101O000O2O0O101M2O2N2N2O1N2O1O0O2O001N2O001O001N2O001N2O0O1O2O000O10001N5L:D[^U]1"}, {"size": [1080, 1920], "counts": "o_X=b0SQ19G4K6L4IjNgoNY1VP16O1N1O2O1O1O00000O11O01O010O01O000O1001N10000000000O10O100000O10000O100O1O1000001O0O10001N100001O0000001O00001O000000100O2N1O00O101O00010O001O00000001O010O00O100O100001O0000O01000000000001N1000000O1000000O101O000O2O0O101M2O2N2N2O1N2O1O0O2O001N2O001O001N2O001N2O0O1O2O000O10001N5L:D[^U]1"}, {"size": [1080, 1920], "counts": "o_X=b0SQ19G4K6L4IjNgoNY1VP16O1N1O2O1O1O00000O11O01O010O01O000O1001N10000000000O10O100000O10000O100O1O1000001O0O10001N100001O0000001O00001O000000100O2N1O00O101O00010O001O00000001O010O00O100O100001O0000O01000000000001N1000000O1000000O101O000O2O0O101M2O2N2N2O1N2O1O0O2O001N2O001O001N2O001N2O0O1O2O000O10001N5L:D[^U]1"}, {"size": [1080, 1920],