{"labels": [12, 10, 2, 3, 4, 6, 7, 8, 10, 11, 1, 2, 3, 4, 6, 7, 8, 10, 11, 12, 19, 10, 10, 2, 10, 1, 10, 2, 10, 7, 10, 10, 7, 3, 4, 7, 10, 3, 6, 7, 10, 12, 12, 10, 12, 10, 0, 10, 2, 3, 4, 10, 3, 7, 10, 12, 1, 10, 10, 2, 10, 19, 12, 10, 12, 1, 3, 4, 7, 8, 10, 11, 12, 19, 10, 1, 2, 3, 4, 6, 7, 8, 10, 14, 19, 10, 2, 10, 12, 2, 10, 10, 2, 7, 8, 10, 19, 1, 11, 12], "scores": [0.0, 0.00030529589275829494, 0.0, 0.0, 0.0, 0.0, 0.0, 0.0, 0.0, 0.0, 0.0, 0.0, 0.0, 0.0, 0.0, 0.0, 0.0, 0.0, 0.0, 0.0, 0.0, 0.0, 0.0, 0.0, 0.0, 9.040209261002019e-05, 0.0, 0.0, 0.0, 0.0, 0.0, 0.0001019553528749384, 0.0, 0.0, 0.0, 0.0, 0.0, 0.0, 0.0, 0.0, 0.0, 0.0, 0.0, 0.0, 0.0, 0.0, 9.966723155230284e-05, 0.0, 0.006317967548966408, 0.0003605725651141256, 0.00021571065008174628, 0.00021523596660699695, 0.0, 0.0, 0.0, 0.0, 0.00023254408733919263, 0.0002310087438672781, 0.0, 0.0, 0.0, 0.9873448014259338, 0.0, 0.0002238549495814368, 0.00017553759971633554, 0.0018239630153402686, 0.00013044341176282614, 0.0002312807773705572, 0.0004581807879731059, 0.021246913820505142, 0.005077024456113577, 0.0001654709194554016, 0.0009231920703314245, 0.0006025895709171891, 0.0, 0.0006021611043252051, 0.00793352909386158, 0.002574193524196744, 0.12128602713346481, 0.0002784949028864503, 0.0007780700107105076, 0.00021628395188599825, 0.005393814295530319, 0.00018424670270178467, 0.00012598809553310275, 0.0, 0.0, 0.0, 0.0, 0.0, 0.0, 0.00015548226656392217, 0.0, 0.0, 0.0, 0.0, 0.0, 0.0001457026955904439, 0.00027202841010876, 0.0], "bboxes": [[0.0, 0.0, 0.0, 0.0], [477.0, 541.0, 606.0, 566.0], [0.0, 0.0, 0.0, 0.0], [0.0, 0.0, 0.0, 0.0], [0.0, 0.0, 0.0, 0.0], [0.0, 0.0, 0.0, 0.0], [0.0, 0.0, 0.0, 0.0], [0.0, 0.0, 0.0, 0.0], [0.0, 0.0, 0.0, 0.0], [0.0, 0.0, 0.0, 0.0], [0.0, 0.0, 0.0, 0.0], [0.0, 0.0, 0.0, 0.0], [0.0, 0.0, 0.0, 0.0], [0.0, 0.0, 0.0, 0.0], [0.0, 0.0, 0.0, 0.0], [0.0, 0.0, 0.0, 0.0], [0.0, 0.0, 0.0, 0.0], [0.0, 0.0, 0.0, 0.0], [0.0, 0.0, 0.0, 0.0], [0.0, 0.0, 0.0, 0.0], [0.0, 0.0, 0.0, 0.0], [0.0, 0.0, 0.0, 0.0], [0.0, 0.0, 0.0, 0.0], [0.0, 0.0, 0.0, 0.0], [0.0, 0.0, 0.0, 0.0], [1037.0, 529.0, 1040.0, 530.0], [0.0, 0.0, 0.0, 0.0], [0.0, 0.0, 0.0, 0.0], [0.0, 0.0, 0.0, 0.0], [0.0, 0.0, 0.0, 0.0], [0.0, 0.0, 0.0, 0.0], [546.0, 549.0, 547.0, 550.0], [0.0, 0.0, 0.0, 0.0], [0.0, 0.0, 0.0, 0.0], [0.0, 0.0, 0.0, 0.0], [0.0, 0.0, 0.0, 0.0], [0.0, 0.0, 0.0, 0.0], [0.0, 0.0, 0.0, 0.0], [0.0, 0.0, 0.0, 0.0], [0.0, 0.0, 0.0, 0.0], [0.0, 0.0, 0.0, 0.0], [0.0, 0.0, 0.0, 0.0], [0.0, 0.0, 0.0, 0.0], [0.0, 0.0, 0.0, 0.0], [0.0, 0.0, 0.0, 0.0], [0.0, 0.0, 0.0, 0.0], [1045.0, 529.0, 1067.0, 531.0], [0.0, 0.0, 0.0, 0.0], [680.0, 493.0, 687.0, 500.0], [680.0, 493.0, 687.0, 500.0], [680.0, 493.0, 687.0, 500.0], [680.0, 493.0, 687.0, 500.0], [0.0, 0.0, 0.0, 0.0], [0.0, 0.0, 0.0, 0.0], [0.0, 0.0, 0.0, 0.0], [0.0, 0.0, 0.0, 0.0], [482.0, 557.0, 483.0, 558.0], [482.0, 557.0, 483.0, 558.0], [0.0, 0.0, 0.0, 0.0], [0.0, 0.0, 0.0, 0.0], [0.0, 0.0, 0.0, 0.0], [400.0, 389.0, 1609.0, 1080.0], [0.0, 0.0, 0.0, 0.0], [543.0, 544.0, 571.0, 552.0], [543.0, 544.0, 571.0, 552.0], [407.0, 537.0, 548.0, 567.0], [407.0, 537.0, 548.0, 567.0], [407.0, 537.0, 548.0, 567.0], [407.0, 537.0, 548.0, 567.0], [407.0, 537.0, 548.0, 567.0], [407.0, 537.0, 548.0, 567.0], [407.0, 537.0, 548.0, 567.0], [407.0, 537.0, 548.0, 567.0], [407.0, 537.0, 548.0, 567.0], [0.0, 0.0, 0.0, 0.0], [676.0, 490.0, 688.0, 505.0], [676.0, 490.0, 688.0, 505.0], [676.0, 490.0, 688.0, 505.0], [676.0, 490.0, 688.0, 505.0], [676.0, 490.0, 688.0, 505.0], [676.0, 490.0, 688.0, 505.0], [676.0, 490.0, 688.0, 505.0], [676.0, 490.0, 688.0, 505.0], [676.0, 490.0, 688.0, 505.0], [676.0, 490.0, 688.0, 505.0], [0.0, 0.0, 0.0, 0.0], [0.0, 0.0, 0.0, 0.0], [0.0, 0.0, 0.0, 0.0], [0.0, 0.0, 0.0, 0.0], [0.0, 0.0, 0.0, 0.0], [0.0, 0.0, 0.0, 0.0], [545.0, 549.0, 550.0, 551.0], [0.0, 0.0, 0.0, 0.0], [0.0, 0.0, 0.0, 0.0], [0.0, 0.0, 0.0, 0.0], [0.0, 0.0, 0.0, 0.0], [0.0, 0.0, 0.0, 0.0], [1007.0, 525.0, 1080.0, 536.0], [1007.0, 525.0, 1080.0, 536.0], [0.0, 0.0, 0.0, 0.0]], "masks": [{"size": [1080, 1920], "counts": "PPYo1"}, {"size": [1080, 1920], "counts": "Vdg?4cQ12N101O0O11O000O1001O1N100001O0000000001OO102M3M2OnV41lhK6O1N11O0000000000010N3N2M3MZS21elM3]nNM\\Q14cnNM]Q12fnNLZQ14fnNLZQ13gnNMXQ1460O1O2O00000000000O010O100O1O2OO100000000O1O1O2O0O4LaS20^lM3M2O1000O010O01O10000001N2O0O1O001N2O`ob03^P]O1O001O01O1O2N0O`ZY[1"}, {"size": [1080, 1920], "counts": "PPYo1"}, {"size": [1080, 1920], "counts": "PPYo1"}, {"size": [1080, 1920], "counts": "PPYo1"}, {"size": [1080, 1920], "counts": "PPYo1"}, {"size": [1080, 1920], "counts": "PPYo1"}, {"size": [1080, 1920], "counts": "PPYo1"}, {"size": [1080, 1920], "counts": "PPYo1"}, {"size": [1080, 1920], "counts": "PPYo1"}, {"size": [1080, 1920], "counts": "PPYo1"}, {"size": [1080, 1920], "counts": "PPYo1"}, {"size": [1080, 1920], "counts": "PPYo1"}, {"size": [1080, 1920], "counts": "PPYo1"}, {"size": [1080, 1920], "counts": "PPYo1"}, {"size": [1080, 1920], "counts": "PPYo1"}, {"size": [1080, 1920], "counts": "PPYo1"}, {"size": [1080, 1920], "counts": "PPYo1"}, {"size": [1080, 1920], "counts": "PPYo1"}, {"size": [1080, 1920], "counts": "PPYo1"}, {"size": [1080, 1920], "counts": "PPYo1"}, {"size": [1080, 1920], "counts": "PPYo1"}, {"size": [1080, 1920], "counts": "PPYo1"}, {"size": [1080, 1920], "counts": "PPYo1"}, {"size": [1080, 1920], "counts": "PPYo1"}, {"size": [1080, 1920], "counts": "YWVR11gQ1000_col0"}, {"size": [1080, 1920], "counts": "PPYo1"}, {"size": [1080, 1920], "counts": "PPYo1"}, {"size": [1080, 1920], "counts": "PPYo1"}, {"size": [1080, 1920], "counts": "PPYo1"}, {"size": [1080, 1920], "counts": "PPYo1"}, {"size": [1080, 1920], "counts": "e\\Pb01ZcX]1"}, {"size": [1080, 1920], "counts": "PPYo1"}, {"size": [1080, 1920], "counts": "PPYo1"}, {"size": [1080, 1920], "counts": "PPYo1"}, {"size": [1080, 1920], "counts": "PPYo1"}, {"size": [1080, 1920], "counts": "PPYo1"}, {"size": [1080, 1920], "counts": "PPYo1"}, {"size": [1080, 1920], "counts": "PPYo1"}, {"size": [1080, 1920], "counts": "PPYo1"}, {"size": [1080, 1920], "counts": "PPYo1"}, {"size": [1080, 1920], "counts": "PPYo1"}, {"size": [1080, 1920], "counts": "PPYo1"}, {"size": [1080, 1920], "counts": "PPYo1"}, {"size": [1080, 1920], "counts": "PPYo1"}, {"size": [1080, 1920], "counts": "PPYo1"}, {"size": [1080, 1920], "counts": "Ye^R11gQ10YQd00mR_k0"}, {"size": [1080, 1920], "counts": "PPYo1"}, {"size": [1080, 1920], "counts": "ae]f02dQ13N010O01N2O\\ncX1"}, {"size": [1080, 1920], "counts": "ae]f02dQ13N010O01N2O\\ncX1"}, {"size": [1080, 1920], "counts": "ae]f02dQ13N010O01N2O\\ncX1"}, {"size": [1080, 1920], "counts": "ae]f02dQ13N010O01N2O\\ncX1"}, {"size": [1080, 1920], "counts": "PPYo1"}, {"size": [1080, 1920], "counts": "PPYo1"}, {"size": [1080, 1920], "counts": "PPYo1"}, {"size": [1080, 1920], "counts": "PPYo1"}, {"size": [1080, 1920], "counts": "mll?1RS\\_1"}, {"size": [1080, 1920], "counts": "mll?1RS\\_1"}, {"size": [1080, 1920], "counts": "PPYo1"}, {"size": [1080, 1920], "counts": "PPYo1"}, {"size": [1080, 1920], "counts": "PPYo1"}, {"size": [1080, 1920],