{"labels": [12, 2, 3, 4, 7, 8, 10, 12, 1, 2, 3, 4, 6, 7, 8, 10, 11, 10, 10, 12, 2, 1, 10, 2, 10, 4, 12, 7, 10, 12, 7, 10, 1, 2, 3, 4, 7, 8, 10, 14, 6, 7, 10, 12, 10, 0, 10, 2, 3, 4, 7, 10, 12, 19, 3, 7, 10, 12, 1, 10, 10, 2, 10, 19, 10, 12, 1, 3, 4, 7, 8, 10, 11, 12, 19, 10, 2, 3, 4, 6, 7, 10, 10, 2, 10, 12, 2, 10, 2, 7, 8, 10, 12, 19, 1, 6, 8, 11, 12, 7], "scores": [0.0, 0.0, 0.0, 0.0, 0.0, 0.0, 0.0, 0.0, 0.0011619450524449348, 0.00012660516949836165, 0.0004923455999232829, 0.000337703968398273, 0.0073464056476950645, 0.0004143188416492194, 0.00025047356029972434, 0.0015768195735290647, 0.0001419003529008478, 0.0, 0.0, 0.0, 0.0, 0.00013869808753952384, 0.0, 0.0, 0.0, 0.00031359700369648635, 0.0, 0.0, 0.0, 0.0, 0.0, 0.00021079150610603392, 0.00016525677347090095, 0.0004250406927894801, 0.3559744358062744, 0.0035858910996466875, 0.0006262424867600203, 0.00022817638819105923, 0.00036151002859696746, 0.0001903456577565521, 0.0001555135822854936, 0.000776180939283222, 0.0, 0.0, 0.00011677895236061886, 0.0, 0.0, 0.0, 0.0, 0.0, 0.0, 0.0, 0.0, 0.0, 0.0, 0.0, 0.0, 0.0, 0.001299814903177321, 0.002417407464236021, 0.0, 0.0, 0.0, 0.9872514009475708, 0.0, 0.0, 0.005275232717394829, 0.0006374007207341492, 0.00029260391602292657, 0.000739636248908937, 0.03239059075713158, 0.008536000736057758, 0.00024372717598453164, 0.0010401599574834108, 0.0011578553821891546, 0.0, 0.005963597912341356, 0.003090360201895237, 0.021815594285726547, 0.00011783905938500538, 0.00028621815727092326, 0.0008641918539069593, 0.0, 0.0, 0.0, 0.0, 0.0, 0.0, 0.0, 0.0, 0.0, 0.0, 0.0, 0.0, 0.0, 0.0, 0.0, 0.0, 0.0, 0.0], "bboxes": [[0.0, 0.0, 0.0, 0.0], [0.0, 0.0, 0.0, 0.0], [0.0, 0.0, 0.0, 0.0], [0.0, 0.0, 0.0, 0.0], [0.0, 0.0, 0.0, 0.0], [0.0, 0.0, 0.0, 0.0], [0.0, 0.0, 0.0, 0.0], [0.0, 0.0, 0.0, 0.0], [987.0, 519.0, 1044.0, 530.0], [987.0, 519.0, 1044.0, 530.0], [987.0, 519.0, 1044.0, 530.0], [987.0, 519.0, 1044.0, 530.0], [987.0, 519.0, 1044.0, 530.0], [987.0, 519.0, 1044.0, 530.0], [987.0, 519.0, 1044.0, 530.0], [987.0, 519.0, 1044.0, 530.0], [987.0, 519.0, 1044.0, 530.0], [0.0, 0.0, 0.0, 0.0], [0.0, 0.0, 0.0, 0.0], [0.0, 0.0, 0.0, 0.0], [0.0, 0.0, 0.0, 0.0], [978.0, 517.0, 1050.0, 530.0], [0.0, 0.0, 0.0, 0.0], [0.0, 0.0, 0.0, 0.0], [0.0, 0.0, 0.0, 0.0], [982.0, 518.0, 1044.0, 530.0], [0.0, 0.0, 0.0, 0.0], [0.0, 0.0, 0.0, 0.0], [0.0, 0.0, 0.0, 0.0], [0.0, 0.0, 0.0, 0.0], [0.0, 0.0, 0.0, 0.0], [471.0, 545.0, 519.0, 569.0], [973.0, 516.0, 1055.0, 531.0], [973.0, 516.0, 1055.0, 531.0], [973.0, 516.0, 1055.0, 531.0], [973.0, 516.0, 1055.0, 531.0], [973.0, 516.0, 1055.0, 531.0], [973.0, 516.0, 1055.0, 531.0], [973.0, 516.0, 1055.0, 531.0], [973.0, 516.0, 1055.0, 531.0], [989.0, 520.0, 1068.0, 531.0], [989.0, 520.0, 1068.0, 531.0], [0.0, 0.0, 0.0, 0.0], [0.0, 0.0, 0.0, 0.0], [1007.0, 522.0, 1011.0, 523.0], [0.0, 0.0, 0.0, 0.0], [0.0, 0.0, 0.0, 0.0], [0.0, 0.0, 0.0, 0.0], [0.0, 0.0, 0.0, 0.0], [0.0, 0.0, 0.0, 0.0], [0.0, 0.0, 0.0, 0.0], [0.0, 0.0, 0.0, 0.0], [0.0, 0.0, 0.0, 0.0], [0.0, 0.0, 0.0, 0.0], [0.0, 0.0, 0.0, 0.0], [0.0, 0.0, 0.0, 0.0], [0.0, 0.0, 0.0, 0.0], [0.0, 0.0, 0.0, 0.0], [466.0, 544.0, 522.0, 569.0], [466.0, 544.0, 522.0, 569.0], [0.0, 0.0, 0.0, 0.0], [0.0, 0.0, 0.0, 0.0], [0.0, 0.0, 0.0, 0.0], [400.0, 388.0, 1609.0, 1080.0], [0.0, 0.0, 0.0, 0.0], [0.0, 0.0, 0.0, 0.0], [405.0, 535.0, 548.0, 574.0], [405.0, 535.0, 548.0, 574.0], [405.0, 535.0, 548.0, 574.0], [405.0, 535.0, 548.0, 574.0], [405.0, 535.0, 548.0, 574.0], [405.0, 535.0, 548.0, 574.0], [405.0, 535.0, 548.0, 574.0], [405.0, 535.0, 548.0, 574.0], [405.0, 535.0, 548.0, 574.0], [0.0, 0.0, 0.0, 0.0], [677.0, 491.0, 686.0, 500.0], [677.0, 491.0, 686.0, 500.0], [677.0, 491.0, 686.0, 500.0], [677.0, 491.0, 686.0, 500.0], [677.0, 491.0, 686.0, 500.0], [677.0, 491.0, 686.0, 500.0], [0.0, 0.0, 0.0, 0.0], [0.0, 0.0, 0.0, 0.0], [0.0, 0.0, 0.0, 0.0], [0.0, 0.0, 0.0, 0.0], [0.0, 0.0, 0.0, 0.0], [0.0, 0.0, 0.0, 0.0], [0.0, 0.0, 0.0, 0.0], [0.0, 0.0, 0.0, 0.0], [0.0, 0.0, 0.0, 0.0], [0.0, 0.0, 0.0, 0.0], [0.0, 0.0, 0.0, 0.0], [0.0, 0.0, 0.0, 0.0], [0.0, 0.0, 0.0, 0.0], [0.0, 0.0, 0.0, 0.0], [0.0, 0.0, 0.0, 0.0], [0.0, 0.0, 0.0, 0.0], [0.0, 0.0, 0.0, 0.0], [0.0, 0.0, 0.0, 0.0]], "masks": [{"size": [1080, 1920], "counts": "PPYo1"}, {"size": [1080, 1920], "counts": "PPYo1"}, {"size": [1080, 1920], "counts": "PPYo1"}, {"size": [1080, 1920], "counts": "PPYo1"}, {"size": [1080, 1920], "counts": "PPYo1"}, {"size": [1080, 1920], "counts": "PPYo1"}, {"size": [1080, 1920], "counts": "PPYo1"}, {"size": [1080, 1920], "counts": "PPYo1"}, {"size": [1080, 1920], "counts": "e_aP11dQ130001O0O10000000000O10O10O1000000000000000001O01O000O1000000001O0000000010O000001O01O0010O0001O00001N1000001N1Oc\\kl0"}, {"size": [1080, 1920], "counts": "e_aP11dQ130001O0O10000000000O10O10O1000000000000000001O01O000O1000000001O0000000010O000001O01O0010O0001O00001N1000001N1Oc\\kl0"}, {"size": [1080, 1920], "counts": "e_aP11dQ130001O0O10000000000O10O10O1000000000000000001O01O000O1000000001O0000000010O000001O01O0010O0001O00001N1000001N1Oc\\kl0"}, {"size": [1080, 1920], "counts": "e_aP11dQ130001O0O10000000000O10O10O1000000000000000001O01O000O1000000001O0000000010O000001O01O0010O0001O00001N1000001N1Oc\\kl0"}, {"size": [1080, 1920], "counts": "e_aP11dQ130001O0O10000000000O10O10O1000000000000000001O01O000O1000000001O0000000010O000001O01O0010O0001O00001N1000001N1Oc\\kl0"}, {"size": [1080, 1920], "counts": "e_aP11dQ130001O0O10000000000O10O10O1000000000000000001O01O000O1000000001O0000000010O000001O01O0010O0001O00001N1000001N1Oc\\kl0"}, {"size": [1080, 1920], "counts": "e_aP11dQ130001O0O10000000000O10O10O1000000000000000001O01O000O1000000001O0000000010O000001O01O0010O0001O00001N1000001N1Oc\\kl0"}, {"size": [1080, 1920], "counts": "e_aP11dQ130001O0O10000000000O10O10O1000000000000000001O01O000O1000000001O0000000010O000001O01O0010O0001O00001N1000001N1Oc\\kl0"}, {"size": [1080, 1920], "counts": "e_aP11dQ130001O0O10000000000O10O10O1000000000000000001O01O000O1000000001O0000000010O000001O01O0010O0001O00001N1000001N1Oc\\kl0"}, {"size": [1080, 1920], "counts": "PPYo1"}, {"size": [1080, 1920], "counts": "PPYo1"}, {"size": [1080, 1920], "counts": "PPYo1"}, {"size": [1080, 1920], "counts": "PPYo1"}, {"size": [1080, 1920], "counts": "joWP14dQ1001O0O100000000O10000O1000000O1000000000000O10O100000001O01O00000001O00000000000000000010O0000000010O0001O01O00001O001O0000001O0O101N1O100000RRel0"}, {"size": [1080, 1920], "counts": "PPYo1"}, {"size": [1080, 1920], "counts": "PPYo1"}, {"size": [1080, 1920], "counts": "PPYo1"}, {"size": [1080, 1920], "counts": "jV\\P14dQ1001O0O1000001O0O100000O0100000000O10000000000000000001O0000000000000000001O00000001O01O00010O00010O00001O0000001O00001O0Oc\\kl0"}, {"size": [1080, 1920], "counts": "PPYo1"}, {"size": [1080, 1920], "counts": "PPYo1"}, {"size": [1080, 1920], "counts": "PPYo1"}, {"size": [1080, 1920], "counts": "PPYo1"}, {"size": [1080, 1920], "counts": "PPYo1"}, {"size": [1080, 1920], "counts": "eYa?2eQ12N2O1O00001O0N3N1N3O1N10000O2O001N2O000000O10O100O01000010O000O10000O1O1O2N101O1N101N2N2M3M2O`RU^1"}, {"size": [1080, 1920], "counts": "RgRP11gQ11O2N001O0O10001O0O10001O0O100O1000000O100000O10O1000000000000000000001O0000000001OO100000010O00000001O0001O01O01O00001O000000001O00001O00001O001O0000001O0O101O1OXi_l0"}, {"size": [1080, 1920], "counts": "RgRP11gQ11O2N001O0O10001O0O10001O0O100O1000000O100000O10O1000000000000000000001O0000000001OO100000010O00000001O0001O01O01O00001O000000001O00001O00001O001O0000001O0O101O1OXi_l0"}, {"size": [1080, 1920], "counts": "RgRP11gQ11O2N001O0O10001O0O10001O0O100O1000000O100000O10O1000000000000000000001O0000000001OO100000010O00000001O0001O01O01O00001O000000001O00001O00001O001O0000001O0O101O1OXi_l0"}, {"size": [1080, 1920], "counts": "RgRP11gQ11O2N001O0O10001O0O10001O0O100O1000000O100000O10O1000000000000000000001O0000000001OO100000010O00000001O0001O01O01O00001O000000001O00001O00001O001O0000001O0O101O1OXi_l0"}, {"size": [1080, 1920],