{"labels": [12, 2, 3, 4, 6, 7, 8, 10, 10, 12, 7, 1, 2, 3, 4, 6, 7, 8, 10, 11, 10, 2, 10, 4, 7, 10, 12, 7, 2, 3, 4, 7, 8, 10, 14, 3, 6, 7, 10, 10, 7, 10, 1, 2, 3, 4, 7, 8, 10, 14, 19, 10, 3, 7, 10, 12, 1, 10, 10, 19, 10, 7, 10, 12, 0, 1, 3, 4, 7, 8, 10, 12, 19, 10, 2, 3, 4, 6, 7, 10, 19, 2, 10, 12, 10, 2, 4, 7, 8, 10, 12, 19, 1, 6, 7, 8, 10, 11, 12, 1], "scores": [0.0, 0.0, 0.0, 0.0, 0.0, 0.0, 0.0, 0.0, 0.0, 0.0, 0.0, 0.0014382011722773314, 0.00026813821750693023, 0.0006134426221251488, 0.0005715032457374036, 0.010211551561951637, 0.0003422198642510921, 0.0005021567922085524, 0.002106401603668928, 0.00021744260448031127, 0.0, 0.0, 0.0006159216864034534, 0.0003227494889870286, 0.0, 0.0, 0.0, 0.0, 0.0003826438041869551, 0.35149285197257996, 0.00238792528398335, 0.0003517517470754683, 0.00021894907695241272, 0.00017339619807898998, 0.00014285976067185402, 0.00012484680337365717, 0.00016036168381106108, 0.0007791991229169071, 0.00011884370178449899, 0.0002720225020311773, 0.0, 0.0, 0.0005402205279096961, 0.04565230384469032, 0.00044155726209282875, 0.009594486095011234, 0.00016969112039078027, 0.00030584936030209064, 0.0020124211441725492, 0.0002071042690658942, 0.00018242618534713984, 0.0, 0.0, 0.0, 0.0, 0.0, 0.0004976251511834562, 0.00045216732542030513, 0.0, 0.9874482750892639, 0.00021984384511597455, 0.00010591211321298033, 0.00024423710419796407, 0.0002272055862704292, 0.00017684230988379568, 0.0033373336773365736, 0.0005420951056294143, 0.00022399461886379868, 0.0006553536513820291, 0.020916104316711426, 0.0076246969401836395, 0.0012531731044873595, 0.0010524659883230925, 0.0, 0.010159020312130451, 0.003841238562017679, 0.02797870710492134, 0.0003175997408106923, 0.0007215846562758088, 0.0030407283920794725, 0.0001745788613334298, 0.0, 0.0, 0.0, 0.0, 0.0, 0.0, 0.0, 0.0, 0.0, 0.0, 0.0, 0.0, 0.0, 0.0, 0.0, 0.0, 0.0, 0.0, 0.00010840235336218029], "bboxes": [[0.0, 0.0, 0.0, 0.0], [0.0, 0.0, 0.0, 0.0], [0.0, 0.0, 0.0, 0.0], [0.0, 0.0, 0.0, 0.0], [0.0, 0.0, 0.0, 0.0], [0.0, 0.0, 0.0, 0.0], [0.0, 0.0, 0.0, 0.0], [0.0, 0.0, 0.0, 0.0], [0.0, 0.0, 0.0, 0.0], [0.0, 0.0, 0.0, 0.0], [0.0, 0.0, 0.0, 0.0], [983.0, 519.0, 1048.0, 532.0], [983.0, 519.0, 1048.0, 532.0], [983.0, 519.0, 1048.0, 532.0], [983.0, 519.0, 1048.0, 532.0], [983.0, 519.0, 1048.0, 532.0], [983.0, 519.0, 1048.0, 532.0], [983.0, 519.0, 1048.0, 532.0], [983.0, 519.0, 1048.0, 532.0], [983.0, 519.0, 1048.0, 532.0], [0.0, 0.0, 0.0, 0.0], [0.0, 0.0, 0.0, 0.0], [420.0, 537.0, 546.0, 577.0], [980.0, 518.0, 1066.0, 532.0], [0.0, 0.0, 0.0, 0.0], [0.0, 0.0, 0.0, 0.0], [0.0, 0.0, 0.0, 0.0], [0.0, 0.0, 0.0, 0.0], [977.0, 517.0, 1051.0, 532.0], [977.0, 517.0, 1051.0, 532.0], [977.0, 517.0, 1051.0, 532.0], [977.0, 517.0, 1051.0, 532.0], [977.0, 517.0, 1051.0, 532.0], [977.0, 517.0, 1051.0, 532.0], [977.0, 517.0, 1051.0, 532.0], [1017.0, 521.0, 1070.0, 532.0], [1017.0, 521.0, 1070.0, 532.0], [1017.0, 521.0, 1070.0, 532.0], [1017.0, 521.0, 1070.0, 532.0], [493.0, 566.0, 494.0, 567.0], [0.0, 0.0, 0.0, 0.0], [0.0, 0.0, 0.0, 0.0], [675.0, 491.0, 688.0, 507.0], [675.0, 491.0, 688.0, 507.0], [675.0, 491.0, 688.0, 507.0], [675.0, 491.0, 688.0, 507.0], [675.0, 491.0, 688.0, 507.0], [675.0, 491.0, 688.0, 507.0], [675.0, 491.0, 688.0, 507.0], [675.0, 491.0, 688.0, 507.0], [675.0, 491.0, 688.0, 507.0], [0.0, 0.0, 0.0, 0.0], [0.0, 0.0, 0.0, 0.0], [0.0, 0.0, 0.0, 0.0], [0.0, 0.0, 0.0, 0.0], [0.0, 0.0, 0.0, 0.0], [470.0, 546.0, 521.0, 574.0], [470.0, 546.0, 521.0, 574.0], [0.0, 0.0, 0.0, 0.0], [400.0, 386.0, 1609.0, 1080.0], [465.0, 545.0, 540.0, 578.0], [538.0, 550.0, 548.0, 555.0], [538.0, 550.0, 548.0, 555.0], [538.0, 550.0, 548.0, 555.0], [401.0, 531.0, 550.0, 579.0], [401.0, 531.0, 550.0, 579.0], [401.0, 531.0, 550.0, 579.0], [401.0, 531.0, 550.0, 579.0], [401.0, 531.0, 550.0, 579.0], [401.0, 531.0, 550.0, 579.0], [401.0, 531.0, 550.0, 579.0], [401.0, 531.0, 550.0, 579.0], [401.0, 531.0, 550.0, 579.0], [0.0, 0.0, 0.0, 0.0], [677.0, 493.0, 686.0, 503.0], [677.0, 493.0, 686.0, 503.0], [677.0, 493.0, 686.0, 503.0], [677.0, 493.0, 686.0, 503.0], [677.0, 493.0, 686.0, 503.0], [677.0, 493.0, 686.0, 503.0], [677.0, 493.0, 686.0, 503.0], [0.0, 0.0, 0.0, 0.0], [0.0, 0.0, 0.0, 0.0], [0.0, 0.0, 0.0, 0.0], [0.0, 0.0, 0.0, 0.0], [0.0, 0.0, 0.0, 0.0], [0.0, 0.0, 0.0, 0.0], [0.0, 0.0, 0.0, 0.0], [0.0, 0.0, 0.0, 0.0], [0.0, 0.0, 0.0, 0.0], [0.0, 0.0, 0.0, 0.0], [0.0, 0.0, 0.0, 0.0], [0.0, 0.0, 0.0, 0.0], [0.0, 0.0, 0.0, 0.0], [0.0, 0.0, 0.0, 0.0], [0.0, 0.0, 0.0, 0.0], [0.0, 0.0, 0.0, 0.0], [0.0, 0.0, 0.0, 0.0], [0.0, 0.0, 0.0, 0.0], [677.0, 493.0, 686.0, 503.0]], "masks": [{"size": [1080, 1920], "counts": "PPYo1"}, {"size": [1080, 1920], "counts": "PPYo1"}, {"size": [1080, 1920], "counts": "PPYo1"}, {"size": [1080, 1920], "counts": "PPYo1"}, {"size": [1080, 1920], "counts": "PPYo1"}, {"size": [1080, 1920], "counts": "PPYo1"}, {"size": [1080, 1920], "counts": "PPYo1"}, {"size": [1080, 1920], "counts": "PPYo1"}, {"size": [1080, 1920], "counts": "PPYo1"}, {"size": [1080, 1920], "counts": "PPYo1"}, {"size": [1080, 1920], "counts": "PPYo1"}, {"size": [1080, 1920], "counts": "eX]P11gQ10O1O1O2N10000000001O000O1000000O10O1001O0001O00000000001O00000001O0000001O000010O00001O01O01O00000000001O0000001O001O1N101O000O`Ugl0"}, {"size": [1080, 1920], "counts": "eX]P11gQ10O1O1O2N10000000001O000O1000000O10O1001O0001O00000000001O00000001O0000001O000010O00001O01O01O00000000001O0000001O001O1N101O000O`Ugl0"}, {"size": [1080, 1920], "counts": "eX]P11gQ10O1O1O2N10000000001O000O1000000O10O1001O0001O00000000001O00000001O0000001O000010O00001O01O01O00000000001O0000001O001O1N101O000O`Ugl0"}, {"size": [1080, 1920], "counts": "eX]P11gQ10O1O1O2N10000000001O000O1000000O10O1001O0001O00000000001O00000001O0000001O000010O00001O01O01O00000000001O0000001O001O1N101O000O`Ugl0"}, {"size": [1080, 1920], "counts": "eX]P11gQ10O1O1O2N10000000001O000O1000000O10O1001O0001O00000000001O00000001O0000001O000010O00001O01O01O00000000001O0000001O001O1N101O000O`Ugl0"}, {"size": [1080, 1920], "counts": "eX]P11gQ10O1O1O2N10000000001O000O1000000O10O1001O0001O00000000001O00000001O0000001O000010O00001O01O01O00000000001O0000001O001O1N101O000O`Ugl0"}, {"size": [1080, 1920], "counts": "eX]P11gQ10O1O1O2N10000000001O000O1000000O10O1001O0001O00000000001O00000001O0000001O000010O00001O01O01O00000000001O0000001O001O1N101O000O`Ugl0"}, {"size": [1080, 1920], "counts": "eX]P11gQ10O1O1O2N10000000001O000O1000000O10O1001O0001O00000000001O00000001O0000001O000010O00001O01O01O00000000001O0000001O001O1N101O000O`Ugl0"}, {"size": [1080, 1920], "counts": "eX]P11gQ10O1O1O2N10000000001O000O1000000O10O1001O0001O00000000001O00000001O0000001O000010O00001O01O01O00000000001O0000001O001O1N101O000O`Ugl0"}, {"size": [1080, 1920], "counts": "PPYo1"}, {"size": [1080, 1920], "counts": "PPYo1"}, {"size": [1080, 1920], "counts": "a`k=3dQ14K2O1O0010O2N1O2L3000001O0OaZ60[U31S`F2O1N100O1O010000000O1O2N1O2O1N2N2N1O2O1N10001N101N101O001O000O1O2N10001O000O1O100O1O100000000O10O0100001O00000O100O100O101N1O101N100O2N1O2N2J6N2N1O2N100O1000001O00000000O11N100O2O0O101N1O\\cX]1"}, {"size": [1080, 1920], "counts": "]SZP11fQ12O0O1O100O10000O1000000000000O100O1000000000000000010O0000000001O00000000000001O00010O0000010O0001O0001O0001O00001O0000001N101O001O00001O000O10QW40ohK000PW40PiK0nUTl0"}, {"size": [1080, 1920], "counts": "PPYo1"}, {"size": [1080, 1920], "counts": "PPYo1"}, {"size": [1080, 1920], "counts": "PPYo1"}, {"size": [1080, 1920], "counts": "PPYo1"}, {"size": [1080, 1920], "counts": "UnVP11gQ11N100O2O0O1O10000O100O100000000O10O10000000O10000001O000000000010O000000000000001O000010O0001O01O0000001O01O0001O0000001O001O00001O001O0O101O001NXPdl0"}, {"size": [1080, 1920], "counts": "UnVP11gQ11N100O2O0O1O10000O100O100000000O10O10000000O10000001O000000000010O000000000000001O000010O0001O01O0000001O01O0001O0000001O001O00001O001O0O101O001NXPdl0"}, {"size": [1080, 1920],