{"labels": [10, 12, 2, 3, 4, 6, 7, 8, 10, 11, 1, 2, 3, 4, 6, 7, 8, 10, 11, 10, 10, 10, 1, 10, 10, 10, 7, 10, 3, 7, 6, 7, 2, 12, 10, 10, 10, 7, 0, 10, 10, 1, 2, 3, 4, 8, 10, 3, 7, 10, 12, 1, 10, 2, 10, 1, 19, 12, 10, 12, 1, 3, 7, 8, 10, 12, 19, 10, 1, 2, 3, 4, 6, 7, 8, 10, 14, 19, 21, 2, 10, 2, 10, 12, 2, 4, 7, 10, 19, 10, 2, 7, 10, 1, 6, 7, 10, 11, 12, 1], "scores": [0.0, 0.0, 0.0, 0.0, 0.0, 0.0, 0.0, 0.0, 0.0, 0.0, 0.0014660268789157271, 0.00020986751769669354, 0.00025766086764633656, 0.0003608178230933845, 0.0043625375255942345, 0.0001647139579290524, 0.0002685492218006402, 0.0026583154685795307, 0.00010261504939990118, 0.0, 0.0, 0.0, 0.00020636148110497743, 0.00011059341341024265, 0.0, 0.0006254749605432153, 0.0, 0.0, 0.0, 0.0, 9.307630534749478e-05, 0.000518555345479399, 0.0, 0.0, 0.0, 0.0, 9.010650683194399e-05, 0.0, 0.0, 0.0, 0.0, 0.00039728760020807385, 0.01603822037577629, 0.0001367303921142593, 0.007845538668334484, 0.00014709122478961945, 0.0010606114519760013, 0.0, 0.0, 0.0, 0.0, 0.00021371532056946307, 0.0001910363498609513, 0.0, 0.0, 0.0002021629479713738, 0.9885907769203186, 0.0, 0.0, 0.0, 0.001602468895725906, 0.0001979750522878021, 0.00027469670749269426, 0.01147910300642252, 0.00575153436511755, 0.001285885344259441, 0.0007901534554548562, 0.0, 0.0006929103983566165, 0.004969308618456125, 0.0010626581497490406, 0.11628543585538864, 0.00016039147158153355, 0.0006019182619638741, 0.0001859793410403654, 0.005307077430188656, 0.0002136223338311538, 0.00013347082131076604, 0.00010545539407758042, 0.0, 0.0, 0.0, 0.0, 0.0, 0.0, 0.0, 0.0, 0.0, 0.0, 0.0, 0.0, 0.0, 0.0, 0.0, 0.0, 0.0, 0.0, 0.0, 0.0, 0.0], "bboxes": [[0.0, 0.0, 0.0, 0.0], [0.0, 0.0, 0.0, 0.0], [0.0, 0.0, 0.0, 0.0], [0.0, 0.0, 0.0, 0.0], [0.0, 0.0, 0.0, 0.0], [0.0, 0.0, 0.0, 0.0], [0.0, 0.0, 0.0, 0.0], [0.0, 0.0, 0.0, 0.0], [0.0, 0.0, 0.0, 0.0], [0.0, 0.0, 0.0, 0.0], [990.0, 521.0, 1053.0, 531.0], [990.0, 521.0, 1053.0, 531.0], [990.0, 521.0, 1053.0, 531.0], [990.0, 521.0, 1053.0, 531.0], [990.0, 521.0, 1053.0, 531.0], [990.0, 521.0, 1053.0, 531.0], [990.0, 521.0, 1053.0, 531.0], [990.0, 521.0, 1053.0, 531.0], [990.0, 521.0, 1053.0, 531.0], [0.0, 0.0, 0.0, 0.0], [0.0, 0.0, 0.0, 0.0], [0.0, 0.0, 0.0, 0.0], [987.0, 520.0, 1062.0, 531.0], [987.0, 520.0, 1062.0, 531.0], [0.0, 0.0, 0.0, 0.0], [409.0, 536.0, 555.0, 573.0], [0.0, 0.0, 0.0, 0.0], [0.0, 0.0, 0.0, 0.0], [0.0, 0.0, 0.0, 0.0], [0.0, 0.0, 0.0, 0.0], [1018.0, 522.0, 1056.0, 529.0], [1018.0, 522.0, 1056.0, 529.0], [0.0, 0.0, 0.0, 0.0], [0.0, 0.0, 0.0, 0.0], [0.0, 0.0, 0.0, 0.0], [0.0, 0.0, 0.0, 0.0], [1034.0, 525.0, 1044.0, 528.0], [0.0, 0.0, 0.0, 0.0], [0.0, 0.0, 0.0, 0.0], [0.0, 0.0, 0.0, 0.0], [0.0, 0.0, 0.0, 0.0], [678.0, 487.0, 700.0, 507.0], [678.0, 487.0, 700.0, 507.0], [678.0, 487.0, 700.0, 507.0], [678.0, 487.0, 700.0, 507.0], [678.0, 487.0, 700.0, 507.0], [678.0, 487.0, 700.0, 507.0], [0.0, 0.0, 0.0, 0.0], [0.0, 0.0, 0.0, 0.0], [0.0, 0.0, 0.0, 0.0], [0.0, 0.0, 0.0, 0.0], [997.0, 522.0, 1045.0, 530.0], [1040.0, 526.0, 1043.0, 527.0], [0.0, 0.0, 0.0, 0.0], [0.0, 0.0, 0.0, 0.0], [401.0, 389.0, 1609.0, 1080.0], [401.0, 389.0, 1609.0, 1080.0], [0.0, 0.0, 0.0, 0.0], [0.0, 0.0, 0.0, 0.0], [0.0, 0.0, 0.0, 0.0], [405.0, 533.0, 561.0, 575.0], [405.0, 533.0, 561.0, 575.0], [405.0, 533.0, 561.0, 575.0], [405.0, 533.0, 561.0, 575.0], [405.0, 533.0, 561.0, 575.0], [405.0, 533.0, 561.0, 575.0], [405.0, 533.0, 561.0, 575.0], [0.0, 0.0, 0.0, 0.0], [678.0, 491.0, 694.0, 505.0], [678.0, 491.0, 694.0, 505.0], [678.0, 491.0, 694.0, 505.0], [678.0, 491.0, 694.0, 505.0], [678.0, 491.0, 694.0, 505.0], [678.0, 491.0, 694.0, 505.0], [678.0, 491.0, 694.0, 505.0], [678.0, 491.0, 694.0, 505.0], [678.0, 491.0, 694.0, 505.0], [678.0, 491.0, 694.0, 505.0], [678.0, 491.0, 694.0, 505.0], [0.0, 0.0, 0.0, 0.0], [0.0, 0.0, 0.0, 0.0], [0.0, 0.0, 0.0, 0.0], [0.0, 0.0, 0.0, 0.0], [0.0, 0.0, 0.0, 0.0], [0.0, 0.0, 0.0, 0.0], [0.0, 0.0, 0.0, 0.0], [0.0, 0.0, 0.0, 0.0], [0.0, 0.0, 0.0, 0.0], [0.0, 0.0, 0.0, 0.0], [0.0, 0.0, 0.0, 0.0], [0.0, 0.0, 0.0, 0.0], [0.0, 0.0, 0.0, 0.0], [0.0, 0.0, 0.0, 0.0], [0.0, 0.0, 0.0, 0.0], [0.0, 0.0, 0.0, 0.0], [0.0, 0.0, 0.0, 0.0], [0.0, 0.0, 0.0, 0.0], [0.0, 0.0, 0.0, 0.0], [0.0, 0.0, 0.0, 0.0], [0.0, 0.0, 0.0, 0.0]], "masks": [{"size": [1080, 1920], "counts": "PPYo1"}, {"size": [1080, 1920], "counts": "PPYo1"}, {"size": [1080, 1920], "counts": "PPYo1"}, {"size": [1080, 1920], "counts": "PPYo1"}, {"size": [1080, 1920], "counts": "PPYo1"}, {"size": [1080, 1920], "counts": "PPYo1"}, {"size": [1080, 1920], "counts": "PPYo1"}, {"size": [1080, 1920], "counts": "PPYo1"}, {"size": [1080, 1920], "counts": "PPYo1"}, {"size": [1080, 1920], "counts": "PPYo1"}, {"size": [1080, 1920], "counts": "mddP11gQ1001O0O100O100O1000000000000000001O000000O01000000000001O000000000000010O0000000010O00000001O00000001O0000001N1000001O00003Mglal0"}, {"size": [1080, 1920], "counts": "mddP11gQ1001O0O100O100O1000000000000000001O000000O01000000000001O000000000000010O0000000010O00000001O00000001O0000001N1000001O00003Mglal0"}, {"size": [1080, 1920], "counts": "mddP11gQ1001O0O100O100O1000000000000000001O000000O01000000000001O000000000000010O0000000010O00000001O00000001O0000001N1000001O00003Mglal0"}, {"size": [1080, 1920], "counts": "mddP11gQ1001O0O100O100O1000000000000000001O000000O01000000000001O000000000000010O0000000010O00000001O00000001O0000001N1000001O00003Mglal0"}, {"size": [1080, 1920], "counts": "mddP11gQ1001O0O100O100O1000000000000000001O000000O01000000000001O000000000000010O0000000010O00000001O00000001O0000001N1000001O00003Mglal0"}, {"size": [1080, 1920], "counts": "mddP11gQ1001O0O100O100O1000000000000000001O000000O01000000000001O000000000000010O0000000010O00000001O00000001O0000001N1000001O00003Mglal0"}, {"size": [1080, 1920], "counts": "mddP11gQ1001O0O100O100O1000000000000000001O000000O01000000000001O000000000000010O0000000010O00000001O00000001O0000001N1000001O00003Mglal0"}, {"size": [1080, 1920], "counts": "mddP11gQ1001O0O100O100O1000000000000000001O000000O01000000000001O000000000000010O0000000010O00000001O00000001O0000001N1000001O00003Mglal0"}, {"size": [1080, 1920], "counts": "mddP11gQ1001O0O100O100O1000000000000000001O000000O01000000000001O000000000000010O0000000010O00000001O00000001O0000001N1000001O00003Mglal0"}, {"size": [1080, 1920], "counts": "PPYo1"}, {"size": [1080, 1920], "counts": "PPYo1"}, {"size": [1080, 1920], "counts": "PPYo1"}, {"size": [1080, 1920], "counts": "e_aP11fQ12O0O11O000000O1O1000000000000O10001O000001O00O0100000000000O20O000000000000001O01O000001O01O000000001O0001O0000001O0O100000001O0000001O1O1O00000000o\\Xl0"}, {"size": [1080, 1920], "counts": "e_aP11fQ12O0O11O000000O1O1000000000000O10001O000001O00O0100000000000O20O000000000000001O01O000001O01O000000001O0001O0000001O0O100000001O0000001O1O1O00000000o\\Xl0"}, {"size": [1080, 1920], "counts": "PPYo1"}, {"size": [1080, 1920], "counts": "Zm_=1dQ15L3N2N1010O01O1O001O0000000000000O100O2O01O0O101O000000000000000O2M2O1000000O0L500000O1000000O10001N100O2M3N2N2O0O2O0O100O101N100O1O1O101O000O101N10000O110O00000O1O2O0000001O000O1000000001O0O1001O00000001O000O100O10001N1O1O2O0O1O1O2N1O2N1N3M2O2N1O2O1N4ITe<1oZC00000000OdSo\\1"}, {"size": [1080, 1920], "counts": "PPYo1"}, {"size": [1080, 1920], "counts": "PPYo1"}, {"size": [1080, 1920], "counts": "PPYo1"}, {"size": [1080, 1920], "counts": "PPYo1"}, {"size": [1080, 1920], "counts": "jUbQ11gQ100000000000cZ60\\eI101O0O1O101O0001O01O01N10001N100000000001O0001Ncg^l0"}, {"size": [1080, 1920], "counts": "jUbQ11gQ100000000000cZ60\\eI101O0O1O101O0001O01O01N10001N100000000001O0001Ncg^l0"}, {"size": [1080, 1920], "counts": "PPYo1"}, {"size": [1080, 1920], "counts": "PPYo1"}, {"size": [1080, 1920], "counts": "PPYo1"}, {"size": [1080, 1920], "counts": "PPYo1"}, {"size": [1080, 1920], "counts": "mQSR12fQ1000000001O000001Nc\\kl0"}, {"size": [1080, 1920], "counts": "PPYo1"}, {"size": [1080, 1920], "counts": "PPYo1"}, {"size": [1080, 1920], "counts": "PPYo1"}, {"size": [1080, 1920], "counts": "PPYo1"}, {"size": [1080, 1920],