{"labels": [12, 2, 3, 4, 6, 7, 8, 10, 11, 1, 3, 6, 10, 2, 10, 12, 2, 1, 6, 10, 7, 12, 7, 7, 10, 8, 2, 3, 4, 7, 8, 7, 10, 7, 0, 10, 2, 3, 4, 7, 10, 12, 19, 10, 3, 7, 10, 12, 1, 10, 10, 2, 7, 10, 19, 2, 7, 10, 12, 0, 1, 3, 4, 7, 8, 10, 11, 12, 19, 20, 2, 10, 1, 2, 3, 4, 6, 7, 8, 10, 12, 19, 20, 2, 12, 2, 10, 2, 4, 6, 7, 8, 10, 12, 19, 1, 6, 8, 11, 2], "scores": [0.0, 0.0, 0.0, 0.0, 0.0, 0.0, 0.0, 0.0, 0.0, 0.0008058563689701259, 0.0002876773360185325, 0.0019485290395095944, 0.00021438192925415933, 0.0, 0.0, 0.0, 0.0, 0.0016591844614595175, 0.00034677694202400744, 0.001274106209166348, 0.00017525715520605445, 0.0001479154161643237, 0.00030840805266052485, 0.00020252248214092106, 0.0012975767021998763, 0.0, 0.00021365196153055876, 0.7086235284805298, 0.0011046533472836018, 0.0003095581487286836, 0.00031100024352781475, 0.00019048615649808198, 0.00040146560058929026, 0.00027377542573958635, 0.0, 0.0, 0.0, 0.0, 0.0, 0.0, 0.0, 0.0, 0.0, 0.0, 0.0, 0.0, 0.0, 0.0, 0.0008992223883979023, 0.0015701212687417865, 0.00018839490076061338, 0.0, 0.0, 0.0, 0.9863343238830566, 0.00014977667888160795, 0.00015429033373948187, 0.00028645730344578624, 0.0005789464921690524, 0.00027957677957601845, 0.00640836451202631, 0.0004174008790869266, 0.0003318505478091538, 0.0008183258469216526, 0.031796734780073166, 0.01608607918024063, 0.00039375110645778477, 0.0013782029272988439, 0.00099460082128644, 0.00017242567264474928, 0.0, 0.0, 0.0, 0.0, 0.0, 0.0, 0.0, 0.0, 0.0, 0.0, 0.0, 0.0, 0.0, 0.0, 0.0, 0.0, 0.0, 0.0, 0.0, 0.0, 0.0, 0.0, 0.0, 0.0, 0.0, 0.00025118919438682497, 0.00013933282752986997, 0.00012703709944617003, 0.0014829658903181553, 0.0], "bboxes": [[0.0, 0.0, 0.0, 0.0], [0.0, 0.0, 0.0, 0.0], [0.0, 0.0, 0.0, 0.0], [0.0, 0.0, 0.0, 0.0], [0.0, 0.0, 0.0, 0.0], [0.0, 0.0, 0.0, 0.0], [0.0, 0.0, 0.0, 0.0], [0.0, 0.0, 0.0, 0.0], [0.0, 0.0, 0.0, 0.0], [981.0, 519.0, 1091.0, 546.0], [981.0, 519.0, 1091.0, 546.0], [981.0, 519.0, 1091.0, 546.0], [981.0, 519.0, 1091.0, 546.0], [0.0, 0.0, 0.0, 0.0], [0.0, 0.0, 0.0, 0.0], [0.0, 0.0, 0.0, 0.0], [0.0, 0.0, 0.0, 0.0], [998.0, 522.0, 1055.0, 538.0], [998.0, 522.0, 1055.0, 538.0], [405.0, 543.0, 535.0, 581.0], [479.0, 568.0, 491.0, 571.0], [479.0, 568.0, 491.0, 571.0], [984.0, 521.0, 1072.0, 534.0], [454.0, 546.0, 520.0, 579.0], [454.0, 546.0, 520.0, 579.0], [0.0, 0.0, 0.0, 0.0], [986.0, 520.0, 1059.0, 543.0], [986.0, 520.0, 1059.0, 543.0], [986.0, 520.0, 1059.0, 543.0], [986.0, 520.0, 1059.0, 543.0], [986.0, 520.0, 1059.0, 543.0], [973.0, 500.0, 1267.0, 539.0], [997.0, 522.0, 1058.0, 532.0], [1008.0, 522.0, 1056.0, 531.0], [0.0, 0.0, 0.0, 0.0], [0.0, 0.0, 0.0, 0.0], [0.0, 0.0, 0.0, 0.0], [0.0, 0.0, 0.0, 0.0], [0.0, 0.0, 0.0, 0.0], [0.0, 0.0, 0.0, 0.0], [0.0, 0.0, 0.0, 0.0], [0.0, 0.0, 0.0, 0.0], [0.0, 0.0, 0.0, 0.0], [0.0, 0.0, 0.0, 0.0], [0.0, 0.0, 0.0, 0.0], [0.0, 0.0, 0.0, 0.0], [0.0, 0.0, 0.0, 0.0], [0.0, 0.0, 0.0, 0.0], [452.0, 546.0, 522.0, 579.0], [452.0, 546.0, 522.0, 579.0], [1048.0, 525.0, 1051.0, 528.0], [0.0, 0.0, 0.0, 0.0], [0.0, 0.0, 0.0, 0.0], [0.0, 0.0, 0.0, 0.0], [401.0, 392.0, 1608.0, 1080.0], [532.0, 556.0, 546.0, 564.0], [532.0, 556.0, 546.0, 564.0], [532.0, 556.0, 546.0, 564.0], [532.0, 556.0, 546.0, 564.0], [405.0, 532.0, 552.0, 583.0], [405.0, 532.0, 552.0, 583.0], [405.0, 532.0, 552.0, 583.0], [405.0, 532.0, 552.0, 583.0], [405.0, 532.0, 552.0, 583.0], [405.0, 532.0, 552.0, 583.0], [405.0, 532.0, 552.0, 583.0], [405.0, 532.0, 552.0, 583.0], [405.0, 532.0, 552.0, 583.0], [405.0, 532.0, 552.0, 583.0], [405.0, 532.0, 552.0, 583.0], [0.0, 0.0, 0.0, 0.0], [0.0, 0.0, 0.0, 0.0], [0.0, 0.0, 0.0, 0.0], [0.0, 0.0, 0.0, 0.0], [0.0, 0.0, 0.0, 0.0], [0.0, 0.0, 0.0, 0.0], [0.0, 0.0, 0.0, 0.0], [0.0, 0.0, 0.0, 0.0], [0.0, 0.0, 0.0, 0.0], [0.0, 0.0, 0.0, 0.0], [0.0, 0.0, 0.0, 0.0], [0.0, 0.0, 0.0, 0.0], [0.0, 0.0, 0.0, 0.0], [0.0, 0.0, 0.0, 0.0], [0.0, 0.0, 0.0, 0.0], [0.0, 0.0, 0.0, 0.0], [0.0, 0.0, 0.0, 0.0], [0.0, 0.0, 0.0, 0.0], [0.0, 0.0, 0.0, 0.0], [0.0, 0.0, 0.0, 0.0], [0.0, 0.0, 0.0, 0.0], [0.0, 0.0, 0.0, 0.0], [0.0, 0.0, 0.0, 0.0], [0.0, 0.0, 0.0, 0.0], [0.0, 0.0, 0.0, 0.0], [1018.0, 522.0, 1052.0, 529.0], [1018.0, 522.0, 1052.0, 529.0], [1018.0, 522.0, 1052.0, 529.0], [1018.0, 522.0, 1052.0, 529.0], [0.0, 0.0, 0.0, 0.0]], "masks": [{"size": [1080, 1920], "counts": "PPYo1"}, {"size": [1080, 1920], "counts": "PPYo1"}, {"size": [1080, 1920], "counts": "PPYo1"}, {"size": [1080, 1920], "counts": "PPYo1"}, {"size": [1080, 1920], "counts": "PPYo1"}, {"size": [1080, 1920], "counts": "PPYo1"}, {"size": [1080, 1920], "counts": "PPYo1"}, {"size": [1080, 1920], "counts": "PPYo1"}, {"size": [1080, 1920], "counts": "PPYo1"}, {"size": [1080, 1920], "counts": "VU[P11gQ12N1N101O000O2O001N1000001N10001O0O2O001O0O2O0000000000001O0O10001O001O001O00001O00001O00000001O000001O001O0000000001O00000000O1001O0O10000O2O0O2N100O2N101O0O2O1N101O000000001O00001O00001O001O0000000000000O2O0O100O1000SjYk0"}, {"size": [1080, 1920], "counts": "VU[P11gQ12N1N101O000O2O001N1000001N10001O0O2O001O0O2O0000000000001O0O10001O001O001O00001O00001O00000001O000001O001O0000000001O00000000O1001O0O10000O2O0O2N100O2N101O0O2O1N101O000000001O00001O00001O001O0000000000000O2O0O100O1000SjYk0"}, {"size": [1080, 1920], "counts": "VU[P11gQ12N1N101O000O2O001N1000001N10001O0O2O001O0O2O0000000000001O0O10001O001O001O00001O00001O00000001O000001O001O0000000001O00000000O1001O0O10000O2O0O2N100O2N101O0O2O1N101O000000001O00001O00001O001O0000000000000O2O0O100O1000SjYk0"}, {"size": [1080, 1920], "counts": "VU[P11gQ12N1N101O000O2O001N1000001N10001O0O2O001O0O2O0000000000001O0O10001O001O001O00001O00001O00000001O000001O001O0000000001O00000000O1001O0O10000O2O0O2N100O2N101O0O2O1N101O000000001O00001O00001O001O0000000000000O2O0O100O1000SjYk0"}, {"size": [1080, 1920], "counts": "PPYo1"}, {"size": [1080, 1920], "counts": "PPYo1"}, {"size": [1080, 1920], "counts": "PPYo1"}, {"size": [1080, 1920], "counts": "PPYo1"}, {"size": [1080, 1920], "counts": "nRmP11fQ12O001O1O001N101O00001O0O101O0000001N1000001O00000000001O0000000001O000000000O1010O001O00O101O00000000001M3M3M3OWi_l0"}, {"size": [1080, 1920], "counts": "nRmP11fQ12O001O1O001N101O00001O0O101O0000001N1000001O00000000001O0000000001O000000000O1010O001O00O101O00000000001M3M3M3OWi_l0"}, {"size": [1080, 1920], "counts": "Sf[=7^Q16L3L4M6J10000N21O3L2O1O001O1O0O2O1O001O2GhnNN[Q154M001NQe<MS[C1N3N0O2M2O1O1N2O2O0O101N1O101O001O000O2N1O101O00001N10001O0000001N100000000O101O0O100000O100000000000O10000O01O10O0101N10000O1O1O1O2N1M4N2N2M2N2O1O102N2M4M2N00QW4OohK1000000001OZVd]1"}, {"size": [1080, 1920], "counts": "Qhi?2fQ10000000O1000000001O00obR_1"}, {"size": [1080, 1920], "counts": "Qhi?2fQ10000000O1000000001O00obR_1"}, {"size": [1080, 1920], "counts": "^Z^P11gQ11O000O1000000000000O1000001O000O1000000O100000000000001O00000000000O1000001O000000001O0000000001O00000O10001O000001O001O0O10001O01O0O101O0O101O001N`c;Le\\D0[kmk0"}, {"size": [1080, 1920], "counts": "U\\o>2fQ11N2M3N2N1O1O2O0O2O0O1O2O001N2O00001N101O0O10000O2O00000000000000000O100O1000000O010O10O1O10O0100O2O0O100O1O1N2M4N1O2N2M2O1O2O1O2MgPT^1"}, {"size": [1080, 1920], "counts": "U\\o>2fQ11N2M3N2N1O1O2O0O2O0O1O2O001N2O00001N101O0O10000O2O00000000000000000O100O1000000O010O10O1O10O0100O2O0O100O1O1N2M4N1O2N2M2O1O2O1O2MgPT^1"}, {"size": [1080, 1920], "counts": "PPYo1"}, {"size": [1080, 1920], "counts": "n]`P14dQ10O2O0O1000000O10001N10000O2O00001N101O001O000000001O0000001O001O001O001O001O001OO10001O0000001O000000000000000000000O100000000O1O2M3L3O2N101N4LXb[l0"}, {"size": [1080, 1920], "counts": "n]`P14dQ10O2O0O1000000O10001N10000O2O00001N101O001O000000001O0000001O001O001O001O001O001OO10001O0000001O000000000000000000000O100000000O1O2M3L3O2N101N4LXb[l0"}, {"size": [1080, 1920], "counts": "n]`P14dQ10O2O0O1000000O10001N10000O2O00001N101O001O000000001O0000001O001O001O001O001O001OO10001O0000001O000000000000000000000O100000000O1O2M3L3O2N101N4LXb[l0"}, {"size": [1080, 1920],