{"labels": [12, 7, 2, 3, 4, 6, 7, 8, 10, 11, 1, 3, 4, 6, 10, 12, 10, 2, 1, 10, 7, 12, 7, 10, 1, 2, 3, 4, 7, 8, 7, 4, 10, 0, 10, 2, 3, 4, 7, 10, 12, 19, 3, 7, 10, 12, 1, 10, 10, 10, 19, 7, 7, 10, 12, 0, 1, 2, 3, 4, 6, 7, 8, 10, 11, 12, 14, 19, 20, 21, 22, 2, 10, 1, 2, 3, 4, 6, 7, 10, 12, 19, 2, 2, 2, 4, 6, 7, 8, 10, 12, 19, 1, 6, 7, 8, 10, 11, 12, 2], "scores": [0.0, 0.0, 0.0, 0.0, 0.0, 0.0, 0.0, 0.0, 0.0, 0.0, 0.0012091882526874542, 0.00035054655745625496, 0.00021207013924140483, 0.002640692051500082, 0.00028835306875407696, 0.00017221635789610445, 0.0, 0.0, 0.0003749258758034557, 0.0011741970665752888, 0.0, 0.0, 0.0, 0.0, 0.00014049801393412054, 0.0002356210898142308, 0.6661545634269714, 0.0018502766033634543, 0.00035367460804991424, 0.0001840283366618678, 0.0002802394737955183, 0.00013372284593060613, 0.0004981741076335311, 0.00021216258755885065, 0.0, 0.0, 0.0, 0.0, 0.0, 0.0, 0.0, 0.0, 0.00016790698282420635, 0.00023388187400996685, 0.00026020852965302765, 0.00017519625544082373, 0.0025298926047980785, 0.002009942661970854, 0.0001822986378101632, 0.0, 0.9844875335693359, 0.00011621051817201078, 9.386261081090197e-05, 0.0002085120795527473, 0.0002540418936405331, 0.00026443670503795147, 0.004438938107341528, 0.00022930845443625003, 0.001070983475074172, 0.0004668324254453182, 0.00019188184523954988, 0.0008890623576007783, 0.12154312431812286, 0.011733043007552624, 0.00034189189318567514, 0.002404166152700782, 0.00016490077541675419, 0.0013441990595310926, 0.0001971769379451871, 0.00020638835849240422, 0.00033048365730792284, 0.0, 0.0, 0.0, 0.0, 0.0, 0.0, 0.0, 0.0, 0.0, 0.0, 0.0, 0.0, 0.0, 0.0, 0.0, 0.0, 0.0, 0.0, 0.0, 0.0, 0.0, 0.0, 0.0, 0.0, 0.0, 0.0, 0.0, 0.0, 9.346814476884902e-05], "bboxes": [[0.0, 0.0, 0.0, 0.0], [0.0, 0.0, 0.0, 0.0], [0.0, 0.0, 0.0, 0.0], [0.0, 0.0, 0.0, 0.0], [0.0, 0.0, 0.0, 0.0], [0.0, 0.0, 0.0, 0.0], [0.0, 0.0, 0.0, 0.0], [0.0, 0.0, 0.0, 0.0], [0.0, 0.0, 0.0, 0.0], [0.0, 0.0, 0.0, 0.0], [987.0, 520.0, 1072.0, 540.0], [987.0, 520.0, 1072.0, 540.0], [987.0, 520.0, 1072.0, 540.0], [987.0, 520.0, 1072.0, 540.0], [987.0, 520.0, 1072.0, 540.0], [988.0, 521.0, 1060.0, 534.0], [0.0, 0.0, 0.0, 0.0], [0.0, 0.0, 0.0, 0.0], [995.0, 521.0, 1062.0, 538.0], [405.0, 543.0, 529.0, 586.0], [0.0, 0.0, 0.0, 0.0], [0.0, 0.0, 0.0, 0.0], [0.0, 0.0, 0.0, 0.0], [0.0, 0.0, 0.0, 0.0], [988.0, 520.0, 1060.0, 539.0], [988.0, 520.0, 1060.0, 539.0], [988.0, 520.0, 1060.0, 539.0], [988.0, 520.0, 1060.0, 539.0], [988.0, 520.0, 1060.0, 539.0], [988.0, 520.0, 1060.0, 539.0], [980.0, 498.0, 1267.0, 536.0], [991.0, 522.0, 1060.0, 534.0], [991.0, 522.0, 1060.0, 534.0], [1254.0, 501.0, 1260.0, 503.0], [0.0, 0.0, 0.0, 0.0], [0.0, 0.0, 0.0, 0.0], [0.0, 0.0, 0.0, 0.0], [0.0, 0.0, 0.0, 0.0], [0.0, 0.0, 0.0, 0.0], [0.0, 0.0, 0.0, 0.0], [0.0, 0.0, 0.0, 0.0], [0.0, 0.0, 0.0, 0.0], [504.0, 556.0, 508.0, 560.0], [504.0, 556.0, 508.0, 560.0], [504.0, 556.0, 508.0, 560.0], [504.0, 556.0, 508.0, 560.0], [413.0, 544.0, 530.0, 584.0], [413.0, 544.0, 530.0, 584.0], [1020.0, 525.0, 1053.0, 531.0], [0.0, 0.0, 0.0, 0.0], [401.0, 390.0, 1609.0, 1080.0], [997.0, 522.0, 1059.0, 533.0], [505.0, 557.0, 507.0, 559.0], [505.0, 557.0, 507.0, 559.0], [505.0, 557.0, 507.0, 559.0], [404.0, 531.0, 560.0, 588.0], [404.0, 531.0, 560.0, 588.0], [404.0, 531.0, 560.0, 588.0], [404.0, 531.0, 560.0, 588.0], [404.0, 531.0, 560.0, 588.0], [404.0, 531.0, 560.0, 588.0], [404.0, 531.0, 560.0, 588.0], [404.0, 531.0, 560.0, 588.0], [404.0, 531.0, 560.0, 588.0], [404.0, 531.0, 560.0, 588.0], [404.0, 531.0, 560.0, 588.0], [404.0, 531.0, 560.0, 588.0], [404.0, 531.0, 560.0, 588.0], [404.0, 531.0, 560.0, 588.0], [404.0, 531.0, 560.0, 588.0], [404.0, 531.0, 560.0, 588.0], [0.0, 0.0, 0.0, 0.0], [0.0, 0.0, 0.0, 0.0], [0.0, 0.0, 0.0, 0.0], [0.0, 0.0, 0.0, 0.0], [0.0, 0.0, 0.0, 0.0], [0.0, 0.0, 0.0, 0.0], [0.0, 0.0, 0.0, 0.0], [0.0, 0.0, 0.0, 0.0], [0.0, 0.0, 0.0, 0.0], [0.0, 0.0, 0.0, 0.0], [0.0, 0.0, 0.0, 0.0], [0.0, 0.0, 0.0, 0.0], [0.0, 0.0, 0.0, 0.0], [0.0, 0.0, 0.0, 0.0], [0.0, 0.0, 0.0, 0.0], [0.0, 0.0, 0.0, 0.0], [0.0, 0.0, 0.0, 0.0], [0.0, 0.0, 0.0, 0.0], [0.0, 0.0, 0.0, 0.0], [0.0, 0.0, 0.0, 0.0], [0.0, 0.0, 0.0, 0.0], [0.0, 0.0, 0.0, 0.0], [0.0, 0.0, 0.0, 0.0], [0.0, 0.0, 0.0, 0.0], [0.0, 0.0, 0.0, 0.0], [0.0, 0.0, 0.0, 0.0], [0.0, 0.0, 0.0, 0.0], [0.0, 0.0, 0.0, 0.0], [505.0, 557.0, 507.0, 559.0]], "masks": [{"size": [1080, 1920], "counts": "PPYo1"}, {"size": [1080, 1920], "counts": "PPYo1"}, {"size": [1080, 1920], "counts": "PPYo1"}, {"size": [1080, 1920], "counts": "PPYo1"}, {"size": [1080, 1920], "counts": "PPYo1"}, {"size": [1080, 1920], "counts": "PPYo1"}, {"size": [1080, 1920], "counts": "PPYo1"}, {"size": [1080, 1920], "counts": "PPYo1"}, {"size": [1080, 1920], "counts": "PPYo1"}, {"size": [1080, 1920], "counts": "PPYo1"}, {"size": [1080, 1920], "counts": "f_aP11fQ13N1O0O101O0O10001O0O2O00001O0O101O0000001O000O10001O000000001O0000001O00001O01O0O10000001O000000000001O00001O001O0000001O0O10000000001N1O2O0O2O001N102NRW4NPiK0000O\\kmk0"}, {"size": [1080, 1920], "counts": "f_aP11fQ13N1O0O101O0O10001O0O2O00001O0O101O0000001O000O10001O000000001O0000001O00001O01O0O10000001O000000000001O00001O001O0000001O0O10000000001N1O2O0O2O001N102NRW4NPiK0000O\\kmk0"}, {"size": [1080, 1920], "counts": "f_aP11fQ13N1O0O101O0O10001O0O2O00001O0O101O0000001O000O10001O000000001O0000001O00001O01O0O10000001O000000000001O00001O001O0000001O0O10000000001N1O2O0O2O001N102NRW4NPiK0000O\\kmk0"}, {"size": [1080, 1920], "counts": "f_aP11fQ13N1O0O101O0O10001O0O2O00001O0O101O0000001O000O10001O000000001O0000001O00001O01O0O10000001O000000000001O00001O001O0000001O0O10000000001N1O2O0O2O001N102NRW4NPiK0000O\\kmk0"}, {"size": [1080, 1920], "counts": "f_aP11fQ13N1O0O101O0O10001O0O2O00001O0O101O0000001O000O10001O000000001O0000001O00001O01O0O10000001O000000000001O00001O001O0000001O0O10000000001N1O2O0O2O001N102NRW4NPiK0000O\\kmk0"}, {"size": [1080, 1920], "counts": "]abP12fQ1001O00000O100000000O101O00000O1000000000000000001N1000000000001O0000000000000001O0000001O01O0000001O00001O01O000000001O0000000000001O0O2O1N2O_`Zl0"}, {"size": [1080, 1920], "counts": "PPYo1"}, {"size": [1080, 1920], "counts": "PPYo1"}, {"size": [1080, 1920], "counts": "fmiP11fQ12O001N2O000O2O0000000O2O0000001O00001N10001O00000000001O000000000001O0001O001O00000001O001O000O2O0000001O000000000O101O1N101N101O0MQ]Xl0"}, {"size": [1080, 1920], "counts": "Vf[=b0QQ17L2N3N2N2N2N1O2N101O0000010O0010O000O10000000000O2O0O101O001O1O000O100O2N1O2N101N1O1000000010O1N101N2N2O0001N100000O2O0O101O0O101O0001OO100O1O1O100000001O00000O2O000000O100000000O100O10000O10000O1O100O101N100O1O2N100N2O2N1O1O2N1N3N1O2N2M3N2N101MPaj]1"}, {"size": [1080, 1920], "counts": "PPYo1"}, {"size": [1080, 1920], "counts": "PPYo1"}, {"size": [1080, 1920], "counts": "PPYo1"}, {"size": [1080, 1920], "counts": "PPYo1"}, {"size": [1080, 1920], "counts": "^abP11fQ13N0O2O000O10001N1000000O2O0000001O00001N10001O000000001O000000000001O0001O00000001O000001O0000001O0000O2O0000001O0000001N100000001O0O2N102L3M``Zl0"}, {"size": [1080, 1920], "counts": "^abP11fQ13N0O2O000O10001N1000000O2O0000001O00001N10001O000000001O000000000001O0001O00000001O000001O0000001O0000O2O0000001O0000001N100000001O0O2N102L3M``Zl0"}, {"size": [1080, 1920], "counts": "^abP11fQ13N0O2O000O10001N1000000O2O0000001O00001N10001O000000001O000000000001O0001O00000001O000001O0000001O0000O2O0000001O0000001N100000001O0O2N102L3M``Zl0"}, {"size": [1080, 1920], "counts": "^abP11fQ13N0O2O000O10001N1000000O2O0000001O00001N10001O000000001O000000000001O0001O00000001O000001O0000001O0000O2O0000001O0000001N100000001O0O2N102L3M``Zl0"}, {"size": [1080, 1920], "counts": "^abP11fQ13N0O2O000O10001N1000000O2O0000001O00001N10001O000000001O000000000001O0001O00000001O000001O0000001O0000O2O0000001O0000001N100000001O0O2N102L3M``Zl0"}, {"size": [1080, 1920], "counts": "^abP11fQ13N0O2O000O10001N1000000O2O0000001O00001N10001O000000001O000000000001O0001O00000001O000001O0000001O0000O2O0000001O0000001N100000001O0O2N102L3M``Zl0"}, {"size": [1080, 1920],