{"labels": [12, 0, 2, 3, 4, 6, 7, 8, 10, 11, 12, 2, 12, 0, 1, 2, 3, 4, 6, 7, 8, 10, 11, 12, 19, 10, 2, 10, 1, 2, 10, 7, 12, 7, 10, 8, 3, 4, 7, 12, 10, 1, 2, 3, 4, 7, 8, 10, 14, 19, 3, 7, 10, 12, 1, 10, 2, 19, 10, 12, 0, 1, 2, 3, 4, 7, 8, 10, 11, 12, 19, 1, 2, 3, 4, 6, 7, 8, 10, 14, 19, 21, 2, 12, 2, 12, 2, 7, 8, 10, 12, 19, 1, 6, 7, 8, 10, 11, 12, 7], "scores": [0.00035879563074558973, 0.0, 0.0, 0.0, 0.0, 0.0, 0.0, 0.0, 0.0, 0.0, 0.0, 0.0001414220459992066, 0.0001340678136330098, 0.0, 0.0, 0.0, 0.0, 0.0, 0.0, 0.0, 0.0, 0.0, 0.0, 0.0, 0.0, 0.0, 0.0, 0.0, 0.00021694877068512142, 0.0, 0.0010149595327675343, 0.0, 0.0, 0.0, 0.0, 0.0, 0.6664326786994934, 0.0006407342152670026, 0.0002085470623569563, 0.0, 0.0, 0.0, 0.0, 0.0, 0.0, 0.0, 0.0, 0.0, 0.0, 0.0, 0.0, 0.0, 0.0, 0.0, 0.0012886208714917302, 0.005759091582149267, 0.0, 0.9865174889564514, 0.0, 0.0, 0.0002246797812404111, 0.0021625033114105463, 0.0001963581016752869, 0.0002705696679186076, 0.00031196075724437833, 0.0009967552032321692, 0.026982873678207397, 0.013017123565077782, 0.00022781806183047593, 0.0032654928509145975, 0.0009804053697735071, 0.0006917562568560243, 0.018665481358766556, 0.0035689081996679306, 0.4834206998348236, 0.0003798223042394966, 0.0011626390041783452, 0.001213333336636424, 0.01588098518550396, 0.0003509550297167152, 0.0005112315411679447, 0.0003670926671475172, 0.0, 0.0, 0.0, 0.0, 0.0, 0.0, 0.0, 0.0, 0.0, 0.0, 0.0, 0.0, 0.0, 0.0, 0.0, 0.0, 0.0, 0.0], "bboxes": [[1284.0, 458.0, 1356.0, 501.0], [0.0, 0.0, 0.0, 0.0], [0.0, 0.0, 0.0, 0.0], [0.0, 0.0, 0.0, 0.0], [0.0, 0.0, 0.0, 0.0], [0.0, 0.0, 0.0, 0.0], [0.0, 0.0, 0.0, 0.0], [0.0, 0.0, 0.0, 0.0], [0.0, 0.0, 0.0, 0.0], [0.0, 0.0, 0.0, 0.0], [0.0, 0.0, 0.0, 0.0], [1294.0, 471.0, 1336.0, 491.0], [1294.0, 471.0, 1336.0, 491.0], [0.0, 0.0, 0.0, 0.0], [0.0, 0.0, 0.0, 0.0], [0.0, 0.0, 0.0, 0.0], [0.0, 0.0, 0.0, 0.0], [0.0, 0.0, 0.0, 0.0], [0.0, 0.0, 0.0, 0.0], [0.0, 0.0, 0.0, 0.0], [0.0, 0.0, 0.0, 0.0], [0.0, 0.0, 0.0, 0.0], [0.0, 0.0, 0.0, 0.0], [0.0, 0.0, 0.0, 0.0], [0.0, 0.0, 0.0, 0.0], [0.0, 0.0, 0.0, 0.0], [0.0, 0.0, 0.0, 0.0], [0.0, 0.0, 0.0, 0.0], [1020.0, 481.0, 1308.0, 531.0], [0.0, 0.0, 0.0, 0.0], [473.0, 551.0, 552.0, 586.0], [0.0, 0.0, 0.0, 0.0], [0.0, 0.0, 0.0, 0.0], [0.0, 0.0, 0.0, 0.0], [0.0, 0.0, 0.0, 0.0], [0.0, 0.0, 0.0, 0.0], [1001.0, 522.0, 1055.0, 536.0], [1001.0, 522.0, 1055.0, 536.0], [1013.0, 449.0, 1373.0, 532.0], [0.0, 0.0, 0.0, 0.0], [0.0, 0.0, 0.0, 0.0], [0.0, 0.0, 0.0, 0.0], [0.0, 0.0, 0.0, 0.0], [0.0, 0.0, 0.0, 0.0], [0.0, 0.0, 0.0, 0.0], [0.0, 0.0, 0.0, 0.0], [0.0, 0.0, 0.0, 0.0], [0.0, 0.0, 0.0, 0.0], [0.0, 0.0, 0.0, 0.0], [0.0, 0.0, 0.0, 0.0], [0.0, 0.0, 0.0, 0.0], [0.0, 0.0, 0.0, 0.0], [0.0, 0.0, 0.0, 0.0], [0.0, 0.0, 0.0, 0.0], [485.0, 554.0, 543.0, 584.0], [485.0, 554.0, 543.0, 584.0], [0.0, 0.0, 0.0, 0.0], [404.0, 394.0, 1608.0, 1080.0], [0.0, 0.0, 0.0, 0.0], [0.0, 0.0, 0.0, 0.0], [408.0, 545.0, 559.0, 588.0], [408.0, 545.0, 559.0, 588.0], [408.0, 545.0, 559.0, 588.0], [408.0, 545.0, 559.0, 588.0], [408.0, 545.0, 559.0, 588.0], [408.0, 545.0, 559.0, 588.0], [408.0, 545.0, 559.0, 588.0], [408.0, 545.0, 559.0, 588.0], [408.0, 545.0, 559.0, 588.0], [408.0, 545.0, 559.0, 588.0], [408.0, 545.0, 559.0, 588.0], [677.0, 500.0, 690.0, 515.0], [677.0, 500.0, 690.0, 515.0], [677.0, 500.0, 690.0, 515.0], [677.0, 500.0, 690.0, 515.0], [677.0, 500.0, 690.0, 515.0], [677.0, 500.0, 690.0, 515.0], [677.0, 500.0, 690.0, 515.0], [677.0, 500.0, 690.0, 515.0], [677.0, 500.0, 690.0, 515.0], [677.0, 500.0, 690.0, 515.0], [677.0, 500.0, 690.0, 515.0], [0.0, 0.0, 0.0, 0.0], [0.0, 0.0, 0.0, 0.0], [0.0, 0.0, 0.0, 0.0], [0.0, 0.0, 0.0, 0.0], [0.0, 0.0, 0.0, 0.0], [0.0, 0.0, 0.0, 0.0], [0.0, 0.0, 0.0, 0.0], [0.0, 0.0, 0.0, 0.0], [0.0, 0.0, 0.0, 0.0], [0.0, 0.0, 0.0, 0.0], [0.0, 0.0, 0.0, 0.0], [0.0, 0.0, 0.0, 0.0], [0.0, 0.0, 0.0, 0.0], [0.0, 0.0, 0.0, 0.0], [0.0, 0.0, 0.0, 0.0], [0.0, 0.0, 0.0, 0.0], [0.0, 0.0, 0.0, 0.0], [0.0, 0.0, 0.0, 0.0]], "masks": [{"size": [1080, 1920], "counts": "`fZZ12bQ16L3OO01O1O1O100O100O001O01O0100000O0O2O00001O100O00100O1000O010O010O01O0100O010O00100O100O010O1O10O010O1O01O01O001N1010000O010O001N2O001O1O1Mi\\bb0"}, {"size": [1080, 1920], "counts": "PPYo1"}, {"size": [1080, 1920], "counts": "PPYo1"}, {"size": [1080, 1920], "counts": "PPYo1"}, {"size": [1080, 1920], "counts": "PPYo1"}, {"size": [1080, 1920], "counts": "PPYo1"}, {"size": [1080, 1920], "counts": "PPYo1"}, {"size": [1080, 1920], "counts": "PPYo1"}, {"size": [1080, 1920], "counts": "PPYo1"}, {"size": [1080, 1920], "counts": "PPYo1"}, {"size": [1080, 1920], "counts": "PPYo1"}, {"size": [1080, 1920], "counts": "jWeZ11fQ11O1N2O11NdX5O^gJ00000000O100000O11N1000]S20blM1000OVU30kjL1N1O10O0100001NY_Wc0"}, {"size": [1080, 1920], "counts": "jWeZ11fQ11O1N2O11NdX5O^gJ00000000O100000O11N1000]S20blM1000OVU30kjL1N1O10O0100001NY_Wc0"}, {"size": [1080, 1920], "counts": "PPYo1"}, {"size": [1080, 1920], "counts": "PPYo1"}, {"size": [1080, 1920], "counts": "PPYo1"}, {"size": [1080, 1920], "counts": "PPYo1"}, {"size": [1080, 1920], "counts": "PPYo1"}, {"size": [1080, 1920], "counts": "PPYo1"}, {"size": [1080, 1920], "counts": "PPYo1"}, {"size": [1080, 1920], "counts": "PPYo1"}, {"size": [1080, 1920], "counts": "PPYo1"}, {"size": [1080, 1920], "counts": "PPYo1"}, {"size": [1080, 1920], "counts": "PPYo1"}, {"size": [1080, 1920], "counts": "PPYo1"}, {"size": [1080, 1920], "counts": "PPYo1"}, {"size": [1080, 1920], "counts": "PPYo1"}, {"size": [1080, 1920], "counts": "PPYo1"}, {"size": [1080, 1920], "counts": "^YdQ11gQ11O1N100000001O0O100010O000000001O002N1O00ml\\80RScG1\\Z6OeeI000ooTd0"}, {"size": [1080, 1920], "counts": "PPYo1"}, {"size": [1080, 1920], "counts": "m]c?1gQ11N1N10100000N3N02N3M1J7N100O100O1O1O2N100O1O1O1O1O1O2N101N1O010O10O1O01000O1O100O1O010O1O10000O1O1O1N2O1O1O1N2N201N100000001N10000000O2OO100O100O101O00001MhXR]1"}, {"size": [1080, 1920], "counts": "PPYo1"}, {"size": [1080, 1920], "counts": "PPYo1"}, {"size": [1080, 1920], "counts": "PPYo1"}, {"size": [1080, 1920], "counts": "PPYo1"}, {"size": [1080, 1920], "counts": "PPYo1"}, {"size": [1080, 1920], "counts": "VXPQ11fQ12O1N2O001N10000O101O00000000000000001O0001O010O00O10000O11O01O00000001O00001O010O0O101O1O001O00001O002M2OSi_l0"}, {"size": [1080, 1920], "counts": "VXPQ11fQ12O1N2O001N10000O101O00000000000000001O0001O010O00O10000O11O01O00000001O00001O010O0O101O1O001O00001O002M2OSi_l0"}, {"size": [1080, 1920], "counts": "Um\\Q12fQ1000O10001O0000000001O0000O101O0O101O010O00001O0001O00001O0000001O001O001O00000O1001O000001OgeW51XZhJ1N10000O100O100O2O0O100O010O10000O10O10O100O10O010000O10000O10O0100O100O10O0100O1O1000O100O010000O100O10O10O1O010O010O10000O1O100O1O10O01O100O10O10O002O0O1000O1O001O0010O01O1N101O1O1O010O10O010O010O010OO200O0100O10000O100O1O10O0100O01O0010O0100O00100O001O1O001O1O1O001N101O0O2O1O1O1O001O1O1O010O0O101O1000W_Pb0"}, {"size": [1080, 1920], "counts": "PPYo1"}, {"size": [1080, 1920], "counts": "PPYo1"}, {"size": [1080, 1920], "counts": "PPYo1"}, {"size": [1080, 1920], "counts": "PPYo1"}, {"size": [1080, 1920], "counts": "PPYo1"}, {"size": [1080, 1920], "counts": "PPYo1"}, {"size": [1080, 1920], "counts": "PPYo1"}, {"size": [1080, 1920], "counts": "PPYo1"}, {"size": [1080, 1920], "counts": "PPYo1"}, {"size": [1080, 1920], "counts": "PPYo1"}, {"size": [1080, 1920], "counts": "PPYo1"}, {"size": [1080, 1920], "counts": "PPYo1"}, {"size": [1080, 1920], "counts": "PPYo1"}, {"size": [1080, 1920], "counts": "PPYo1"}, {"size": [1080, 1920], "counts": "PPYo1"}, {"size": [1080, 1920], "counts": "gRP`04^Q1601N100O2N1O2N1O1O2N100O100O101N100O100O010O10O010O1O100O2N100O1O10O0100O1N2O100N3N1N2O1O1O10000O2O1L[U30gjL100\\h[]1"}, {"size": [1080, 1920], "counts": "gRP`04^Q1601N100O2N1O2N1O1O2N100O100O101N100O100O010O10O010O1O100O2N100O1O10O0100O1N2O100N3N1N2O1O1O10000O2O1L[U30gjL100\\h[]1"}, {"size": [1080, 1920], "counts": "PPYo1"}, {"size": [1080, 1920],