{"labels": [12, 2, 3, 4, 6, 7, 8, 10, 11, 1, 2, 3, 4, 6, 7, 8, 10, 11, 12, 10, 2, 2, 10, 7, 10, 12, 7, 2, 3, 4, 7, 8, 12, 0, 10, 2, 3, 4, 7, 10, 12, 19, 10, 3, 7, 10, 12, 1, 10, 10, 12, 2, 10, 19, 7, 10, 12, 0, 1, 2, 3, 4, 6, 7, 8, 10, 11, 12, 19, 20, 21, 22, 1, 2, 3, 4, 6, 7, 8, 10, 12, 19, 2, 2, 2, 4, 6, 7, 8, 10, 12, 19, 1, 6, 7, 8, 10, 11, 12, 2], "scores": [0.00027784338453784585, 0.0, 0.0, 0.0, 0.0, 0.0, 0.0, 0.0, 0.0, 0.0030528600327670574, 0.00032380694756284356, 0.0009294726769439876, 0.0007369053200818598, 0.012057415209710598, 0.0004299958236515522, 0.0009316625073552132, 0.0018610174302011728, 0.00026384912780486047, 0.00022333783272188157, 0.0, 0.0, 0.0, 0.0, 0.0, 0.0, 0.0, 0.0, 0.0002425199345452711, 0.6494625806808472, 0.0017452995525673032, 0.00023706717183813453, 0.00015954523405525833, 0.0, 0.0002876772778108716, 0.0, 0.0, 0.0, 0.0, 0.0, 0.0, 0.0, 0.0, 0.0, 0.0, 0.0, 0.0, 0.0, 0.003941851668059826, 0.003744083922356367, 0.0, 0.0, 0.0, 0.0, 0.9851629734039307, 0.0, 0.0, 0.0, 0.00022639318194705993, 0.0023631476797163486, 0.0002508327888790518, 0.0005543224979192019, 0.0007127039134502411, 0.000173744629137218, 0.0012053570244461298, 0.0835346132516861, 0.011962119489908218, 0.00023396412143483758, 0.002238229615613818, 0.0009404658921994269, 0.00020216891425661743, 0.00018997535516973585, 0.00015636099851690233, 0.0, 0.0, 0.0, 0.0, 0.0, 0.0, 0.0, 0.0, 0.0, 0.0, 0.0, 0.0, 0.0, 0.0, 0.0, 0.0, 0.0, 0.0, 0.0, 0.0, 0.0, 0.0, 0.0, 0.0, 0.0, 0.0, 0.0, 0.0], "bboxes": [[1259.0, 465.0, 1340.0, 503.0], [0.0, 0.0, 0.0, 0.0], [0.0, 0.0, 0.0, 0.0], [0.0, 0.0, 0.0, 0.0], [0.0, 0.0, 0.0, 0.0], [0.0, 0.0, 0.0, 0.0], [0.0, 0.0, 0.0, 0.0], [0.0, 0.0, 0.0, 0.0], [0.0, 0.0, 0.0, 0.0], [984.0, 478.0, 1313.0, 540.0], [984.0, 478.0, 1313.0, 540.0], [984.0, 478.0, 1313.0, 540.0], [984.0, 478.0, 1313.0, 540.0], [984.0, 478.0, 1313.0, 540.0], [984.0, 478.0, 1313.0, 540.0], [984.0, 478.0, 1313.0, 540.0], [984.0, 478.0, 1313.0, 540.0], [984.0, 478.0, 1313.0, 540.0], [984.0, 478.0, 1313.0, 540.0], [0.0, 0.0, 0.0, 0.0], [0.0, 0.0, 0.0, 0.0], [0.0, 0.0, 0.0, 0.0], [0.0, 0.0, 0.0, 0.0], [0.0, 0.0, 0.0, 0.0], [0.0, 0.0, 0.0, 0.0], [0.0, 0.0, 0.0, 0.0], [0.0, 0.0, 0.0, 0.0], [983.0, 522.0, 1059.0, 536.0], [983.0, 522.0, 1059.0, 536.0], [983.0, 522.0, 1059.0, 536.0], [983.0, 522.0, 1059.0, 536.0], [983.0, 522.0, 1059.0, 536.0], [0.0, 0.0, 0.0, 0.0], [1226.0, 462.0, 1344.0, 515.0], [0.0, 0.0, 0.0, 0.0], [0.0, 0.0, 0.0, 0.0], [0.0, 0.0, 0.0, 0.0], [0.0, 0.0, 0.0, 0.0], [0.0, 0.0, 0.0, 0.0], [0.0, 0.0, 0.0, 0.0], [0.0, 0.0, 0.0, 0.0], [0.0, 0.0, 0.0, 0.0], [0.0, 0.0, 0.0, 0.0], [0.0, 0.0, 0.0, 0.0], [0.0, 0.0, 0.0, 0.0], [0.0, 0.0, 0.0, 0.0], [0.0, 0.0, 0.0, 0.0], [415.0, 545.0, 564.0, 580.0], [415.0, 545.0, 564.0, 580.0], [0.0, 0.0, 0.0, 0.0], [0.0, 0.0, 0.0, 0.0], [0.0, 0.0, 0.0, 0.0], [0.0, 0.0, 0.0, 0.0], [404.0, 390.0, 1608.0, 1080.0], [0.0, 0.0, 0.0, 0.0], [0.0, 0.0, 0.0, 0.0], [0.0, 0.0, 0.0, 0.0], [451.0, 547.0, 564.0, 580.0], [451.0, 547.0, 564.0, 580.0], [451.0, 547.0, 564.0, 580.0], [451.0, 547.0, 564.0, 580.0], [451.0, 547.0, 564.0, 580.0], [451.0, 547.0, 564.0, 580.0], [451.0, 547.0, 564.0, 580.0], [451.0, 547.0, 564.0, 580.0], [451.0, 547.0, 564.0, 580.0], [451.0, 547.0, 564.0, 580.0], [451.0, 547.0, 564.0, 580.0], [451.0, 547.0, 564.0, 580.0], [451.0, 547.0, 564.0, 580.0], [451.0, 547.0, 564.0, 580.0], [451.0, 547.0, 564.0, 580.0], [0.0, 0.0, 0.0, 0.0], [0.0, 0.0, 0.0, 0.0], [0.0, 0.0, 0.0, 0.0], [0.0, 0.0, 0.0, 0.0], [0.0, 0.0, 0.0, 0.0], [0.0, 0.0, 0.0, 0.0], [0.0, 0.0, 0.0, 0.0], [0.0, 0.0, 0.0, 0.0], [0.0, 0.0, 0.0, 0.0], [0.0, 0.0, 0.0, 0.0], [0.0, 0.0, 0.0, 0.0], [0.0, 0.0, 0.0, 0.0], [0.0, 0.0, 0.0, 0.0], [0.0, 0.0, 0.0, 0.0], [0.0, 0.0, 0.0, 0.0], [0.0, 0.0, 0.0, 0.0], [0.0, 0.0, 0.0, 0.0], [0.0, 0.0, 0.0, 0.0], [0.0, 0.0, 0.0, 0.0], [0.0, 0.0, 0.0, 0.0], [0.0, 0.0, 0.0, 0.0], [0.0, 0.0, 0.0, 0.0], [0.0, 0.0, 0.0, 0.0], [0.0, 0.0, 0.0, 0.0], [0.0, 0.0, 0.0, 0.0], [0.0, 0.0, 0.0, 0.0], [0.0, 0.0, 0.0, 0.0], [0.0, 0.0, 0.0, 0.0]], "masks": [{"size": [1080, 1920], "counts": "mZ`Y12eQ11O10000O10O10O1O1N200O10000O100O1O01000O100000O1N3I6O100070I0H17000N3M3M2N3O0O10O0100O000100O010O010O10O01O011N1O10O0100O010N2O0010O01O0100O0100O1N011M30O10O10_XSc0"}, {"size": [1080, 1920], "counts": "PPYo1"}, {"size": [1080, 1920], "counts": "PPYo1"}, {"size": [1080, 1920], "counts": "PPYo1"}, {"size": [1080, 1920], "counts": "PPYo1"}, {"size": [1080, 1920], "counts": "PPYo1"}, {"size": [1080, 1920], "counts": "PPYo1"}, {"size": [1080, 1920], "counts": "PPYo1"}, {"size": [1080, 1920], "counts": "PPYo1"}, {"size": [1080, 1920], "counts": "^Z^P11fQ12O1O1O00001O000O2O0000001O000O2O00001O00000000000000000000001O001O0000001O001O00001OO1000000000001O00001O00000O2O0000001O000O2O000000000000001O0000000O101O0O4Lab\\61_]cI1N100O00100O10000O1O1O100O10O10O100O100O010000O100O1O1O10O0002M2N20000ON3L310O100000O1N2O010O02O1N2OO2M3NYgoc0"}, {"size": [1080, 1920], "counts": "^Z^P11fQ12O1O1O00001O000O2O0000001O000O2O00001O00000000000000000000001O001O0000001O001O00001OO1000000000001O00001O00000O2O0000001O000O2O000000000000001O0000000O101O0O4Lab\\61_]cI1N100O00100O10000O1O1O100O10O10O100O100O010000O100O1O1O10O0002M2N20000ON3L310O100000O1N2O010O02O1N2OO2M3NYgoc0"}, {"size": [1080, 1920], "counts": "^Z^P11fQ12O1O1O00001O000O2O0000001O000O2O00001O00000000000000000000001O001O0000001O001O00001OO1000000000001O00001O00000O2O0000001O000O2O000000000000001O0000000O101O0O4Lab\\61_]cI1N100O00100O10000O1O1O100O10O10O100O100O010000O100O1O1O10O0002M2N20000ON3L310O100000O1N2O010O02O1N2OO2M3NYgoc0"}, {"size": [1080, 1920], "counts": "^Z^P11fQ12O1O1O00001O000O2O0000001O000O2O00001O00000000000000000000001O001O0000001O001O00001OO1000000000001O00001O00000O2O0000001O000O2O000000000000001O0000000O101O0O4Lab\\61_]cI1N100O00100O10000O1O1O100O10O10O100O100O010000O100O1O1O10O0002M2N20000ON3L310O100000O1N2O010O02O1N2OO2M3NYgoc0"}, {"size": [1080, 1920], "counts": "^Z^P11fQ12O1O1O00001O000O2O0000001O000O2O00001O00000000000000000000001O001O0000001O001O00001OO1000000000001O00001O00000O2O0000001O000O2O000000000000001O0000000O101O0O4Lab\\61_]cI1N100O00100O10000O1O1O100O10O10O100O100O010000O100O1O1O10O0002M2N20000ON3L310O100000O1N2O010O02O1N2OO2M3NYgoc0"}, {"size": [1080, 1920], "counts": "^Z^P11fQ12O1O1O00001O000O2O0000001O000O2O00001O00000000000000000000001O001O0000001O001O00001OO1000000000001O00001O00000O2O0000001O000O2O000000000000001O0000000O101O0O4Lab\\61_]cI1N100O00100O10000O1O1O100O10O10O100O100O010000O100O1O1O10O0002M2N20000ON3L310O100000O1N2O010O02O1N2OO2M3NYgoc0"}, {"size": [1080, 1920], "counts": "^Z^P11fQ12O1O1O00001O000O2O0000001O000O2O00001O00000000000000000000001O001O0000001O001O00001OO1000000000001O00001O00000O2O0000001O000O2O000000000000001O0000000O101O0O4Lab\\61_]cI1N100O00100O10000O1O1O100O10O10O100O100O010000O100O1O1O10O0002M2N20000ON3L310O100000O1N2O010O02O1N2OO2M3NYgoc0"}, {"size": [1080, 1920], "counts": "^Z^P11fQ12O1O1O00001O000O2O0000001O000O2O00001O00000000000000000000001O001O0000001O001O00001OO1000000000001O00001O00000O2O0000001O000O2O000000000000001O0000000O101O0O4Lab\\61_]cI1N100O00100O10000O1O1O100O10O10O100O100O010000O100O1O1O10O0002M2N20000ON3L310O100000O1N2O010O02O1N2OO2M3NYgoc0"}, {"size": [1080, 1920], "counts": "^Z^P11fQ12O1O1O00001O000O2O0000001O000O2O00001O00000000000000000000001O001O0000001O001O00001OO1000000000001O00001O00000O2O0000001O000O2O000000000000001O0000000O101O0O4Lab\\61_]cI1N100O00100O10000O1O1O100O10O10O100O100O010000O100O1O1O10O0002M2N20000ON3L310O100000O1N2O010O02O1N2OO2M3NYgoc0"}, {"size": [1080, 1920], "counts": "^Z^P11fQ12O1O1O00001O000O2O0000001O000O2O00001O00000000000000000000001O001O0000001O001O00001OO1000000000001O00001O00000O2O0000001O000O2O000000000000001O0000000O101O0O4Lab\\61_]cI1N100O00100O10000O1O1O100O10O10O100O100O010000O100O1O1O10O0002M2N20000ON3L310O100000O1N2O010O02O1N2OO2M3NYgoc0"}, {"size": [1080, 1920], "counts": "PPYo1"}, {"size": [1080, 1920], "counts": "PPYo1"}, {"size": [1080, 1920], "counts": "PPYo1"}, {"size": [1080, 1920],