{"labels": [2, 3, 4, 6, 7, 8, 10, 11, 0, 1, 2, 3, 4, 6, 7, 8, 10, 11, 12, 19, 10, 10, 2, 10, 2, 7, 10, 7, 2, 3, 4, 7, 8, 12, 10, 2, 3, 4, 7, 10, 12, 19, 10, 3, 7, 10, 12, 1, 2, 19, 3, 4, 7, 10, 12, 0, 1, 2, 3, 4, 6, 7, 8, 10, 11, 12, 19, 20, 21, 10, 12, 1, 2, 3, 4, 6, 7, 8, 10, 11, 12, 19, 2, 2, 19, 2, 4, 7, 8, 10, 12, 19, 0, 1, 6, 8, 10, 11, 12, 10], "scores": [0.0, 0.0, 0.0, 0.0, 0.0, 0.0, 0.0, 0.0, 0.0, 0.0, 0.0, 0.0, 0.0, 0.0, 0.0, 0.0, 0.0, 0.0, 0.0, 0.0, 0.0, 0.0, 0.0, 0.0, 0.0, 0.0, 0.0, 0.0, 0.0002717057941481471, 0.581308901309967, 0.0019431135151535273, 0.0002597402490209788, 0.00018834190268535167, 0.00037470171810127795, 0.0, 0.0, 0.0, 0.0, 0.0, 0.0, 0.0, 0.0, 0.00018191839626524597, 0.0, 0.0, 0.0, 0.0, 0.002040920313447714, 0.0, 0.9849813580513, 0.0, 0.0, 0.0, 0.0, 0.0, 0.00022319515119306743, 0.002698264317587018, 0.00032060901867225766, 0.0006518482696264982, 0.0008579271961934865, 0.00019955908646807075, 0.0015467361081391573, 0.1454308032989502, 0.012428387068212032, 0.0003802175633609295, 0.0030919606797397137, 0.0022863715421408415, 0.00026645156322047114, 0.00020216316625010222, 0.0, 0.0, 0.0, 0.0, 0.0, 0.0, 0.0, 0.0, 0.0, 0.0, 0.0, 0.0, 0.0, 0.0, 0.0, 0.0, 0.0, 0.0, 0.0, 0.0, 0.0, 0.0, 0.0, 0.0, 0.0, 0.0, 0.0, 0.0, 0.0, 0.0, 0.0], "bboxes": [[0.0, 0.0, 0.0, 0.0], [0.0, 0.0, 0.0, 0.0], [0.0, 0.0, 0.0, 0.0], [0.0, 0.0, 0.0, 0.0], [0.0, 0.0, 0.0, 0.0], [0.0, 0.0, 0.0, 0.0], [0.0, 0.0, 0.0, 0.0], [0.0, 0.0, 0.0, 0.0], [0.0, 0.0, 0.0, 0.0], [0.0, 0.0, 0.0, 0.0], [0.0, 0.0, 0.0, 0.0], [0.0, 0.0, 0.0, 0.0], [0.0, 0.0, 0.0, 0.0], [0.0, 0.0, 0.0, 0.0], [0.0, 0.0, 0.0, 0.0], [0.0, 0.0, 0.0, 0.0], [0.0, 0.0, 0.0, 0.0], [0.0, 0.0, 0.0, 0.0], [0.0, 0.0, 0.0, 0.0], [0.0, 0.0, 0.0, 0.0], [0.0, 0.0, 0.0, 0.0], [0.0, 0.0, 0.0, 0.0], [0.0, 0.0, 0.0, 0.0], [0.0, 0.0, 0.0, 0.0], [0.0, 0.0, 0.0, 0.0], [0.0, 0.0, 0.0, 0.0], [0.0, 0.0, 0.0, 0.0], [0.0, 0.0, 0.0, 0.0], [994.0, 524.0, 1061.0, 535.0], [994.0, 524.0, 1061.0, 535.0], [994.0, 524.0, 1061.0, 535.0], [994.0, 524.0, 1061.0, 535.0], [994.0, 524.0, 1061.0, 535.0], [1281.0, 465.0, 1346.0, 500.0], [0.0, 0.0, 0.0, 0.0], [0.0, 0.0, 0.0, 0.0], [0.0, 0.0, 0.0, 0.0], [0.0, 0.0, 0.0, 0.0], [0.0, 0.0, 0.0, 0.0], [0.0, 0.0, 0.0, 0.0], [0.0, 0.0, 0.0, 0.0], [0.0, 0.0, 0.0, 0.0], [1289.0, 481.0, 1315.0, 492.0], [0.0, 0.0, 0.0, 0.0], [0.0, 0.0, 0.0, 0.0], [0.0, 0.0, 0.0, 0.0], [0.0, 0.0, 0.0, 0.0], [1265.0, 484.0, 1301.0, 511.0], [0.0, 0.0, 0.0, 0.0], [404.0, 389.0, 1608.0, 1080.0], [0.0, 0.0, 0.0, 0.0], [0.0, 0.0, 0.0, 0.0], [0.0, 0.0, 0.0, 0.0], [0.0, 0.0, 0.0, 0.0], [0.0, 0.0, 0.0, 0.0], [423.0, 552.0, 544.0, 579.0], [423.0, 552.0, 544.0, 579.0], [423.0, 552.0, 544.0, 579.0], [423.0, 552.0, 544.0, 579.0], [423.0, 552.0, 544.0, 579.0], [423.0, 552.0, 544.0, 579.0], [423.0, 552.0, 544.0, 579.0], [423.0, 552.0, 544.0, 579.0], [423.0, 552.0, 544.0, 579.0], [423.0, 552.0, 544.0, 579.0], [423.0, 552.0, 544.0, 579.0], [423.0, 552.0, 544.0, 579.0], [423.0, 552.0, 544.0, 579.0], [423.0, 552.0, 544.0, 579.0], [0.0, 0.0, 0.0, 0.0], [0.0, 0.0, 0.0, 0.0], [0.0, 0.0, 0.0, 0.0], [0.0, 0.0, 0.0, 0.0], [0.0, 0.0, 0.0, 0.0], [0.0, 0.0, 0.0, 0.0], [0.0, 0.0, 0.0, 0.0], [0.0, 0.0, 0.0, 0.0], [0.0, 0.0, 0.0, 0.0], [0.0, 0.0, 0.0, 0.0], [0.0, 0.0, 0.0, 0.0], [0.0, 0.0, 0.0, 0.0], [0.0, 0.0, 0.0, 0.0], [0.0, 0.0, 0.0, 0.0], [0.0, 0.0, 0.0, 0.0], [0.0, 0.0, 0.0, 0.0], [0.0, 0.0, 0.0, 0.0], [0.0, 0.0, 0.0, 0.0], [0.0, 0.0, 0.0, 0.0], [0.0, 0.0, 0.0, 0.0], [0.0, 0.0, 0.0, 0.0], [0.0, 0.0, 0.0, 0.0], [0.0, 0.0, 0.0, 0.0], [0.0, 0.0, 0.0, 0.0], [0.0, 0.0, 0.0, 0.0], [0.0, 0.0, 0.0, 0.0], [0.0, 0.0, 0.0, 0.0], [0.0, 0.0, 0.0, 0.0], [0.0, 0.0, 0.0, 0.0], [0.0, 0.0, 0.0, 0.0], [0.0, 0.0, 0.0, 0.0]], "masks": [{"size": [1080, 1920], "counts": "PPYo1"}, {"size": [1080, 1920], "counts": "PPYo1"}, {"size": [1080, 1920], "counts": "PPYo1"}, {"size": [1080, 1920], "counts": "PPYo1"}, {"size": [1080, 1920], "counts": "PPYo1"}, {"size": [1080, 1920], "counts": "PPYo1"}, {"size": [1080, 1920], "counts": "PPYo1"}, {"size": [1080, 1920], "counts": "PPYo1"}, {"size": [1080, 1920], "counts": "PPYo1"}, {"size": [1080, 1920], "counts": "PPYo1"}, {"size": [1080, 1920], "counts": "PPYo1"}, {"size": [1080, 1920], "counts": "PPYo1"}, {"size": [1080, 1920], "counts": "PPYo1"}, {"size": [1080, 1920], "counts": "PPYo1"}, {"size": [1080, 1920], "counts": "PPYo1"}, {"size": [1080, 1920], "counts": "PPYo1"}, {"size": [1080, 1920], "counts": "PPYo1"}, {"size": [1080, 1920], "counts": "PPYo1"}, {"size": [1080, 1920], "counts": "PPYo1"}, {"size": [1080, 1920], "counts": "PPYo1"}, {"size": [1080, 1920], "counts": "PPYo1"}, {"size": [1080, 1920], "counts": "PPYo1"}, {"size": [1080, 1920], "counts": "PPYo1"}, {"size": [1080, 1920], "counts": "PPYo1"}, {"size": [1080, 1920], "counts": "PPYo1"}, {"size": [1080, 1920], "counts": "PPYo1"}, {"size": [1080, 1920], "counts": "PPYo1"}, {"size": [1080, 1920], "counts": "PPYo1"}, {"size": [1080, 1920], "counts": "QlhP11gQ10O2N1O10000O100000000000000000000000000000001O000O1000001O0000000000000000001O01O000001O0001O00000000001O000O20O0001O00001O1O1O001Nd^Yl0"}, {"size": [1080, 1920], "counts": "QlhP11gQ10O2N1O10000O100000000000000000000000000000001O000O1000001O0000000000000000001O01O000001O0001O00000000001O000O20O0001O00001O1O1O001Nd^Yl0"}, {"size": [1080, 1920], "counts": "QlhP11gQ10O2N1O10000O100000000000000000000000000000001O000O1000001O0000000000000000001O01O000001O0001O00000000001O000O20O0001O00001O1O1O001Nd^Yl0"}, {"size": [1080, 1920], "counts": "QlhP11gQ10O2N1O10000O100000000000000000000000000000001O000O1000001O0000000000000000001O01O000001O0001O00000000001O000O20O0001O00001O1O1O001Nd^Yl0"}, {"size": [1080, 1920], "counts": "QlhP11gQ10O2N1O10000O100000000000000000000000000000001O000O1000001O0000000000000000001O01O000001O0001O00000000001O000O20O0001O00001O1O1O001Nd^Yl0"}, {"size": [1080, 1920], "counts": "XaWZ13dQ11KNdnN2\\Q140011M3N101N100O1000O01O01O001O1N2O01O1O1O2OO1N2N101O0100O1000O100O10000O01000O1N2O0001O0010O1O10O01O01O10O011M2N2O1000O010omlb0"}, {"size": [1080, 1920], "counts": "PPYo1"}, {"size": [1080, 1920], "counts": "PPYo1"}, {"size": [1080, 1920], "counts": "PPYo1"}, {"size": [1080, 1920], "counts": "PPYo1"}, {"size": [1080, 1920], "counts": "PPYo1"}, {"size": [1080, 1920], "counts": "PPYo1"}, {"size": [1080, 1920], "counts": "PPYo1"}, {"size": [1080, 1920], "counts": "PPYo1"}, {"size": [1080, 1920], "counts": "Po_Z14bQ120O1O001O101NTj?0mU@1OOhcmc0"}, {"size": [1080, 1920], "counts": "PPYo1"}, {"size": [1080, 1920], "counts": "PPYo1"}, {"size": [1080, 1920], "counts": "PPYo1"}, {"size": [1080, 1920], "counts": "PPYo1"}, {"size": [1080, 1920], "counts": "^efY11fQ12M3M3N100O2O0O100O100O10000O1O100O2O1N2O1N00100O01O100O011I6L4N2O1N5LQ\\\\d0"}, {"size": [1080, 1920], "counts": "PPYo1"}, {"size": [1080, 1920],