{"labels": [2, 3, 4, 6, 7, 8, 10, 11, 12, 0, 1, 2, 3, 4, 6, 7, 8, 10, 11, 12, 19, 4, 12, 10, 12, 2, 10, 1, 2, 8, 10, 12, 19, 7, 12, 2, 8, 12, 2, 3, 4, 8, 12, 12, 2, 2, 3, 4, 10, 19, 2, 3, 4, 7, 8, 10, 12, 1, 2, 10, 19, 4, 0, 1, 2, 3, 4, 6, 7, 8, 10, 11, 12, 19, 21, 22, 12, 1, 2, 3, 4, 7, 8, 10, 14, 19, 21, 2, 10, 12, 2, 4, 8, 2, 7, 8, 10, 12, 19, 8], "scores": [0.0, 0.0, 0.0, 0.0, 0.0, 0.0, 0.0, 0.0, 0.0, 0.0, 0.0, 0.0, 0.0, 0.0, 0.0, 0.0, 0.0, 0.0, 0.0, 0.0, 0.0, 0.00026153636281378567, 0.0002599238941911608, 0.0, 0.0, 0.0, 0.0, 0.00040839839493855834, 0.0003290983149781823, 0.0004084885586053133, 0.0014952410710975528, 0.0005243803607299924, 0.000619240861851722, 0.0, 0.0, 0.0, 0.0, 0.0, 0.00029325575451366603, 0.5201494693756104, 0.001117262989282608, 0.00028070088592357934, 0.0008866691496223211, 0.00026152905775234103, 0.0, 0.0, 0.0, 0.0, 0.0, 0.0, 0.0009317023796029389, 0.0005298011819832027, 0.0004929814604111016, 0.000752468011341989, 0.0007536399643868208, 0.0003866360930260271, 0.0013037723256275058, 0.002469573402777314, 0.0, 0.0, 0.9847368001937866, 0.00026334423455409706, 0.00035913530155085027, 0.008616592735052109, 0.0006662785308435559, 0.0017555576050654054, 0.00044953866745345294, 0.0003341187839396298, 0.0028988972771912813, 0.22389142215251923, 0.02099062129855156, 0.0007815994322299957, 0.0095902718603611, 0.008033521473407745, 0.0004306587507016957, 0.00033818816882558167, 0.0, 0.0, 0.0, 0.0, 0.0, 0.0, 0.0, 0.0, 0.0, 0.0, 0.0, 0.0, 0.0, 0.0, 0.0, 0.0, 0.0, 0.0, 0.0, 0.0, 0.0, 0.0, 0.0, 0.0], "bboxes": [[0.0, 0.0, 0.0, 0.0], [0.0, 0.0, 0.0, 0.0], [0.0, 0.0, 0.0, 0.0], [0.0, 0.0, 0.0, 0.0], [0.0, 0.0, 0.0, 0.0], [0.0, 0.0, 0.0, 0.0], [0.0, 0.0, 0.0, 0.0], [0.0, 0.0, 0.0, 0.0], [0.0, 0.0, 0.0, 0.0], [0.0, 0.0, 0.0, 0.0], [0.0, 0.0, 0.0, 0.0], [0.0, 0.0, 0.0, 0.0], [0.0, 0.0, 0.0, 0.0], [0.0, 0.0, 0.0, 0.0], [0.0, 0.0, 0.0, 0.0], [0.0, 0.0, 0.0, 0.0], [0.0, 0.0, 0.0, 0.0], [0.0, 0.0, 0.0, 0.0], [0.0, 0.0, 0.0, 0.0], [0.0, 0.0, 0.0, 0.0], [0.0, 0.0, 0.0, 0.0], [1281.0, 485.0, 1301.0, 499.0], [1262.0, 477.0, 1319.0, 504.0], [0.0, 0.0, 0.0, 0.0], [0.0, 0.0, 0.0, 0.0], [0.0, 0.0, 0.0, 0.0], [0.0, 0.0, 0.0, 0.0], [1028.0, 474.0, 1323.0, 531.0], [404.0, 535.0, 518.0, 569.0], [404.0, 535.0, 518.0, 569.0], [404.0, 535.0, 518.0, 569.0], [404.0, 535.0, 518.0, 569.0], [404.0, 535.0, 518.0, 569.0], [0.0, 0.0, 0.0, 0.0], [0.0, 0.0, 0.0, 0.0], [0.0, 0.0, 0.0, 0.0], [0.0, 0.0, 0.0, 0.0], [0.0, 0.0, 0.0, 0.0], [998.0, 477.0, 1316.0, 533.0], [998.0, 477.0, 1316.0, 533.0], [998.0, 477.0, 1316.0, 533.0], [998.0, 477.0, 1316.0, 533.0], [1289.0, 490.0, 1293.0, 495.0], [1281.0, 490.0, 1292.0, 496.0], [0.0, 0.0, 0.0, 0.0], [0.0, 0.0, 0.0, 0.0], [0.0, 0.0, 0.0, 0.0], [0.0, 0.0, 0.0, 0.0], [0.0, 0.0, 0.0, 0.0], [0.0, 0.0, 0.0, 0.0], [1288.0, 490.0, 1293.0, 495.0], [1288.0, 490.0, 1293.0, 495.0], [1288.0, 490.0, 1293.0, 495.0], [1288.0, 490.0, 1293.0, 495.0], [1288.0, 490.0, 1293.0, 495.0], [1288.0, 490.0, 1293.0, 495.0], [1288.0, 490.0, 1293.0, 495.0], [1284.0, 492.0, 1291.0, 495.0], [0.0, 0.0, 0.0, 0.0], [0.0, 0.0, 0.0, 0.0], [401.0, 392.0, 1608.0, 1080.0], [1278.0, 482.0, 1308.0, 499.0], [403.0, 519.0, 534.0, 570.0], [403.0, 519.0, 534.0, 570.0], [403.0, 519.0, 534.0, 570.0], [403.0, 519.0, 534.0, 570.0], [403.0, 519.0, 534.0, 570.0], [403.0, 519.0, 534.0, 570.0], [403.0, 519.0, 534.0, 570.0], [403.0, 519.0, 534.0, 570.0], [403.0, 519.0, 534.0, 570.0], [403.0, 519.0, 534.0, 570.0], [403.0, 519.0, 534.0, 570.0], [403.0, 519.0, 534.0, 570.0], [403.0, 519.0, 534.0, 570.0], [403.0, 519.0, 534.0, 570.0], [0.0, 0.0, 0.0, 0.0], [0.0, 0.0, 0.0, 0.0], [0.0, 0.0, 0.0, 0.0], [0.0, 0.0, 0.0, 0.0], [0.0, 0.0, 0.0, 0.0], [0.0, 0.0, 0.0, 0.0], [0.0, 0.0, 0.0, 0.0], [0.0, 0.0, 0.0, 0.0], [0.0, 0.0, 0.0, 0.0], [0.0, 0.0, 0.0, 0.0], [0.0, 0.0, 0.0, 0.0], [0.0, 0.0, 0.0, 0.0], [0.0, 0.0, 0.0, 0.0], [0.0, 0.0, 0.0, 0.0], [0.0, 0.0, 0.0, 0.0], [0.0, 0.0, 0.0, 0.0], [0.0, 0.0, 0.0, 0.0], [0.0, 0.0, 0.0, 0.0], [0.0, 0.0, 0.0, 0.0], [0.0, 0.0, 0.0, 0.0], [0.0, 0.0, 0.0, 0.0], [0.0, 0.0, 0.0, 0.0], [0.0, 0.0, 0.0, 0.0], [0.0, 0.0, 0.0, 0.0]], "masks": [{"size": [1080, 1920], "counts": "PPYo1"}, {"size": [1080, 1920], "counts": "PPYo1"}, {"size": [1080, 1920], "counts": "PPYo1"}, {"size": [1080, 1920], "counts": "PPYo1"}, {"size": [1080, 1920], "counts": "PPYo1"}, {"size": [1080, 1920], "counts": "PPYo1"}, {"size": [1080, 1920], "counts": "PPYo1"}, {"size": [1080, 1920], "counts": "PPYo1"}, {"size": [1080, 1920], "counts": "PPYo1"}, {"size": [1080, 1920], "counts": "PPYo1"}, {"size": [1080, 1920], "counts": "PPYo1"}, {"size": [1080, 1920], "counts": "PPYo1"}, {"size": [1080, 1920], "counts": "PPYo1"}, {"size": [1080, 1920], "counts": "PPYo1"}, {"size": [1080, 1920], "counts": "PPYo1"}, {"size": [1080, 1920], "counts": "PPYo1"}, {"size": [1080, 1920], "counts": "PPYo1"}, {"size": [1080, 1920], "counts": "PPYo1"}, {"size": [1080, 1920], "counts": "PPYo1"}, {"size": [1080, 1920], "counts": "PPYo1"}, {"size": [1080, 1920], "counts": "PPYo1"}, {"size": [1080, 1920], "counts": "VaWZ12fQ12M100O2N1O010O100O010O1O01O001O1O1O1NU\\\\d0"}, {"size": [1080, 1920], "counts": "V`cY11fQ1100O2N1O100O10O10O1O1O1O10O0100000O0100O101N10O10O00100O010O01O1O001O001O001O1O0100000O1O0O20O0010O001O100O100Ol\\ic0"}, {"size": [1080, 1920], "counts": "PPYo1"}, {"size": [1080, 1920], "counts": "PPYo1"}, {"size": [1080, 1920], "counts": "PPYo1"}, {"size": [1080, 1920], "counts": "PPYo1"}, {"size": [1080, 1920], "counts": "^glQ11fQ13M1000001O0001O0O110O010O1O1NZTg63dkXI0O10000O100O1O101N10O010O010O01O10O10O2N10O0100O100O100O1O1000O1000O100O2OO010O0O101000O10O001N101O10O0100O10O100O01O1O001O01000O001O1N2O10000O01OMRVec0"}, {"size": [1080, 1920], "counts": "VdZ=;WQ18L3M3M2O2N2O1N101O00000001O1O0O2O00001O1O0O0100000000O1001O1O1O1N3N1O000O101O0O101O0O10000O2O0O3M1N20O01O1O2L^fP10eYoN1N3N01O0OjQ1NXnN3M10001N1O1O2O000000O10O100O1001N2N1N]TV^1"}, {"size": [1080, 1920], "counts": "VdZ=;WQ18L3M3M2O2N2O1N101O00000001O1O0O2O00001O1O0O0100000000O1001O1O1O1N3N1O000O101O0O101O0O10000O2O0O3M1N20O01O1O2L^fP10eYoN1N3N01O0OjQ1NXnN3M10001N1O1O2O000000O10O100O1001N2N1N]TV^1"}, {"size": [1080, 1920], "counts": "VdZ=;WQ18L3M3M2O2N2O1N101O00000001O1O0O2O00001O1O0O0100000000O1001O1O1O1N3N1O000O101O0O101O0O10000O2O0O3M1N20O01O1O2L^fP10eYoN1N3N01O0OjQ1NXnN3M10001N1O1O2O000000O10O100O1001N2N1N]TV^1"}, {"size": [1080, 1920], "counts": "VdZ=;WQ18L3M3M2O2N2O1N101O00000001O1O0O2O00001O1O0O0100000000O1001O1O1O1N3N1O000O101O0O101O0O10000O2O0O3M1N20O01O1O2L^fP10eYoN1N3N01O0OjQ1NXnN3M10001N1O1O2O000000O10O100O1001N2N1N]TV^1"}, {"size": [1080, 1920], "counts": "VdZ=;WQ18L3M3M2O2N2O1N101O00000001O1O0O2O00001O1O0O0100000000O1001O1O1O1N3N1O000O101O0O101O0O10000O2O0O3M1N20O01O1O2L^fP10eYoN1N3N01O0OjQ1NXnN3M10001N1O1O2O000000O10O100O1001N2N1N]TV^1"}, {"size": [1080, 1920], "counts": "PPYo1"}, {"size": [1080, 1920], "counts": "PPYo1"}, {"size": [1080, 1920], "counts": "PPYo1"}, {"size": [1080, 1920], "counts": "PPYo1"}, {"size": [1080, 1920], "counts": "PPYo1"}, {"size": [1080, 1920], "counts": "QSmP11gQ10eQ11ZnN1O1O01O001O001O00O1O1O1000O1O10000O10`S20`lM3M0O2N1O1O101O0000000001O010O0O2O0O2O3Lm_a70T`^H0TU31kjL001N10001O001N1O001O1O1O100O1O0O10O20O011O1N2O0O100O010OL5N1N3O010O0O2M4NSblc0"}, {"size": [1080, 1920], "counts": "QSmP11gQ10eQ11ZnN1O1O01O001O001O00O1O1O1000O1O10000O10`S20`lM3M0O2N1O1O101O0000000001O010O0O2O0O2O3Lm_a70T`^H0TU31kjL001N10001O001N1O001O1O1O100O1O0O10O20O011O1N2O0O100O010OL5N1N3O010O0O2M4NSblc0"}, {"size": [1080, 1920], "counts": "QSmP11gQ10eQ11ZnN1O1O01O001O001O00O1O1O1000O1O10000O10`S20`lM3M0O2N1O1O101O0000000001O010O0O2O0O2O3Lm_a70T`^H0TU31kjL001N10001O001N1O001O1O1O100O1O0O10O20O011O1N2O0O100O010OL5N1N3O010O0O2M4NSblc0"}, {"size": [1080, 1920], "counts": "QSmP11gQ10eQ11ZnN1O1O01O001O001O00O1O1O1000O1O10000O10`S20`lM3M0O2N1O1O101O0000000001O010O0O2O0O2O3Lm_a70T`^H0TU31kjL001N10001O001N1O001O1O1O100O1O0O10O20O011O1N2O0O100O010OL5N1N3O010O0O2M4NSblc0"}, {"size": [1080, 1920],