{"labels": [12, 2, 3, 4, 6, 7, 8, 10, 11, 12, 1, 6, 10, 10, 8, 12, 10, 2, 1, 2, 10, 10, 4, 6, 12, 10, 2, 3, 4, 7, 8, 10, 7, 10, 0, 10, 1, 2, 3, 4, 6, 7, 8, 10, 14, 19, 3, 6, 7, 10, 12, 1, 6, 10, 2, 10, 19, 6, 10, 12, 1, 4, 6, 7, 8, 10, 11, 12, 19, 10, 1, 2, 3, 4, 6, 7, 8, 10, 14, 16, 19, 21, 2, 10, 12, 2, 10, 2, 6, 7, 8, 10, 12, 19, 1, 6, 8, 11, 12, 7], "scores": [0.0, 0.0, 0.0, 0.0, 0.0, 0.0, 0.0, 0.0, 0.0, 0.0, 0.0002843179681804031, 0.0008641588501632214, 0.00013632549962494522, 0.0, 0.00010555438348092139, 0.00016708018665667623, 0.0, 0.0, 0.0002100300189340487, 0.0, 0.0, 0.0, 0.00012613684521056712, 0.0001257394178537652, 0.0, 0.0, 0.0002624110202305019, 0.5850691795349121, 0.0011781866196542978, 0.00016518608026672155, 0.0003744882997125387, 0.0001698324194876477, 0.00021147872030269355, 0.0, 0.0, 0.0, 0.000491080922074616, 0.05607713758945465, 0.0004589527379721403, 0.008298458531498909, 0.00011117703979834914, 0.0001563928963150829, 0.0003841825819108635, 0.00225814082659781, 0.00025432469556108117, 0.00023164866433944553, 0.0, 0.0, 0.0, 0.0, 0.0, 0.001526990090496838, 0.0001348319201497361, 0.00012053655518684536, 0.0, 0.0, 0.9862394332885742, 0.0, 0.0, 0.0, 0.001358301960863173, 0.00011071366316173226, 0.0001447675167582929, 0.00038877277984283864, 0.013353429734706879, 0.004182793665677309, 0.00015307376452255994, 0.0007781919557601213, 0.0006110479007475078, 0.0, 0.00150248222053051, 0.01619373820722103, 0.002598959719762206, 0.31820857524871826, 0.0003381036513019353, 0.0008078335667960346, 0.0008478918462060392, 0.008297841064631939, 0.0004833693674299866, 0.00010659803956514224, 0.0002754984307102859, 0.00017977711104322225, 0.0, 0.0, 0.0, 0.0, 0.0, 0.0, 0.0, 0.0, 0.0, 0.0, 0.0, 0.0, 0.0001539654767839238, 0.0001295475085498765, 9.736677748151124e-05, 0.0008047915762290359, 9.178980690194294e-05, 0.0], "bboxes": [[0.0, 0.0, 0.0, 0.0], [0.0, 0.0, 0.0, 0.0], [0.0, 0.0, 0.0, 0.0], [0.0, 0.0, 0.0, 0.0], [0.0, 0.0, 0.0, 0.0], [0.0, 0.0, 0.0, 0.0], [0.0, 0.0, 0.0, 0.0], [0.0, 0.0, 0.0, 0.0], [0.0, 0.0, 0.0, 0.0], [0.0, 0.0, 0.0, 0.0], [981.0, 519.0, 1073.0, 535.0], [981.0, 519.0, 1073.0, 535.0], [981.0, 519.0, 1073.0, 535.0], [0.0, 0.0, 0.0, 0.0], [982.0, 520.0, 1040.0, 528.0], [982.0, 520.0, 1040.0, 528.0], [0.0, 0.0, 0.0, 0.0], [0.0, 0.0, 0.0, 0.0], [977.0, 520.0, 1051.0, 531.0], [0.0, 0.0, 0.0, 0.0], [0.0, 0.0, 0.0, 0.0], [0.0, 0.0, 0.0, 0.0], [981.0, 520.0, 1039.0, 529.0], [981.0, 520.0, 1039.0, 529.0], [0.0, 0.0, 0.0, 0.0], [0.0, 0.0, 0.0, 0.0], [969.0, 519.0, 1040.0, 533.0], [969.0, 519.0, 1040.0, 533.0], [969.0, 519.0, 1040.0, 533.0], [969.0, 519.0, 1040.0, 533.0], [969.0, 519.0, 1040.0, 533.0], [969.0, 519.0, 1040.0, 533.0], [991.0, 465.0, 1348.0, 531.0], [0.0, 0.0, 0.0, 0.0], [0.0, 0.0, 0.0, 0.0], [0.0, 0.0, 0.0, 0.0], [676.0, 482.0, 693.0, 495.0], [676.0, 482.0, 693.0, 495.0], [676.0, 482.0, 693.0, 495.0], [676.0, 482.0, 693.0, 495.0], [676.0, 482.0, 693.0, 495.0], [676.0, 482.0, 693.0, 495.0], [676.0, 482.0, 693.0, 495.0], [676.0, 482.0, 693.0, 495.0], [676.0, 482.0, 693.0, 495.0], [676.0, 482.0, 693.0, 495.0], [0.0, 0.0, 0.0, 0.0], [0.0, 0.0, 0.0, 0.0], [0.0, 0.0, 0.0, 0.0], [0.0, 0.0, 0.0, 0.0], [0.0, 0.0, 0.0, 0.0], [991.0, 521.0, 1046.0, 530.0], [991.0, 521.0, 1046.0, 530.0], [991.0, 521.0, 1046.0, 530.0], [0.0, 0.0, 0.0, 0.0], [0.0, 0.0, 0.0, 0.0], [400.0, 388.0, 1608.0, 1080.0], [0.0, 0.0, 0.0, 0.0], [0.0, 0.0, 0.0, 0.0], [0.0, 0.0, 0.0, 0.0], [433.0, 541.0, 520.0, 557.0], [433.0, 541.0, 520.0, 557.0], [433.0, 541.0, 520.0, 557.0], [433.0, 541.0, 520.0, 557.0], [433.0, 541.0, 520.0, 557.0], [433.0, 541.0, 520.0, 557.0], [433.0, 541.0, 520.0, 557.0], [433.0, 541.0, 520.0, 557.0], [433.0, 541.0, 520.0, 557.0], [0.0, 0.0, 0.0, 0.0], [674.0, 482.0, 693.0, 495.0], [674.0, 482.0, 693.0, 495.0], [674.0, 482.0, 693.0, 495.0], [674.0, 482.0, 693.0, 495.0], [674.0, 482.0, 693.0, 495.0], [674.0, 482.0, 693.0, 495.0], [674.0, 482.0, 693.0, 495.0], [674.0, 482.0, 693.0, 495.0], [674.0, 482.0, 693.0, 495.0], [674.0, 482.0, 693.0, 495.0], [674.0, 482.0, 693.0, 495.0], [674.0, 482.0, 693.0, 495.0], [0.0, 0.0, 0.0, 0.0], [0.0, 0.0, 0.0, 0.0], [0.0, 0.0, 0.0, 0.0], [0.0, 0.0, 0.0, 0.0], [0.0, 0.0, 0.0, 0.0], [0.0, 0.0, 0.0, 0.0], [0.0, 0.0, 0.0, 0.0], [0.0, 0.0, 0.0, 0.0], [0.0, 0.0, 0.0, 0.0], [0.0, 0.0, 0.0, 0.0], [0.0, 0.0, 0.0, 0.0], [0.0, 0.0, 0.0, 0.0], [1011.0, 522.0, 1016.0, 523.0], [1011.0, 522.0, 1016.0, 523.0], [1011.0, 522.0, 1016.0, 523.0], [1011.0, 522.0, 1016.0, 523.0], [1011.0, 522.0, 1016.0, 523.0], [0.0, 0.0, 0.0, 0.0]], "masks": [{"size": [1080, 1920], "counts": "PPYo1"}, {"size": [1080, 1920], "counts": "PPYo1"}, {"size": [1080, 1920], "counts": "PPYo1"}, {"size": [1080, 1920], "counts": "PPYo1"}, {"size": [1080, 1920], "counts": "PPYo1"}, {"size": [1080, 1920], "counts": "PPYo1"}, {"size": [1080, 1920], "counts": "PPYo1"}, {"size": [1080, 1920], "counts": "PPYo1"}, {"size": [1080, 1920], "counts": "PPYo1"}, {"size": [1080, 1920], "counts": "PPYo1"}, {"size": [1080, 1920], "counts": "UU[P11fQ11O2O0O10001O00001O00001O00000O100000001O000O10000000000O1000000000001O00000001O000000000O1000000000000000000000001O00000010O0001O001O01O01N101O001O1O00000100O00001O0000000001O0O3N1Ocilk0"}, {"size": [1080, 1920], "counts": "UU[P11fQ11O2O0O10001O00001O00001O00000O100000001O000O10000000000O1000000000001O00000001O000000000O1000000000000000000000001O00000010O0001O001O01O01N101O001O1O00000100O00001O0000000001O0O3N1Ocilk0"}, {"size": [1080, 1920], "counts": "UU[P11fQ11O2O0O10001O00001O00001O00000O100000001O000O10000000000O1000000000001O00000001O000000000O1000000000000000000000001O00000010O0001O001O01O01N101O001O1O00000100O00001O0000000001O0O3N1Ocilk0"}, {"size": [1080, 1920], "counts": "PPYo1"}, {"size": [1080, 1920], "counts": "lV\\P12eQ11O2N10000000010O00000000000000O100000O1000000000000000000O100000010O00000001O000O101O001O001O0O10O2O0000O10O11O1Occol0"}, {"size": [1080, 1920], "counts": "lV\\P12eQ11O2N10000000010O00000000000000O100000O1000000000000000000O100000010O00000001O000O101O001O001O0O10O2O0000O10O11O1Occol0"}, {"size": [1080, 1920], "counts": "PPYo1"}, {"size": [1080, 1920], "counts": "PPYo1"}, {"size": [1080, 1920], "counts": "RnVP11gQ100012M1O0O100O2O0001O0001O00000000000O1000000000000000001O0O100000000000001O0000000001O0000000000000000000O100000000000001O001O000010O0001N100N3N[Pdl0"}, {"size": [1080, 1920], "counts": "PPYo1"}, {"size": [1080, 1920], "counts": "PPYo1"}, {"size": [1080, 1920], "counts": "PPYo1"}, {"size": [1080, 1920], "counts": "TU[P12eQ12N100O10001O00000001O01O0000O01000000000000000000000000O1000000000000001O0000001O00001N101O001O0O11O0000O10000000[ePm0"}, {"size": [1080, 1920], "counts": "TU[P12eQ12N100O10001O00000001O01O0000O01000000000000000000000000O1000000000000001O0000001O00001N101O001O0O11O0000O10000000[ePm0"}, {"size": [1080, 1920], "counts": "PPYo1"}, {"size": [1080, 1920], "counts": "PPYo1"}, {"size": [1080, 1920], "counts": "Q`no02fQ10000001O1O1O001O001O001O00001N10001O00001O00001O00000000000000000000000000000O100000O10000000001O001O0000001N100000001O0O100O10O01000000O3Ndcol0"}, {"size": [1080, 1920], "counts": "Q`no02fQ10000001O1O1O001O001O001O00001N10001O00001O00001O00000000000000000000000000000O100000O10000000001O001O0000001N100000001O0O100O10O01000000O3Ndcol0"}, {"size": [1080, 1920], "counts": "Q`no02fQ10000001O1O1O001O001O001O00001N10001O00001O00001O00000000000000000000000000000O100000O10000000001O001O0000001N100000001O0O100O10O01000000O3Ndcol0"}, {"size": [1080, 1920], "counts": "Q`no02fQ10000001O1O1O001O001O001O00001N10001O00001O00001O00000000000000000000000000000O100000O10000000001O001O0000001N100000001O0O100O10O01000000O3Ndcol0"}, {"size": [1080, 1920], "counts": "Q`no02fQ10000001O1O1O001O001O001O00001N10001O00001O00001O00000000000000000000000000000O100000O10000000001O001O0000001N100000001O0O100O10O01000000O3Ndcol0"}, {"size": [1080, 1920],