{"labels": [12, 2, 3, 4, 6, 7, 8, 10, 11, 6, 10, 12, 12, 2, 10, 12, 2, 7, 10, 12, 8, 2, 3, 4, 7, 8, 12, 0, 10, 2, 3, 4, 7, 10, 12, 19, 10, 2, 3, 4, 7, 8, 10, 12, 2, 7, 10, 19, 12, 10, 2, 3, 6, 7, 10, 12, 1, 3, 4, 6, 7, 8, 10, 11, 12, 19, 20, 10, 12, 2, 7, 10, 12, 0, 1, 2, 3, 4, 6, 7, 8, 10, 12, 15, 16, 19, 20, 2, 2, 12, 19, 2, 3, 6, 7, 8, 10, 12, 19, 10], "scores": [0.00027573376428335905, 0.0, 0.0, 0.0, 0.0, 0.0, 0.0, 0.0, 0.0, 0.00036318981437943876, 0.0, 0.0, 0.000219408655539155, 0.0, 0.0, 0.0, 0.0, 0.0, 0.0, 0.0, 0.0, 0.00042185556958429515, 0.5780808925628662, 0.0010237261885777116, 0.0006913035176694393, 0.0010004512732848525, 0.0, 0.00023508418234996498, 0.00035792303970083594, 0.0, 0.0, 0.0, 0.0, 0.0, 0.0, 0.0, 0.00023870408767834306, 0.00023845744726713747, 0.0003782204003073275, 0.00020423918613232672, 0.0005123591399751604, 0.00045189025695435703, 0.00037603601231239736, 0.0005165574257262051, 0.0, 0.0, 0.0, 0.9865866303443909, 0.0, 0.0004950820584781468, 0.00017004358232952654, 0.00043684427510015666, 0.00015365163562819362, 0.00027393674827180803, 0.0004899182240478694, 0.002114111790433526, 0.0, 0.0, 0.0, 0.0, 0.0, 0.0, 0.0, 0.0, 0.0, 0.0, 0.0, 0.0, 0.0, 0.0, 0.0, 0.0, 0.0, 0.0, 0.0, 0.0, 0.0, 0.0, 0.0, 0.0, 0.0, 0.0, 0.0, 0.0, 0.0, 0.0, 0.0, 0.0, 0.0, 0.0, 0.0, 0.0, 0.0, 0.0, 0.0, 0.0, 0.0, 0.0, 0.0, 0.0], "bboxes": [[994.0, 515.0, 1062.0, 532.0], [0.0, 0.0, 0.0, 0.0], [0.0, 0.0, 0.0, 0.0], [0.0, 0.0, 0.0, 0.0], [0.0, 0.0, 0.0, 0.0], [0.0, 0.0, 0.0, 0.0], [0.0, 0.0, 0.0, 0.0], [0.0, 0.0, 0.0, 0.0], [0.0, 0.0, 0.0, 0.0], [966.0, 511.0, 1070.0, 535.0], [0.0, 0.0, 0.0, 0.0], [0.0, 0.0, 0.0, 0.0], [972.0, 512.0, 1065.0, 534.0], [0.0, 0.0, 0.0, 0.0], [0.0, 0.0, 0.0, 0.0], [0.0, 0.0, 0.0, 0.0], [0.0, 0.0, 0.0, 0.0], [0.0, 0.0, 0.0, 0.0], [0.0, 0.0, 0.0, 0.0], [0.0, 0.0, 0.0, 0.0], [0.0, 0.0, 0.0, 0.0], [959.0, 511.0, 1063.0, 535.0], [959.0, 511.0, 1063.0, 535.0], [959.0, 511.0, 1063.0, 535.0], [959.0, 511.0, 1063.0, 535.0], [959.0, 511.0, 1063.0, 535.0], [0.0, 0.0, 0.0, 0.0], [974.0, 513.0, 1071.0, 535.0], [972.0, 512.0, 1064.0, 532.0], [0.0, 0.0, 0.0, 0.0], [0.0, 0.0, 0.0, 0.0], [0.0, 0.0, 0.0, 0.0], [0.0, 0.0, 0.0, 0.0], [0.0, 0.0, 0.0, 0.0], [0.0, 0.0, 0.0, 0.0], [0.0, 0.0, 0.0, 0.0], [1009.0, 517.0, 1047.0, 529.0], [1008.0, 517.0, 1063.0, 532.0], [1008.0, 517.0, 1063.0, 532.0], [1008.0, 517.0, 1063.0, 532.0], [1008.0, 517.0, 1063.0, 532.0], [1008.0, 517.0, 1063.0, 532.0], [1008.0, 517.0, 1063.0, 532.0], [1008.0, 517.0, 1063.0, 532.0], [0.0, 0.0, 0.0, 0.0], [0.0, 0.0, 0.0, 0.0], [0.0, 0.0, 0.0, 0.0], [399.0, 388.0, 1608.0, 1080.0], [0.0, 0.0, 0.0, 0.0], [487.0, 540.0, 502.0, 545.0], [453.0, 531.0, 558.0, 546.0], [453.0, 531.0, 558.0, 546.0], [453.0, 531.0, 558.0, 546.0], [453.0, 531.0, 558.0, 546.0], [453.0, 531.0, 558.0, 546.0], [453.0, 531.0, 558.0, 546.0], [0.0, 0.0, 0.0, 0.0], [0.0, 0.0, 0.0, 0.0], [0.0, 0.0, 0.0, 0.0], [0.0, 0.0, 0.0, 0.0], [0.0, 0.0, 0.0, 0.0], [0.0, 0.0, 0.0, 0.0], [0.0, 0.0, 0.0, 0.0], [0.0, 0.0, 0.0, 0.0], [0.0, 0.0, 0.0, 0.0], [0.0, 0.0, 0.0, 0.0], [0.0, 0.0, 0.0, 0.0], [0.0, 0.0, 0.0, 0.0], [0.0, 0.0, 0.0, 0.0], [0.0, 0.0, 0.0, 0.0], [0.0, 0.0, 0.0, 0.0], [0.0, 0.0, 0.0, 0.0], [0.0, 0.0, 0.0, 0.0], [0.0, 0.0, 0.0, 0.0], [0.0, 0.0, 0.0, 0.0], [0.0, 0.0, 0.0, 0.0], [0.0, 0.0, 0.0, 0.0], [0.0, 0.0, 0.0, 0.0], [0.0, 0.0, 0.0, 0.0], [0.0, 0.0, 0.0, 0.0], [0.0, 0.0, 0.0, 0.0], [0.0, 0.0, 0.0, 0.0], [0.0, 0.0, 0.0, 0.0], [0.0, 0.0, 0.0, 0.0], [0.0, 0.0, 0.0, 0.0], [0.0, 0.0, 0.0, 0.0], [0.0, 0.0, 0.0, 0.0], [0.0, 0.0, 0.0, 0.0], [0.0, 0.0, 0.0, 0.0], [0.0, 0.0, 0.0, 0.0], [0.0, 0.0, 0.0, 0.0], [0.0, 0.0, 0.0, 0.0], [0.0, 0.0, 0.0, 0.0], [0.0, 0.0, 0.0, 0.0], [0.0, 0.0, 0.0, 0.0], [0.0, 0.0, 0.0, 0.0], [0.0, 0.0, 0.0, 0.0], [0.0, 0.0, 0.0, 0.0], [0.0, 0.0, 0.0, 0.0], [0.0, 0.0, 0.0, 0.0]], "masks": [{"size": [1080, 1920], "counts": "dkhP12eQ1101O0001O00000001O001N2O001O00001O00010O010O000010O01O0001O0001O00000010O001O0001O01O00001O00001O001O000000001O001O10O0001N1000001O00n\\Xl0"}, {"size": [1080, 1920], "counts": "PPYo1"}, {"size": [1080, 1920], "counts": "PPYo1"}, {"size": [1080, 1920], "counts": "PPYo1"}, {"size": [1080, 1920], "counts": "PPYo1"}, {"size": [1080, 1920], "counts": "PPYo1"}, {"size": [1080, 1920], "counts": "PPYo1"}, {"size": [1080, 1920], "counts": "PPYo1"}, {"size": [1080, 1920], "counts": "PPYo1"}, {"size": [1080, 1920], "counts": "aZko01gQ11N101O0O2O001O00001O000000001O0001O01O000O1000001O000000001O001O001O01O000001O000010O01O00001O01O010O00010O0000001O01O0001O0001O01O0000001O01O0001O0000001O001O0O2O0000010O00001O000010O0001O00001O001O0O1000nnok0"}, {"size": [1080, 1920], "counts": "PPYo1"}, {"size": [1080, 1920], "counts": "PPYo1"}, {"size": [1080, 1920], "counts": "QeQP12fQ1000000000001OP^80oaG2O1O1N101O0000001O00000001O01O001O001O001O00000010O010O0010O000010O00000010O00001O0001O00010O00001O0000001O001O00001O00001O0001O01O001O001O01O0010O001OfWUl0"}, {"size": [1080, 1920], "counts": "PPYo1"}, {"size": [1080, 1920], "counts": "PPYo1"}, {"size": [1080, 1920], "counts": "PPYo1"}, {"size": [1080, 1920], "counts": "PPYo1"}, {"size": [1080, 1920], "counts": "PPYo1"}, {"size": [1080, 1920], "counts": "PPYo1"}, {"size": [1080, 1920], "counts": "PPYo1"}, {"size": [1080, 1920], "counts": "PPYo1"}, {"size": [1080, 1920], "counts": "Ynco01fQ1101O0O10001O0000000000010O0000000000O2O001NiX51VgJ2O0O2O1O001O001O0000001O0O2O0010O0001O001O1O001O01O01O010O0001O01O01O0000010O0001O000001O0000010O00001O0000001O00010N10001O001O001O00001O1O001O0O2N1OX[Wl0"}, {"size": [1080, 1920], "counts": "Ynco01fQ1101O0O10001O0000000000010O0000000000O2O001NiX51VgJ2O0O2O1O001O001O0000001O0O2O0010O0001O001O1O001O01O01O010O0001O01O01O0000010O0001O000001O0000010O00001O0000001O00010N10001O001O001O00001O1O001O0O2N1OX[Wl0"}, {"size": [1080, 1920], "counts": "Ynco01fQ1101O0O10001O0000000000010O0000000000O2O001NiX51VgJ2O0O2O1O001O001O0000001O0O2O0010O0001O001O1O001O01O01O010O0001O01O01O0000010O0001O000001O0000010O00001O0000001O00010N10001O001O001O00001O1O001O0O2N1OX[Wl0"}, {"size": [1080, 1920], "counts": "Ynco01fQ1101O0O10001O0000000000010O0000000000O2O001NiX51VgJ2O0O2O1O001O001O0000001O0O2O0010O0001O001O1O001O01O01O010O0001O01O01O0000010O0001O000001O0000010O00001O0000001O00010N10001O001O001O00001O1O001O0O2N1OX[Wl0"}, {"size": [1080, 1920], "counts": "Ynco01fQ1101O0O10001O0000000000010O0000000000O2O001NiX51VgJ2O0O2O1O001O001O0000001O0O2O0010O0001O001O1O001O01O01O010O0001O01O01O0000010O0001O000001O0000010O00001O0000001O00010N10001O001O001O00001O1O001O0O2N1OX[Wl0"}, {"size": [1080, 1920], "counts": "PPYo1"}, {"size": [1080, 1920], "counts": "bhSP11gQ100000Xc;2e\\D2O001O00001O000000001O00001O0010O0001O0000010O0000010O00010O0000010O0001O0001O000010O00001O01O000001O00001O001O00001O0000010O00001O010O0001O0010O00001O001O1N2O00Smnk0"}, {"size": [1080, 1920], "counts": "QeQP12fQ1000000000Qe<OoZC2O2M101O000000001O0000001O001O010O00001O000010O0010O01O01O00010O0001O0001O000010O00001O00010O0000001O00001O001O0000001O00001O010O1O0000001O00001N_YVl0"}, {"size": [1080, 1920], "counts": "PPYo1"}, {"size": [1080, 1920], "counts": "PPYo1"}, {"size": [1080, 1920], "counts": "PPYo1"}, {"size": [1080, 1920], "counts": "PPYo1"}, {"size": [1080, 1920], "counts": "PPYo1"}, {"size": [1080, 1920], "counts": "PPYo1"}, {"size": [1080, 1920], "counts": "PPYo1"}, {"size": [1080, 1920], "counts": "neXQ11fQ12O1O001O0001O0O1100O1O00100O00001O000000010O0001O00001O010O00001O000O2O0O[Whl0"}, {"size": [1080, 1920], "counts": "VdWQ11fQ12O1O001O000001O0001O00100O1O01O01O00000000010O0001O000010O0001O0000010O0000001O00002N01O0001O0000000001O01OV[Wl0"}, {"size": [1080, 1920], "counts": "VdWQ11fQ12O1O001O000001O0001O00100O1O01O01O00000000010O0001O000010O0001O0000010O0000001O00002N01O0001O0000000001O01OV[Wl0"}, {"size": [1080, 1920], "counts": "VdWQ11fQ12O1O001O000001O0001O00100O1O01O01O00000000010O0001O000010O0001O0000010O0000001O00002N01O0001O0000000001O01OV[Wl0"}, {"size": [1080, 1920],