{"labels": [2, 3, 4, 6, 7, 8, 10, 11, 12, 12, 0, 1, 2, 3, 4, 6, 7, 8, 10, 11, 12, 19, 10, 12, 10, 12, 12, 2, 10, 12, 7, 8, 12, 2, 3, 4, 7, 12, 10, 2, 3, 4, 7, 8, 10, 12, 19, 10, 3, 4, 7, 10, 12, 1, 2, 10, 19, 2, 3, 7, 10, 12, 1, 3, 4, 6, 7, 8, 10, 11, 12, 19, 10, 12, 1, 2, 3, 4, 8, 10, 2, 2, 12, 2, 3, 4, 6, 7, 8, 10, 12, 19, 1, 6, 7, 8, 10, 11, 12, 4], "scores": [0.0, 0.0, 0.0, 0.0, 0.0, 0.0, 0.0, 0.0, 0.0, 0.0, 0.0, 0.0, 0.0, 0.0, 0.0, 0.0, 0.0, 0.0, 0.0, 0.0, 0.0, 0.0, 0.0, 0.0001685832248767838, 0.0, 0.0, 0.00018373764760326594, 0.0, 0.0, 0.0, 0.0, 0.0, 0.0, 0.00019626614812295884, 0.5640743374824524, 0.0006403775769285858, 0.00019210482423659414, 0.0, 0.0, 0.0, 0.0, 0.0, 0.0, 0.0, 0.0, 0.0, 0.0, 0.0, 0.0, 0.0, 0.0, 0.0, 0.0, 0.0004935651668347418, 0.0, 0.0, 0.9856746792793274, 0.0, 0.0, 0.0, 0.0, 0.0, 0.0, 0.0, 0.0, 0.0, 0.0, 0.0, 0.0, 0.0, 0.0, 0.0, 0.0, 0.0, 0.0001350099773844704, 0.00756254093721509, 0.0012352120829746127, 0.4686781167984009, 0.00013370890519581735, 0.0005467067239806056, 0.0, 0.0, 0.0, 0.0, 0.0, 0.0, 0.0, 0.0, 0.0, 0.0, 0.0, 0.0, 0.0, 0.0, 0.0, 0.0, 0.0, 0.0, 0.0, 0.0], "bboxes": [[0.0, 0.0, 0.0, 0.0], [0.0, 0.0, 0.0, 0.0], [0.0, 0.0, 0.0, 0.0], [0.0, 0.0, 0.0, 0.0], [0.0, 0.0, 0.0, 0.0], [0.0, 0.0, 0.0, 0.0], [0.0, 0.0, 0.0, 0.0], [0.0, 0.0, 0.0, 0.0], [0.0, 0.0, 0.0, 0.0], [0.0, 0.0, 0.0, 0.0], [0.0, 0.0, 0.0, 0.0], [0.0, 0.0, 0.0, 0.0], [0.0, 0.0, 0.0, 0.0], [0.0, 0.0, 0.0, 0.0], [0.0, 0.0, 0.0, 0.0], [0.0, 0.0, 0.0, 0.0], [0.0, 0.0, 0.0, 0.0], [0.0, 0.0, 0.0, 0.0], [0.0, 0.0, 0.0, 0.0], [0.0, 0.0, 0.0, 0.0], [0.0, 0.0, 0.0, 0.0], [0.0, 0.0, 0.0, 0.0], [0.0, 0.0, 0.0, 0.0], [1298.0, 470.0, 1358.0, 499.0], [0.0, 0.0, 0.0, 0.0], [0.0, 0.0, 0.0, 0.0], [1281.0, 461.0, 1374.0, 513.0], [0.0, 0.0, 0.0, 0.0], [0.0, 0.0, 0.0, 0.0], [0.0, 0.0, 0.0, 0.0], [0.0, 0.0, 0.0, 0.0], [0.0, 0.0, 0.0, 0.0], [0.0, 0.0, 0.0, 0.0], [1281.0, 458.0, 1380.0, 515.0], [1281.0, 458.0, 1380.0, 515.0], [1281.0, 458.0, 1380.0, 515.0], [1281.0, 458.0, 1380.0, 515.0], [0.0, 0.0, 0.0, 0.0], [0.0, 0.0, 0.0, 0.0], [0.0, 0.0, 0.0, 0.0], [0.0, 0.0, 0.0, 0.0], [0.0, 0.0, 0.0, 0.0], [0.0, 0.0, 0.0, 0.0], [0.0, 0.0, 0.0, 0.0], [0.0, 0.0, 0.0, 0.0], [0.0, 0.0, 0.0, 0.0], [0.0, 0.0, 0.0, 0.0], [0.0, 0.0, 0.0, 0.0], [0.0, 0.0, 0.0, 0.0], [0.0, 0.0, 0.0, 0.0], [0.0, 0.0, 0.0, 0.0], [0.0, 0.0, 0.0, 0.0], [0.0, 0.0, 0.0, 0.0], [1219.0, 494.0, 1311.0, 526.0], [0.0, 0.0, 0.0, 0.0], [0.0, 0.0, 0.0, 0.0], [398.0, 394.0, 1609.0, 1080.0], [0.0, 0.0, 0.0, 0.0], [0.0, 0.0, 0.0, 0.0], [0.0, 0.0, 0.0, 0.0], [0.0, 0.0, 0.0, 0.0], [0.0, 0.0, 0.0, 0.0], [0.0, 0.0, 0.0, 0.0], [0.0, 0.0, 0.0, 0.0], [0.0, 0.0, 0.0, 0.0], [0.0, 0.0, 0.0, 0.0], [0.0, 0.0, 0.0, 0.0], [0.0, 0.0, 0.0, 0.0], [0.0, 0.0, 0.0, 0.0], [0.0, 0.0, 0.0, 0.0], [0.0, 0.0, 0.0, 0.0], [0.0, 0.0, 0.0, 0.0], [0.0, 0.0, 0.0, 0.0], [0.0, 0.0, 0.0, 0.0], [679.0, 482.0, 684.0, 486.0], [679.0, 482.0, 684.0, 486.0], [679.0, 482.0, 684.0, 486.0], [679.0, 482.0, 684.0, 486.0], [679.0, 482.0, 684.0, 486.0], [679.0, 482.0, 684.0, 486.0], [0.0, 0.0, 0.0, 0.0], [0.0, 0.0, 0.0, 0.0], [0.0, 0.0, 0.0, 0.0], [0.0, 0.0, 0.0, 0.0], [0.0, 0.0, 0.0, 0.0], [0.0, 0.0, 0.0, 0.0], [0.0, 0.0, 0.0, 0.0], [0.0, 0.0, 0.0, 0.0], [0.0, 0.0, 0.0, 0.0], [0.0, 0.0, 0.0, 0.0], [0.0, 0.0, 0.0, 0.0], [0.0, 0.0, 0.0, 0.0], [0.0, 0.0, 0.0, 0.0], [0.0, 0.0, 0.0, 0.0], [0.0, 0.0, 0.0, 0.0], [0.0, 0.0, 0.0, 0.0], [0.0, 0.0, 0.0, 0.0], [0.0, 0.0, 0.0, 0.0], [0.0, 0.0, 0.0, 0.0], [0.0, 0.0, 0.0, 0.0]], "masks": [{"size": [1080, 1920], "counts": "PPYo1"}, {"size": [1080, 1920], "counts": "PPYo1"}, {"size": [1080, 1920], "counts": "PPYo1"}, {"size": [1080, 1920], "counts": "PPYo1"}, {"size": [1080, 1920], "counts": "PPYo1"}, {"size": [1080, 1920], "counts": "PPYo1"}, {"size": [1080, 1920], "counts": "PPYo1"}, {"size": [1080, 1920], "counts": "PPYo1"}, {"size": [1080, 1920], "counts": "PPYo1"}, {"size": [1080, 1920], "counts": "PPYo1"}, {"size": [1080, 1920], "counts": "PPYo1"}, {"size": [1080, 1920], "counts": "PPYo1"}, {"size": [1080, 1920], "counts": "PPYo1"}, {"size": [1080, 1920], "counts": "PPYo1"}, {"size": [1080, 1920], "counts": "PPYo1"}, {"size": [1080, 1920], "counts": "PPYo1"}, {"size": [1080, 1920], "counts": "PPYo1"}, {"size": [1080, 1920], "counts": "PPYo1"}, {"size": [1080, 1920], "counts": "PPYo1"}, {"size": [1080, 1920], "counts": "PPYo1"}, {"size": [1080, 1920], "counts": "PPYo1"}, {"size": [1080, 1920], "counts": "PPYo1"}, {"size": [1080, 1920], "counts": "PPYo1"}, {"size": [1080, 1920], "counts": "Q_iZ12eQ110000O1O00OO30O1M3OaS20_lM1O2N100O100O10O1OO1010O10000O10O10O100N2O1O^ma00cR^O1O0000O1000jX`b0"}, {"size": [1080, 1920], "counts": "PPYo1"}, {"size": [1080, 1920], "counts": "PPYo1"}, {"size": [1080, 1920], "counts": "daWZ13cQ13N100O2N1O0010N11O2N2M3N1O1O1O010O1O10O0100O10000O01000O01O001O0O2N11O10O010O010O1O0O2O010O1O0O2000O100O10N2O001000000O010N1N1101000O010000O10O10O10O00100O1O100O1O1Nn]8MZofa0"}, {"size": [1080, 1920], "counts": "PPYo1"}, {"size": [1080, 1920], "counts": "PPYo1"}, {"size": [1080, 1920], "counts": "PPYo1"}, {"size": [1080, 1920], "counts": "PPYo1"}, {"size": [1080, 1920], "counts": "PPYo1"}, {"size": [1080, 1920], "counts": "PPYo1"}, {"size": [1080, 1920], "counts": "eaWZ11dQ14O000O100O001N2O1O001O1O1O2N2O0O2O0O2N1O101N100O10001O0O1O1O1O0010O010N1010O10O0101O0O1000O100O001M3O1N2O1O100O010O01000O1O1O1O0O02N11O010O1O1O10O01O01O1000O1000O01O1O010O0M3O2O1O01OO20O100O01M5LfRia0"}, {"size": [1080, 1920], "counts": "eaWZ11dQ14O000O100O001N2O1O001O1O1O2N2O0O2O0O2N1O101N100O10001O0O1O1O1O0010O010N1010O10O0101O0O1000O100O001M3O1N2O1O100O010O01000O1O1O1O0O02N11O010O1O1O10O01O01O1000O1000O01O1O010O0M3O2O1O01OO20O100O01M5LfRia0"}, {"size": [1080, 1920], "counts": "eaWZ11dQ14O000O100O001N2O1O001O1O1O2N2O0O2O0O2N1O101N100O10001O0O1O1O1O0010O010N1010O10O0101O0O1000O100O001M3O1N2O1O100O010O01000O1O1O1O0O02N11O010O1O1O10O01O01O1000O1000O01O1O010O0M3O2O1O01OO20O100O01M5LfRia0"}, {"size": [1080, 1920], "counts": "eaWZ11dQ14O000O100O001N2O1O001O1O1O2N2O0O2O0O2N1O101N100O10001O0O1O1O1O0010O010N1010O10O0101O0O1000O100O001M3O1N2O1O100O010O01000O1O1O1O0O02N11O010O1O1O10O01O01O1000O1000O01O1O010O0M3O2O1O01OO20O100O01M5LfRia0"}, {"size": [1080, 1920], "counts": "PPYo1"}, {"size": [1080, 1920], "counts": "PPYo1"}, {"size": [1080, 1920], "counts": "PPYo1"}, {"size": [1080, 1920], "counts": "PPYo1"}, {"size": [1080, 1920], "counts": "PPYo1"}, {"size": [1080, 1920], "counts": "PPYo1"}, {"size": [1080, 1920], "counts": "PPYo1"}, {"size": [1080, 1920], "counts": "PPYo1"}, {"size": [1080, 1920], "counts": "PPYo1"}, {"size": [1080, 1920], "counts": "PPYo1"}, {"size": [1080, 1920], "counts": "PPYo1"}, {"size": [1080, 1920], "counts": "PPYo1"}, {"size": [1080, 1920], "counts": "PPYo1"}, {"size": [1080, 1920], "counts": "PPYo1"}, {"size": [1080, 1920], "counts": "PPYo1"}, {"size": [1080, 1920], "counts": "PPYo1"}, {"size": [1080, 1920], "counts": "\\UVX13dQ11O2O1O0O2O0000000000001O000O2O000O101O0O100000001O000O100000000O1000000O10O01000000O01000O10000O010O1000000O10O1000O100000O0100O10O0100000O010O1O00100O100O100O1O1O100O10O02N1O2O0M4J\\jQd0"}, {"size": [1080, 1920], "counts": "PPYo1"}, {"size": [1080, 1920], "counts": "PPYo1"}, {"size": [1080, 1920],