{"labels": [12, 2, 3, 4, 6, 7, 8, 10, 11, 8, 1, 6, 10, 10, 12, 12, 2, 10, 12, 2, 10, 7, 8, 12, 2, 3, 4, 7, 8, 12, 0, 10, 12, 2, 3, 4, 7, 10, 12, 19, 10, 2, 3, 7, 10, 12, 2, 7, 10, 19, 2, 3, 4, 7, 10, 12, 1, 2, 3, 4, 6, 7, 8, 10, 11, 12, 19, 20, 22, 10, 12, 0, 1, 2, 3, 4, 6, 7, 8, 9, 10, 12, 14, 15, 16, 19, 20, 2, 2, 2, 4, 6, 7, 8, 10, 12, 19, 1, 8, 10], "scores": [0.00039194116834551096, 0.0, 0.0, 0.0, 0.0, 0.0, 0.0, 0.0, 0.0, 0.0003362294810358435, 0.0002450720639899373, 0.0023501701653003693, 0.0, 0.0, 0.0, 0.00016676454106345773, 0.0, 0.0, 0.0, 0.0, 0.0, 0.00013107230188325047, 0.0, 0.0, 0.00030534534016624093, 0.607770562171936, 0.0006100483005866408, 0.000387953914469108, 0.00040657297358848155, 0.0, 0.00019868685922119766, 0.0, 0.0, 0.0, 0.0, 0.0, 0.0, 0.0, 0.0, 0.0, 0.00015516189159825444, 0.0, 0.0, 0.0, 0.0, 0.0, 0.0, 0.0, 0.0, 0.9871116280555725, 0.0, 0.0, 0.0, 0.0, 0.0, 0.0, 0.0, 0.0, 0.0, 0.0, 0.0, 0.0, 0.0, 0.0, 0.0, 0.0, 0.0, 0.0, 0.0, 0.0, 0.0, 0.0, 0.0, 0.0, 0.0, 0.0, 0.0, 0.0, 0.0, 0.0, 0.0, 0.0, 0.0, 0.0, 0.0, 0.0, 0.0, 0.0, 0.0, 0.0, 0.0, 0.0, 0.0, 0.0, 0.0, 0.0, 0.0, 0.0002251072000944987, 0.0001822153280954808, 0.0], "bboxes": [[974.0, 484.0, 1334.0, 527.0], [0.0, 0.0, 0.0, 0.0], [0.0, 0.0, 0.0, 0.0], [0.0, 0.0, 0.0, 0.0], [0.0, 0.0, 0.0, 0.0], [0.0, 0.0, 0.0, 0.0], [0.0, 0.0, 0.0, 0.0], [0.0, 0.0, 0.0, 0.0], [0.0, 0.0, 0.0, 0.0], [982.0, 512.0, 1011.0, 520.0], [865.0, 466.0, 1316.0, 525.0], [865.0, 466.0, 1316.0, 525.0], [0.0, 0.0, 0.0, 0.0], [0.0, 0.0, 0.0, 0.0], [0.0, 0.0, 0.0, 0.0], [968.0, 469.0, 1362.0, 527.0], [0.0, 0.0, 0.0, 0.0], [0.0, 0.0, 0.0, 0.0], [0.0, 0.0, 0.0, 0.0], [0.0, 0.0, 0.0, 0.0], [0.0, 0.0, 0.0, 0.0], [1002.0, 517.0, 1003.0, 518.0], [0.0, 0.0, 0.0, 0.0], [0.0, 0.0, 0.0, 0.0], [965.0, 486.0, 1327.0, 531.0], [965.0, 486.0, 1327.0, 531.0], [965.0, 486.0, 1327.0, 531.0], [965.0, 486.0, 1327.0, 531.0], [965.0, 486.0, 1327.0, 531.0], [0.0, 0.0, 0.0, 0.0], [977.0, 466.0, 1368.0, 534.0], [0.0, 0.0, 0.0, 0.0], [0.0, 0.0, 0.0, 0.0], [0.0, 0.0, 0.0, 0.0], [0.0, 0.0, 0.0, 0.0], [0.0, 0.0, 0.0, 0.0], [0.0, 0.0, 0.0, 0.0], [0.0, 0.0, 0.0, 0.0], [0.0, 0.0, 0.0, 0.0], [0.0, 0.0, 0.0, 0.0], [997.0, 514.0, 1010.0, 520.0], [0.0, 0.0, 0.0, 0.0], [0.0, 0.0, 0.0, 0.0], [0.0, 0.0, 0.0, 0.0], [0.0, 0.0, 0.0, 0.0], [0.0, 0.0, 0.0, 0.0], [0.0, 0.0, 0.0, 0.0], [0.0, 0.0, 0.0, 0.0], [0.0, 0.0, 0.0, 0.0], [400.0, 397.0, 1608.0, 1080.0], [0.0, 0.0, 0.0, 0.0], [0.0, 0.0, 0.0, 0.0], [0.0, 0.0, 0.0, 0.0], [0.0, 0.0, 0.0, 0.0], [0.0, 0.0, 0.0, 0.0], [0.0, 0.0, 0.0, 0.0], [0.0, 0.0, 0.0, 0.0], [0.0, 0.0, 0.0, 0.0], [0.0, 0.0, 0.0, 0.0], [0.0, 0.0, 0.0, 0.0], [0.0, 0.0, 0.0, 0.0], [0.0, 0.0, 0.0, 0.0], [0.0, 0.0, 0.0, 0.0], [0.0, 0.0, 0.0, 0.0], [0.0, 0.0, 0.0, 0.0], [0.0, 0.0, 0.0, 0.0], [0.0, 0.0, 0.0, 0.0], [0.0, 0.0, 0.0, 0.0], [0.0, 0.0, 0.0, 0.0], [0.0, 0.0, 0.0, 0.0], [0.0, 0.0, 0.0, 0.0], [0.0, 0.0, 0.0, 0.0], [0.0, 0.0, 0.0, 0.0], [0.0, 0.0, 0.0, 0.0], [0.0, 0.0, 0.0, 0.0], [0.0, 0.0, 0.0, 0.0], [0.0, 0.0, 0.0, 0.0], [0.0, 0.0, 0.0, 0.0], [0.0, 0.0, 0.0, 0.0], [0.0, 0.0, 0.0, 0.0], [0.0, 0.0, 0.0, 0.0], [0.0, 0.0, 0.0, 0.0], [0.0, 0.0, 0.0, 0.0], [0.0, 0.0, 0.0, 0.0], [0.0, 0.0, 0.0, 0.0], [0.0, 0.0, 0.0, 0.0], [0.0, 0.0, 0.0, 0.0], [0.0, 0.0, 0.0, 0.0], [0.0, 0.0, 0.0, 0.0], [0.0, 0.0, 0.0, 0.0], [0.0, 0.0, 0.0, 0.0], [0.0, 0.0, 0.0, 0.0], [0.0, 0.0, 0.0, 0.0], [0.0, 0.0, 0.0, 0.0], [0.0, 0.0, 0.0, 0.0], [0.0, 0.0, 0.0, 0.0], [0.0, 0.0, 0.0, 0.0], [887.0, 469.0, 1318.0, 529.0], [887.0, 469.0, 1318.0, 529.0], [0.0, 0.0, 0.0, 0.0]], "masks": [{"size": [1080, 1920], "counts": "ZhSP11gQ1003N0O2N100O1O1O1O1O0010O0001O01O01O0001O000001O00000010O001O01O0001O001O001O001O00001O001O001O00001O0O101NdZ60]eI1O000aYd80^f[G3N1N1O2N101N2O1O00O10O10O01O1000O1N2O001O1O010O100O2O2M3M]S20o^Wc0"}, {"size": [1080, 1920], "counts": "PPYo1"}, {"size": [1080, 1920], "counts": "PPYo1"}, {"size": [1080, 1920], "counts": "PPYo1"}, {"size": [1080, 1920], "counts": "PPYo1"}, {"size": [1080, 1920], "counts": "PPYo1"}, {"size": [1080, 1920], "counts": "PPYo1"}, {"size": [1080, 1920], "counts": "PPYo1"}, {"size": [1080, 1920], "counts": "PPYo1"}, {"size": [1080, 1920], "counts": "aV\\P11fQ12O1O001O010O001O000000000000001O00000001O001O001O001N10cVnm0"}, {"size": [1080, 1920], "counts": "]h`l01gQ11N2O1O1N11O01O0000001O000000001O001O001O00001N100000001O000000001O0O100010O10O001O001O001O01O01O01O01O1O010O010O10O1O01O010O1O010O10O100O01O001O1O0010O010O10O01O0010O01O1O1O10O010O0100O100O01000O1O100O1O010O00100O001000O0100O010O0010O010O010O0001O01O010O1O000000000001O000O10001O001O0O2O001O010O001O1O01OO101O0000001O0OY^S80galG2O1O2M2O1O1N100O100O10000O10O0100O01O0100O02O0O2N00N200010O0010O0010N1O110O1O1O1O1N3Naalc0"}, {"size": [1080, 1920], "counts": "]h`l01gQ11N2O1O1N11O01O0000001O000000001O001O001O00001N100000001O000000001O0O100010O10O001O001O001O01O01O01O01O1O010O010O10O1O01O010O1O010O10O100O01O001O1O0010O010O10O01O0010O01O1O1O10O010O0100O100O01000O1O100O1O010O00100O001000O0100O010O0010O010O010O0001O01O010O1O000000000001O000O10001O001O0O2O001O010O001O1O01OO101O0000001O0OY^S80galG2O1O2M2O1O1N100O100O10000O10O0100O01O0100O02O0O2N00N200010O0010O0010N1O110O1O1O1O1N3Naalc0"}, {"size": [1080, 1920], "counts": "PPYo1"}, {"size": [1080, 1920], "counts": "PPYo1"}, {"size": [1080, 1920], "counts": "PPYo1"}, {"size": [1080, 1920], "counts": "f]mo01gQ14L010O1O00100O1O2N100O001O1O1O010O0010O0000010O00001O001O01O000000010O01O00001O00001O001O1O00001O00001O001O001O001O00001N[U31ejL001O000001O00iP_83So`G3M3N6I2N010O01O1O001000O10O0100O101O00O1O1N1O2O0100O01N2O10O01O10O01O001N2O0O3N3MfRe00ZmZO1kQ\\b0"}, {"size": [1080, 1920], "counts": "PPYo1"}, {"size": [1080, 1920], "counts": "PPYo1"}, {"size": [1080, 1920], "counts": "PPYo1"}, {"size": [1080, 1920], "counts": "PPYo1"}, {"size": [1080, 1920], "counts": "PPYo1"}, {"size": [1080, 1920], "counts": "eYQQ11ZfWn0"}, {"size": [1080, 1920], "counts": "PPYo1"}, {"size": [1080, 1920], "counts": "PPYo1"}, {"size": [1080, 1920], "counts": "^Xjo06bQ12N001O0011N001O01O1O100O1O0010O01O010O00001O0O20O01O1O1O10O00000001O0001O00001O00001O01O01O001O001O001O00001O00010O0000001O010O000000010O0000001O001O001O00001O00001O001O1O001NibV80V]iG3M201N1O2N101O0O100000O010O1O1N3KZU3OjjL20Oan`c0"}, {"size": [1080, 1920], "counts": "^Xjo06bQ12N001O0011N001O01O1O100O1O0010O01O010O00001O0O20O01O1O1O10O00000001O0001O00001O00001O01O01O001O001O001O00001O00010O0000001O010O000000010O0000001O001O001O00001O00001O001O1O001NibV80V]iG3M201N1O2N101O0O100000O010O1O1N3KZU3OjjL20Oan`c0"}, {"size": [1080, 1920], "counts": "^Xjo06bQ12N001O0011N001O01O1O100O1O0010O01O010O00001O0O20O01O1O1O10O00000001O0001O00001O00001O01O01O001O001O001O00001O00010O0000001O010O000000010O0000001O001O001O00001O00001O001O1O001NibV80V]iG3M201N1O2N101O0O100000O010O1O1N3KZU3OjjL20Oan`c0"}, {"size": [1080, 1920], "counts": "^Xjo06bQ12N001O0011N001O01O1O100O1O0010O01O010O00001O0O20O01O1O1O10O00000001O0001O00001O00001O01O01O001O001O001O00001O00010O0000001O010O000000010O0000001O001O001O00001O00001O001O1O001NibV80V]iG3M201N1O2N101O0O100000O010O1O1N3KZU3OjjL20Oan`c0"}, {"size": [1080, 1920], "counts": "^Xjo06bQ12N001O0011N001O01O1O100O1O0010O01O010O00001O0O20O01O1O1O10O00000001O0001O00001O00001O01O01O001O001O001O00001O00010O0000001O010O000000010O0000001O001O001O00001O00001O001O1O001NibV80V]iG3M201N1O2N101O0O100000O010O1O1N3KZU3OjjL20Oan`c0"}, {"size": [1080, 1920], "counts": "PPYo1"}, {"size": [1080, 1920], "counts": "emVP11gQ11O2N2N001O1O001O10O0001O0001O0001O00000000000010O00001O00001O000010O01O001O00010O00001O00001O01O01O0000010O0001O0001O010O001N101OS^80maG00001O00001O00001O001O0001O00002N1Ohif40XVYK1O000O10000O10001O0O10000001O1N10O2N101O0O2O00001O00000O1000000000001O0000000000000000000O100000O100001O000O100O10000O10001N1000000000000O1O1O1O010O1O10O10O001N20OO2O0010O001O001O001O0010000O001N2O0001000O10O01N2N2N10100O001O00100O00100O100O1N101O1O0010O01N2O]S20dlM1O000O10000000O1000O0O20N1100000O10O0O20MagUb0"}, {"size": [1080, 1920], "counts": "PPYo1"}, {"size": [1080, 1920],