{"labels": [12, 7, 10, 2, 3, 4, 6, 7, 8, 10, 11, 1, 6, 2, 10, 12, 2, 1, 6, 7, 2, 7, 12, 2, 3, 4, 7, 8, 7, 12, 0, 10, 2, 3, 4, 7, 10, 12, 19, 10, 2, 3, 6, 7, 10, 12, 1, 2, 7, 10, 19, 10, 2, 3, 4, 7, 10, 12, 0, 1, 2, 3, 4, 7, 8, 10, 11, 12, 14, 19, 20, 21, 22, 2, 12, 0, 1, 2, 3, 4, 6, 7, 8, 10, 12, 19, 2, 12, 2, 2, 4, 6, 7, 8, 10, 12, 19, 1, 8, 12], "scores": [0.0, 0.00016643542039673775, 0.001038636895827949, 0.0, 0.0, 0.0, 0.0, 0.0, 0.0, 0.0, 0.0, 0.0002495856024324894, 0.001083408365957439, 0.0, 0.0, 0.0, 0.0, 0.0006253907922655344, 0.00039484264561906457, 0.0003833140362985432, 0.0, 0.0, 0.0, 0.00013714289525523782, 0.6561496257781982, 0.0011249921517446637, 0.00034435465931892395, 0.0007129550212994218, 0.00014936033403500915, 0.0, 0.00024674725136719644, 0.0, 0.0, 0.0, 0.0, 0.0, 0.0, 0.0, 0.0, 0.0, 0.0, 0.0, 0.0, 0.0, 0.0, 0.0, 0.0005841853562742472, 0.0, 0.0, 0.0, 0.9870591759681702, 0.00025737594114616513, 0.0, 0.0, 0.0, 0.0, 0.0, 0.0, 0.00036379118682816625, 0.0058808536268770695, 0.0002730749547481537, 0.0008252015104517341, 0.0005952764768153429, 0.001035694614984095, 0.14408564567565918, 0.018599733710289, 0.0007447714451700449, 0.003794819349423051, 0.00018139038002118468, 0.0015476312255486846, 0.00027928774943575263, 0.0002988591731991619, 0.00033114090911112726, 0.0, 0.0, 0.0, 0.0, 0.0, 0.0, 0.0, 0.0, 0.0, 0.0, 0.0, 0.0, 0.0, 0.0, 0.0, 0.0, 0.0, 0.0, 0.0, 0.0, 0.0, 0.0, 0.0, 0.0, 0.0002058952086372301, 0.00020252067770343274, 0.0], "bboxes": [[0.0, 0.0, 0.0, 0.0], [468.0, 538.0, 546.0, 557.0], [468.0, 538.0, 546.0, 557.0], [0.0, 0.0, 0.0, 0.0], [0.0, 0.0, 0.0, 0.0], [0.0, 0.0, 0.0, 0.0], [0.0, 0.0, 0.0, 0.0], [0.0, 0.0, 0.0, 0.0], [0.0, 0.0, 0.0, 0.0], [0.0, 0.0, 0.0, 0.0], [0.0, 0.0, 0.0, 0.0], [866.0, 466.0, 1311.0, 530.0], [866.0, 466.0, 1311.0, 530.0], [0.0, 0.0, 0.0, 0.0], [0.0, 0.0, 0.0, 0.0], [0.0, 0.0, 0.0, 0.0], [0.0, 0.0, 0.0, 0.0], [871.0, 466.0, 1307.0, 529.0], [871.0, 466.0, 1307.0, 529.0], [871.0, 466.0, 1307.0, 529.0], [0.0, 0.0, 0.0, 0.0], [0.0, 0.0, 0.0, 0.0], [0.0, 0.0, 0.0, 0.0], [978.0, 507.0, 1046.0, 531.0], [978.0, 507.0, 1046.0, 531.0], [978.0, 507.0, 1046.0, 531.0], [978.0, 507.0, 1046.0, 531.0], [978.0, 507.0, 1046.0, 531.0], [997.0, 465.0, 1374.0, 531.0], [0.0, 0.0, 0.0, 0.0], [994.0, 488.0, 1321.0, 534.0], [0.0, 0.0, 0.0, 0.0], [0.0, 0.0, 0.0, 0.0], [0.0, 0.0, 0.0, 0.0], [0.0, 0.0, 0.0, 0.0], [0.0, 0.0, 0.0, 0.0], [0.0, 0.0, 0.0, 0.0], [0.0, 0.0, 0.0, 0.0], [0.0, 0.0, 0.0, 0.0], [0.0, 0.0, 0.0, 0.0], [0.0, 0.0, 0.0, 0.0], [0.0, 0.0, 0.0, 0.0], [0.0, 0.0, 0.0, 0.0], [0.0, 0.0, 0.0, 0.0], [0.0, 0.0, 0.0, 0.0], [0.0, 0.0, 0.0, 0.0], [876.0, 471.0, 1318.0, 517.0], [0.0, 0.0, 0.0, 0.0], [0.0, 0.0, 0.0, 0.0], [0.0, 0.0, 0.0, 0.0], [400.0, 403.0, 1609.0, 1080.0], [492.0, 545.0, 515.0, 555.0], [0.0, 0.0, 0.0, 0.0], [0.0, 0.0, 0.0, 0.0], [0.0, 0.0, 0.0, 0.0], [0.0, 0.0, 0.0, 0.0], [0.0, 0.0, 0.0, 0.0], [0.0, 0.0, 0.0, 0.0], [407.0, 516.0, 527.0, 557.0], [407.0, 516.0, 527.0, 557.0], [407.0, 516.0, 527.0, 557.0], [407.0, 516.0, 527.0, 557.0], [407.0, 516.0, 527.0, 557.0], [407.0, 516.0, 527.0, 557.0], [407.0, 516.0, 527.0, 557.0], [407.0, 516.0, 527.0, 557.0], [407.0, 516.0, 527.0, 557.0], [407.0, 516.0, 527.0, 557.0], [407.0, 516.0, 527.0, 557.0], [407.0, 516.0, 527.0, 557.0], [407.0, 516.0, 527.0, 557.0], [407.0, 516.0, 527.0, 557.0], [407.0, 516.0, 527.0, 557.0], [0.0, 0.0, 0.0, 0.0], [0.0, 0.0, 0.0, 0.0], [0.0, 0.0, 0.0, 0.0], [0.0, 0.0, 0.0, 0.0], [0.0, 0.0, 0.0, 0.0], [0.0, 0.0, 0.0, 0.0], [0.0, 0.0, 0.0, 0.0], [0.0, 0.0, 0.0, 0.0], [0.0, 0.0, 0.0, 0.0], [0.0, 0.0, 0.0, 0.0], [0.0, 0.0, 0.0, 0.0], [0.0, 0.0, 0.0, 0.0], [0.0, 0.0, 0.0, 0.0], [0.0, 0.0, 0.0, 0.0], [0.0, 0.0, 0.0, 0.0], [0.0, 0.0, 0.0, 0.0], [0.0, 0.0, 0.0, 0.0], [0.0, 0.0, 0.0, 0.0], [0.0, 0.0, 0.0, 0.0], [0.0, 0.0, 0.0, 0.0], [0.0, 0.0, 0.0, 0.0], [0.0, 0.0, 0.0, 0.0], [0.0, 0.0, 0.0, 0.0], [0.0, 0.0, 0.0, 0.0], [882.0, 468.0, 1050.0, 529.0], [882.0, 468.0, 1050.0, 529.0], [0.0, 0.0, 0.0, 0.0]], "masks": [{"size": [1080, 1920], "counts": "PPYo1"}, {"size": [1080, 1920], "counts": "mS^?2eQ12N20N101N11O1N2O2N2N00001O00000O101O00001O1O00001O00001N100001O00000000001O01O01O00001N10000O100O100O1O1O101N10001N1Ocma0MWff\\1"}, {"size": [1080, 1920], "counts": "mS^?2eQ12N20N101N11O1N2O2N2N00001O00000O101O00001O1O00001O00001N100001O00000000001O01O01O00001N10000O100O100O1O1O101N10001N1Ocma0MWff\\1"}, {"size": [1080, 1920], "counts": "PPYo1"}, {"size": [1080, 1920], "counts": "PPYo1"}, {"size": [1080, 1920], "counts": "PPYo1"}, {"size": [1080, 1920], "counts": "PPYo1"}, {"size": [1080, 1920], "counts": "PPYo1"}, {"size": [1080, 1920], "counts": "PPYo1"}, {"size": [1080, 1920], "counts": "PPYo1"}, {"size": [1080, 1920], "counts": "PPYo1"}, {"size": [1080, 1920], "counts": "Vjal01fQ12O1O1O1O000O2O001O001O00001O0000001O0O10001O000O101O000001O0001O000O1010O000010O001O00010O01O01O0O2O001O0000010O0010O0001O1O010O01O0010O001O0010O00100O010O00010O010O010O10O0100O100O1000O010O01O2O1N101N2N10O01O1O1000O01O010O1O010O01O10O010O10O010O000001O01O001O1O000000000001O0001O000010O010O001O01O00000010O001O01O01O00001O000000001O001O1O0O2O001O01bXP8N_goG1O00001N0100O10O1O1O10000000O100O1O010O100OfQ10[nN0WjQd0"}, {"size": [1080, 1920], "counts": "Vjal01fQ12O1O1O1O000O2O001O001O00001O0000001O0O10001O000O101O000001O0001O000O1010O000010O001O00010O01O01O0O2O001O0000010O0010O0001O1O010O01O0010O001O0010O00100O010O00010O010O010O10O0100O100O1000O010O01O2O1N101N2N10O01O1O1000O01O010O1O010O01O10O010O10O010O000001O01O001O1O000000000001O0001O000010O010O001O01O00000010O001O01O01O00001O000000001O001O1O0O2O001O01bXP8N_goG1O00001N0100O10O1O1O10000000O100O1O010O100OfQ10[nN0WjQd0"}, {"size": [1080, 1920], "counts": "PPYo1"}, {"size": [1080, 1920], "counts": "PPYo1"}, {"size": [1080, 1920], "counts": "PPYo1"}, {"size": [1080, 1920], "counts": "PPYo1"}, {"size": [1080, 1920], "counts": "nRgl04cQ12O000O2O001O001O00001O000O101O0000001N1000001O0001O00O101O0000010O00001O00010O01O10O0O2O0N2010O01O01O0010O00001O010O001O00010O01O01O01O01O0100O10O010O0010O01000O10O0100O100O1000O0100O2O1N101N1O100O0010000O0010O01O010O10O10O01O10O0010O01O010O0000000100O00O100000000010O0000000010O10O0010O000000001O010O001O000010O00000001O00001N2O1N2OS\\R81lcmG1O0O100000000O010O100O1000O10000N2O1000000OTQVd0"}, {"size": [1080, 1920], "counts": "nRgl04cQ12O000O2O001O001O00001O000O101O0000001N1000001O0001O00O101O0000010O00001O00010O01O10O0O2O0N2010O01O01O0010O00001O010O001O00010O01O01O01O01O0100O10O010O0010O01000O10O0100O100O1000O0100O2O1N101N1O100O0010000O0010O01O010O10O10O01O10O0010O01O010O0000000100O00O100000000010O0000000010O10O0010O000000001O010O001O000010O00000001O00001N2O1N2OS\\R81lcmG1O0O100000000O010O100O1000O10000N2O1000000OTQVd0"}, {"size": [1080, 1920], "counts": "nRgl04cQ12O000O2O001O001O00001O000O101O0000001N1000001O0001O00O101O0000010O00001O00010O01O10O0O2O0N2010O01O01O0010O00001O010O001O00010O01O01O01O01O0100O10O010O0010O01000O10O0100O100O1000O0100O2O1N101N1O100O0010000O0010O01O010O10O10O01O10O0010O01O010O0000000100O00O100000000010O0000000010O10O0010O000000001O010O001O000010O00000001O00001N2O1N2OS\\R81lcmG1O0O100000000O010O100O1000O10000N2O1000000OTQVd0"}, {"size": [1080, 1920], "counts": "PPYo1"}, {"size": [1080, 1920], "counts": "PPYo1"}, {"size": [1080, 1920], "counts": "PPYo1"}, {"size": [1080, 1920], "counts": "]oWP15bQ12O0O2O101N010O10O1000O000000001O001O1O0O10O100010O001O00000001O00001O010O001O00001O000010O0001O00001O01O0001O0000001O0010O01O001O0O2NSYil0"}, {"size": [1080, 1920], "counts": "]oWP15bQ12O0O2O101N010O10O1000O000000001O001O1O0O10O100010O001O00000001O00001O010O001O00001O000010O0001O00001O01O0001O0000001O0010O01O001O0O2NSYil0"}, {"size": [1080, 1920], "counts": "]oWP15bQ12O0O2O101N010O10O1000O000000001O001O1O0O10O100010O001O00000001O00001O010O001O00001O000010O0001O00001O01O0001O0000001O0010O01O001O0O2NSYil0"}, {"size": [1080, 1920],