{"labels": [12, 12, 0, 2, 3, 4, 6, 7, 8, 10, 11, 12, 8, 12, 1, 6, 10, 10, 12, 2, 1, 6, 2, 10, 12, 2, 8, 2, 3, 4, 8, 12, 10, 12, 1, 2, 3, 4, 7, 8, 10, 14, 19, 10, 12, 2, 3, 6, 7, 10, 12, 2, 7, 10, 19, 2, 3, 7, 10, 12, 19, 0, 1, 2, 3, 7, 8, 10, 11, 12, 19, 20, 21, 22, 12, 2, 12, 1, 2, 3, 4, 6, 7, 8, 10, 14, 19, 21, 2, 2, 12, 19, 2, 6, 7, 8, 10, 12, 19, 8], "scores": [0.0, 0.00017893868789542466, 0.0, 0.0, 0.0, 0.0, 0.0, 0.0, 0.0, 0.0, 0.0, 0.0, 0.0003652790910564363, 0.0, 0.00023850664729252458, 0.0030027066823095083, 0.0, 0.0, 0.0, 0.0, 0.0003137360035907477, 0.00018785927386488765, 0.0, 0.0, 0.0, 0.0, 0.0007138040964491665, 0.00029395116143859923, 0.7051499485969543, 0.00023963089915923774, 0.0001819081517169252, 0.0, 0.0, 0.0, 0.00033702602377161384, 0.28973791003227234, 0.0005548055050894618, 0.008120727725327015, 0.0003110941033810377, 0.0010392317781224847, 0.00328789628110826, 0.00031884043710306287, 0.0006948872469365597, 0.0, 0.0, 0.0, 0.0, 0.0, 0.0, 0.0, 0.0, 0.0, 0.0, 0.0, 0.9855532050132751, 0.00016661312838550657, 0.00012654073361773044, 0.00018700597865972668, 0.0003389030753169209, 0.0009675452020019293, 0.00012745428830385208, 0.00023249314108397812, 0.0029087583534419537, 0.00028371153166517615, 0.0006421426660381258, 0.0008456711657345295, 0.051305100321769714, 0.008974401280283928, 0.0006109079113230109, 0.0084190359339118, 0.004040888510644436, 0.00017232335812877864, 0.00017448807193432003, 0.0005460505490191281, 0.0, 0.0, 0.0, 0.00034002953907474875, 0.02897891402244568, 0.0008598904241807759, 0.5723458528518677, 0.0001640416739974171, 0.0005782472435384989, 0.00077812559902668, 0.006832594517618418, 0.0003867652849294245, 0.0004729965585283935, 0.00028043691418133676, 0.0, 0.0, 0.0, 0.0, 0.0, 0.0, 0.0, 0.0, 0.0, 0.0, 0.0, 0.00017939753888640553], "bboxes": [[0.0, 0.0, 0.0, 0.0], [984.0, 512.0, 1011.0, 524.0], [0.0, 0.0, 0.0, 0.0], [0.0, 0.0, 0.0, 0.0], [0.0, 0.0, 0.0, 0.0], [0.0, 0.0, 0.0, 0.0], [0.0, 0.0, 0.0, 0.0], [0.0, 0.0, 0.0, 0.0], [0.0, 0.0, 0.0, 0.0], [0.0, 0.0, 0.0, 0.0], [0.0, 0.0, 0.0, 0.0], [0.0, 0.0, 0.0, 0.0], [983.0, 512.0, 1005.0, 522.0], [0.0, 0.0, 0.0, 0.0], [863.0, 466.0, 1308.0, 534.0], [863.0, 466.0, 1308.0, 534.0], [0.0, 0.0, 0.0, 0.0], [0.0, 0.0, 0.0, 0.0], [0.0, 0.0, 0.0, 0.0], [0.0, 0.0, 0.0, 0.0], [864.0, 467.0, 1305.0, 529.0], [864.0, 467.0, 1305.0, 529.0], [0.0, 0.0, 0.0, 0.0], [0.0, 0.0, 0.0, 0.0], [0.0, 0.0, 0.0, 0.0], [0.0, 0.0, 0.0, 0.0], [994.0, 518.0, 995.0, 519.0], [991.0, 514.0, 1042.0, 533.0], [991.0, 514.0, 1042.0, 533.0], [991.0, 514.0, 1042.0, 533.0], [991.0, 514.0, 1042.0, 533.0], [0.0, 0.0, 0.0, 0.0], [0.0, 0.0, 0.0, 0.0], [0.0, 0.0, 0.0, 0.0], [679.0, 479.0, 694.0, 490.0], [679.0, 479.0, 694.0, 490.0], [679.0, 479.0, 694.0, 490.0], [679.0, 479.0, 694.0, 490.0], [679.0, 479.0, 694.0, 490.0], [679.0, 479.0, 694.0, 490.0], [679.0, 479.0, 694.0, 490.0], [679.0, 479.0, 694.0, 490.0], [679.0, 479.0, 694.0, 490.0], [0.0, 0.0, 0.0, 0.0], [0.0, 0.0, 0.0, 0.0], [0.0, 0.0, 0.0, 0.0], [0.0, 0.0, 0.0, 0.0], [0.0, 0.0, 0.0, 0.0], [0.0, 0.0, 0.0, 0.0], [0.0, 0.0, 0.0, 0.0], [0.0, 0.0, 0.0, 0.0], [0.0, 0.0, 0.0, 0.0], [0.0, 0.0, 0.0, 0.0], [0.0, 0.0, 0.0, 0.0], [399.0, 400.0, 1609.0, 1080.0], [549.0, 537.0, 555.0, 540.0], [549.0, 537.0, 555.0, 540.0], [549.0, 537.0, 555.0, 540.0], [549.0, 537.0, 555.0, 540.0], [549.0, 537.0, 555.0, 540.0], [549.0, 537.0, 555.0, 540.0], [402.0, 510.0, 517.0, 557.0], [402.0, 510.0, 517.0, 557.0], [402.0, 510.0, 517.0, 557.0], [402.0, 510.0, 517.0, 557.0], [402.0, 510.0, 517.0, 557.0], [402.0, 510.0, 517.0, 557.0], [402.0, 510.0, 517.0, 557.0], [402.0, 510.0, 517.0, 557.0], [402.0, 510.0, 517.0, 557.0], [402.0, 510.0, 517.0, 557.0], [402.0, 510.0, 517.0, 557.0], [402.0, 510.0, 517.0, 557.0], [402.0, 510.0, 517.0, 557.0], [0.0, 0.0, 0.0, 0.0], [0.0, 0.0, 0.0, 0.0], [0.0, 0.0, 0.0, 0.0], [672.0, 477.0, 698.0, 495.0], [672.0, 477.0, 698.0, 495.0], [672.0, 477.0, 698.0, 495.0], [672.0, 477.0, 698.0, 495.0], [672.0, 477.0, 698.0, 495.0], [672.0, 477.0, 698.0, 495.0], [672.0, 477.0, 698.0, 495.0], [672.0, 477.0, 698.0, 495.0], [672.0, 477.0, 698.0, 495.0], [672.0, 477.0, 698.0, 495.0], [672.0, 477.0, 698.0, 495.0], [0.0, 0.0, 0.0, 0.0], [0.0, 0.0, 0.0, 0.0], [0.0, 0.0, 0.0, 0.0], [0.0, 0.0, 0.0, 0.0], [0.0, 0.0, 0.0, 0.0], [0.0, 0.0, 0.0, 0.0], [0.0, 0.0, 0.0, 0.0], [0.0, 0.0, 0.0, 0.0], [0.0, 0.0, 0.0, 0.0], [0.0, 0.0, 0.0, 0.0], [0.0, 0.0, 0.0, 0.0], [863.0, 466.0, 1308.0, 534.0]], "masks": [{"size": [1080, 1920], "counts": "PPYo1"}, {"size": [1080, 1920], "counts": "RZ^P11fQ13M2O1O0010O010O10O00000O20O00001O000010O01O1N2O1O00_Vnm0"}, {"size": [1080, 1920], "counts": "PPYo1"}, {"size": [1080, 1920], "counts": "PPYo1"}, {"size": [1080, 1920], "counts": "PPYo1"}, {"size": [1080, 1920], "counts": "PPYo1"}, {"size": [1080, 1920], "counts": "PPYo1"}, {"size": [1080, 1920], "counts": "PPYo1"}, {"size": [1080, 1920], "counts": "PPYo1"}, {"size": [1080, 1920], "counts": "PPYo1"}, {"size": [1080, 1920], "counts": "PPYo1"}, {"size": [1080, 1920], "counts": "PPYo1"}, {"size": [1080, 1920], "counts": "YX]P12fQ12M2O10O01O0010O10O00000001O0000000O2O001NSaTn0"}, {"size": [1080, 1920], "counts": "PPYo1"}, {"size": [1080, 1920], "counts": "nd^l04cQ12O0O2O01O0001O0O2O001O00000000001O001O0O101O00001O0O10001O0000001O0001O000001O0O101O00001O000010O01O00001O00010O0010O01O010O00001O0000100O001O010O001O000010O01O010O010O010O0100O01000O100O2O0O101N2O0O200OO010000O10O010O100O01O1O2N100O1O10O10O010O010O010O00010O00010O0001O0000O110O0000001O01O0001O00001O1O01O01O00001O001O010O001N101N101O001O1Nbm\\81]RcG2O1N100O1O10000OO2O1O011O0O1O1O2N[oTd0"}, {"size": [1080, 1920], "counts": "nd^l04cQ12O0O2O01O0001O0O2O001O00000000001O001O0O101O00001O0O10001O0000001O0001O000001O0O101O00001O000010O01O00001O00010O0010O01O010O00001O0000100O001O010O001O000010O01O010O010O010O0100O01000O100O2O0O101N2O0O200OO010000O10O010O100O01O1O2N100O1O10O10O010O010O010O00010O00010O0001O0000O110O0000001O01O0001O00001O1O01O01O00001O001O010O001N101N101O001O1Nbm\\81]RcG2O1N100O1O10000OO2O1O011O0O1O1O2N[oTd0"}, {"size": [1080, 1920], "counts": "PPYo1"}, {"size": [1080, 1920], "counts": "PPYo1"}, {"size": [1080, 1920], "counts": "PPYo1"}, {"size": [1080, 1920], "counts": "PPYo1"}, {"size": [1080, 1920], "counts": "gf_l03dQ12N11O01O00001O001O0O100000001O00001O000O101O00001O00001N100001O0001O000000001O001O000000001O000010O00010O01O001O001O01O01O000010O0001O001O010O001O001O0010O01O010O0010O0010O010000O10001N101N100O2O1N2O00O10O100O100O010O100O2O0O2OO01O10O100O0010O0001O01O010O01O01O01O0000000001O0001O01O001O1O00001O0000001O00001N2O001O0000001OTXc80kg\\G3M101O0O100O10000O10N2O00101N1NeTXd0"}, {"size": [1080, 1920], "counts": "gf_l03dQ12N11O01O00001O001O0O100000001O00001O000O101O00001O00001N100001O0001O000000001O001O000000001O000010O00010O01O001O001O01O01O000010O0001O001O010O001O001O0010O01O010O0010O0010O010000O10001N101N100O2O1N2O00O10O100O100O010O100O2O0O2OO01O10O100O0010O0001O01O010O01O01O01O0000000001O0001O01O001O1O00001O0000001O00001N2O001O0000001OTXc80kg\\G3M101O0O100O10000O10N2O00101N1NeTXd0"}, {"size": [1080, 1920], "counts": "PPYo1"}, {"size": [1080, 1920], "counts": "PPYo1"}, {"size": [1080, 1920], "counts": "PPYo1"}, {"size": [1080, 1920], "counts": "PPYo1"}, {"size": [1080, 1920], "counts": "fkhP11YT`n0"}, {"size": [1080, 1920], "counts": "_feP14bQ1201N2O1O0O2O00001N10010O001O00010O0001O0000001O0001O01O0000001O00001O00001O00100O001O001O1O1O001O0OP`ml0"}, {"size": [1080, 1920], "counts": "_feP14bQ1201N2O1O0O2O00001N10010O001O00010O0001O0000001O0001O01O0000001O00001O00001O00100O001O001O1O1O001O0OP`ml0"}, {"size": [1080, 1920], "counts": "_feP14bQ1201N2O1O0O2O00001N10010O001O00010O0001O0000001O0001O01O0000001O00001O00001O00100O001O001O1O1O001O0OP`ml0"}, {"size": [1080, 1920], "counts": "_feP14bQ1201N2O1O0O2O00001N10010O001O00010O0001O0000001O0001O01O0000001O00001O00001O00100O001O001O1O1O001O0OP`ml0"}, {"size": [1080, 1920], "counts": "PPYo1"}, {"size": [1080, 1920], "counts": "PPYo1"}, {"size": [1080, 1920],