{"labels": [12, 2, 3, 4, 6, 7, 8, 10, 11, 12, 12, 12, 1, 6, 10, 2, 10, 12, 10, 1, 6, 10, 12, 7, 12, 7, 10, 2, 8, 12, 3, 4, 12, 0, 2, 3, 4, 6, 7, 10, 12, 19, 2, 3, 7, 10, 12, 1, 2, 7, 8, 10, 19, 12, 2, 3, 4, 6, 7, 8, 10, 12, 19, 1, 3, 4, 6, 7, 8, 10, 11, 12, 19, 10, 12, 2, 10, 12, 2, 3, 4, 7, 8, 10, 19, 10, 2, 2, 12, 19, 2, 3, 4, 6, 7, 8, 10, 12, 19, 8], "scores": [0.0004970590234734118, 0.0, 0.0, 0.0, 0.0, 0.0, 0.0, 0.0, 0.0, 0.0, 0.0, 0.0, 0.0006227334379218519, 0.006002440582960844, 0.0, 0.0, 0.0, 0.0, 0.0, 0.0005464531714096665, 0.0004904228844679892, 0.0, 0.0, 0.0, 0.0, 0.0, 0.0, 0.0, 0.0, 0.0, 0.642231822013855, 0.0002590059593785554, 0.0, 0.0008814253378659487, 0.0, 0.0, 0.0, 0.0, 0.0, 0.0, 0.0, 0.0, 0.0, 0.0, 0.0, 0.0, 0.0, 0.0031237357761710882, 0.0, 0.0, 0.0, 0.0, 0.9820082783699036, 0.0, 0.0, 0.0, 0.0, 0.0, 0.0, 0.0, 0.0, 0.0, 0.0, 0.0, 0.0, 0.0, 0.0, 0.0, 0.0, 0.0, 0.0, 0.0, 0.0, 0.0, 0.0, 0.0, 0.0, 0.0, 0.0, 0.0, 0.0, 0.0, 0.0, 0.0, 0.0, 0.0, 0.0, 0.0, 0.0, 0.0, 0.0, 0.0, 0.0, 0.0, 0.0, 0.0, 0.0, 0.0, 0.0, 0.0], "bboxes": [[446.0, 388.0, 1591.0, 771.0], [0.0, 0.0, 0.0, 0.0], [0.0, 0.0, 0.0, 0.0], [0.0, 0.0, 0.0, 0.0], [0.0, 0.0, 0.0, 0.0], [0.0, 0.0, 0.0, 0.0], [0.0, 0.0, 0.0, 0.0], [0.0, 0.0, 0.0, 0.0], [0.0, 0.0, 0.0, 0.0], [0.0, 0.0, 0.0, 0.0], [0.0, 0.0, 0.0, 0.0], [0.0, 0.0, 0.0, 0.0], [854.0, 467.0, 1339.0, 530.0], [854.0, 467.0, 1339.0, 530.0], [0.0, 0.0, 0.0, 0.0], [0.0, 0.0, 0.0, 0.0], [0.0, 0.0, 0.0, 0.0], [0.0, 0.0, 0.0, 0.0], [0.0, 0.0, 0.0, 0.0], [854.0, 468.0, 1319.0, 527.0], [854.0, 468.0, 1319.0, 527.0], [0.0, 0.0, 0.0, 0.0], [0.0, 0.0, 0.0, 0.0], [0.0, 0.0, 0.0, 0.0], [0.0, 0.0, 0.0, 0.0], [0.0, 0.0, 0.0, 0.0], [0.0, 0.0, 0.0, 0.0], [0.0, 0.0, 0.0, 0.0], [0.0, 0.0, 0.0, 0.0], [0.0, 0.0, 0.0, 0.0], [961.0, 490.0, 1333.0, 530.0], [961.0, 490.0, 1333.0, 530.0], [0.0, 0.0, 0.0, 0.0], [1210.0, 477.0, 1360.0, 535.0], [0.0, 0.0, 0.0, 0.0], [0.0, 0.0, 0.0, 0.0], [0.0, 0.0, 0.0, 0.0], [0.0, 0.0, 0.0, 0.0], [0.0, 0.0, 0.0, 0.0], [0.0, 0.0, 0.0, 0.0], [0.0, 0.0, 0.0, 0.0], [0.0, 0.0, 0.0, 0.0], [0.0, 0.0, 0.0, 0.0], [0.0, 0.0, 0.0, 0.0], [0.0, 0.0, 0.0, 0.0], [0.0, 0.0, 0.0, 0.0], [0.0, 0.0, 0.0, 0.0], [856.0, 470.0, 1340.0, 531.0], [0.0, 0.0, 0.0, 0.0], [0.0, 0.0, 0.0, 0.0], [0.0, 0.0, 0.0, 0.0], [0.0, 0.0, 0.0, 0.0], [398.0, 404.0, 1608.0, 1080.0], [0.0, 0.0, 0.0, 0.0], [0.0, 0.0, 0.0, 0.0], [0.0, 0.0, 0.0, 0.0], [0.0, 0.0, 0.0, 0.0], [0.0, 0.0, 0.0, 0.0], [0.0, 0.0, 0.0, 0.0], [0.0, 0.0, 0.0, 0.0], [0.0, 0.0, 0.0, 0.0], [0.0, 0.0, 0.0, 0.0], [0.0, 0.0, 0.0, 0.0], [0.0, 0.0, 0.0, 0.0], [0.0, 0.0, 0.0, 0.0], [0.0, 0.0, 0.0, 0.0], [0.0, 0.0, 0.0, 0.0], [0.0, 0.0, 0.0, 0.0], [0.0, 0.0, 0.0, 0.0], [0.0, 0.0, 0.0, 0.0], [0.0, 0.0, 0.0, 0.0], [0.0, 0.0, 0.0, 0.0], [0.0, 0.0, 0.0, 0.0], [0.0, 0.0, 0.0, 0.0], [0.0, 0.0, 0.0, 0.0], [0.0, 0.0, 0.0, 0.0], [0.0, 0.0, 0.0, 0.0], [0.0, 0.0, 0.0, 0.0], [0.0, 0.0, 0.0, 0.0], [0.0, 0.0, 0.0, 0.0], [0.0, 0.0, 0.0, 0.0], [0.0, 0.0, 0.0, 0.0], [0.0, 0.0, 0.0, 0.0], [0.0, 0.0, 0.0, 0.0], [0.0, 0.0, 0.0, 0.0], [0.0, 0.0, 0.0, 0.0], [0.0, 0.0, 0.0, 0.0], [0.0, 0.0, 0.0, 0.0], [0.0, 0.0, 0.0, 0.0], [0.0, 0.0, 0.0, 0.0], [0.0, 0.0, 0.0, 0.0], [0.0, 0.0, 0.0, 0.0], [0.0, 0.0, 0.0, 0.0], [0.0, 0.0, 0.0, 0.0], [0.0, 0.0, 0.0, 0.0], [0.0, 0.0, 0.0, 0.0], [0.0, 0.0, 0.0, 0.0], [0.0, 0.0, 0.0, 0.0], [0.0, 0.0, 0.0, 0.0], [0.0, 0.0, 0.0, 0.0]], "masks": [{"size": [1080, 1920], "counts": "aTg>2[[_k00ZfaTO2O5J100O1O1O100O1O100O010O010O100O10O1O100M20000001O10O100O0O1001O010O0100O1O100O1O1O01O0001O2N2MlPf6OVoYI2N3N2M2N2O0000000O1O1O001O100O1O010O10N1100O100O1O1O1O1O101O000O11N1O1N20O100O100000000O110O0000000000O2O2N2N3M4D_cj:"}, {"size": [1080, 1920], "counts": "PPYo1"}, {"size": [1080, 1920], "counts": "PPYo1"}, {"size": [1080, 1920], "counts": "PPYo1"}, {"size": [1080, 1920], "counts": "PPYo1"}, {"size": [1080, 1920], "counts": "PPYo1"}, {"size": [1080, 1920], "counts": "PPYo1"}, {"size": [1080, 1920], "counts": "PPYo1"}, {"size": [1080, 1920], "counts": "PPYo1"}, {"size": [1080, 1920], "counts": "PPYo1"}, {"size": [1080, 1920], "counts": "PPYo1"}, {"size": [1080, 1920], "counts": "PPYo1"}, {"size": [1080, 1920], "counts": "XUUl02dQ13O1N1001O01O00002N1N101O1O0O101O000000001O000000001O00001O00001O000000000001O00O10001N1001O000001O00001O00000000001O000000001O0010O010O01O10O10O0100O010O10O01O010O0001O10O01O10O0010O1O01O010O010O010O01000O011O00000O2O0O2O000O01000O1O1O100O1O0010O01O0010O01O01O00010O01O00010O00001O001O001O000000000000010O000001O0001O00001O0010O00000001O001O001O001O0O2O0O10001Nif^60XYaI1O0000000O2O2N1O001O000O11O01O001O000O10001O000000000O2N10000000000O100O1O100000O10O1O100O100O010O010O2O0O10001N100O10000O1000O0100O010O010O010O01O100O100O000000001O10O01O1N101O1O1N2N2O001O100O100O1O001N3N1O1O2N_YTc0"}, {"size": [1080, 1920], "counts": "XUUl02dQ13O1N1001O01O00002N1N101O1O0O101O000000001O000000001O00001O00001O000000000001O00O10001N1001O000001O00001O00000000001O000000001O0010O010O01O10O10O0100O010O10O01O010O0001O10O01O10O0010O1O01O010O010O010O01000O011O00000O2O0O2O000O01000O1O1O100O1O0010O01O0010O01O01O00010O01O00010O00001O001O001O000000000000010O000001O0001O00001O0010O00000001O001O001O001O0O2O0O10001Nif^60XYaI1O0000000O2O2N1O001O000O11O01O001O000O10001O000000000O2N10000000000O100O1O100000O10O1O100O100O010O010O2O0O10001N100O10000O1000O0100O010O010O010O01O100O100O000000001O10O01O1N101O1O1N2N2O001O100O100O1O001N3N1O1O2N_YTc0"}, {"size": [1080, 1920], "counts": "PPYo1"}, {"size": [1080, 1920], "counts": "PPYo1"}, {"size": [1080, 1920], "counts": "PPYo1"}, {"size": [1080, 1920], "counts": "PPYo1"}, {"size": [1080, 1920], "counts": "PPYo1"}, {"size": [1080, 1920], "counts": "YUUl02eQ11O2O001O0000001O2N1N2O001N1000001O0O1001O01O00001O0000001O00000000001O00000000000000000001O01O00001O0O1000001O0000000000001O000010O0100O010O1000O010O1O010O10O010O001O010O010O0010O010O0010O010O010O010O01000O11O0O10001N100O1000O0100O1O1O100O1O00010O001O1O01O0010O000010O01O0000001O001O1O000000001O000000000010O0001O00001O001O000000001O002N1OQ`T81m_kG2O0O01O0100O2M2N200O2O000O1O1O010O10O10O100O101N1000O01000O100O1N2N2O2N3N000O10000OcQ1KbnN2OOX\\ic0"}, {"size": [1080, 1920], "counts": "YUUl02eQ11O2O001O0000001O2N1N2O001N1000001O0O1001O01O00001O0000001O00000000001O00000000000000000001O01O00001O0O1000001O0000000000001O000010O0100O010O1000O010O1O010O10O010O001O010O010O0010O010O0010O010O010O010O01000O11O0O10001N100O1000O0100O1O1O100O1O00010O001O1O01O0010O000010O01O0000001O001O1O000000001O000000000010O0001O00001O001O000000001O002N1OQ`T81m_kG2O0O01O0100O2M2N200O2O000O1O1O010O10O10O100O101N1000O01000O100O1N2N2O2N3N000O10000OcQ1KbnN2OOX\\ic0"}, {"size": [1080, 1920], "counts": "PPYo1"}, {"size": [1080, 1920], "counts": "PPYo1"}, {"size": [1080, 1920], "counts": "PPYo1"}, {"size": [1080, 1920], "counts": "PPYo1"}, {"size": [1080, 1920], "counts": "PPYo1"}, {"size": [1080, 1920], "counts": "PPYo1"}, {"size": [1080, 1920], "counts": "PPYo1"}, {"size": [1080, 1920], "counts": "PPYo1"}, {"size": [1080, 1920], "counts": "PPYo1"}, {"size": [1080, 1920], "counts": "^Qfo0143[Q1501O010O01000001N10O1O1O001O0O2O010O010O1O001O00001O01O001O0000001O000000001O0000000000001O01O01O00000010O0001O00001O01O01O001O01O0001O0000001O001O001N2NjST92TlkF2N2OO010O10O2O001N10O100O101N3KncZc0"}, {"size": [1080, 1920], "counts": "^Qfo0143[Q1501O010O01000001N10O1O1O001O0O2O010O010O1O001O00001O01O001O0000001O000000001O0000000000001O01O01O00000010O0001O00001O01O01O001O01O0001O0000001O001O001N2NjST92TlkF2N2OO010O10O2O001N10O100O101N3KncZc0"}, {"size": [1080, 1920], "counts": "PPYo1"}, {"size": [1080, 1920], "counts": "ielW12eQ13M1O100O10000O10001N1000000O101O000O2O00001N100000000O2O001O0O101O000000001O0000001O00000O2O00000O100O1000O01000000O1000O10O10O01O1O1000000O1000O10O1000O010O10O100000O10O10000O10O10O1O01O0010000O10O01O00001O001O1O1O1N101O1N101N101O1O1O001O100O001O1O1O1O01000O0O2O1O1O10O10O0O110O100O100N20O010000OTU^b0"}, {"size": [1080, 1920], "counts": "PPYo1"}, {"size": [1080, 1920], "counts": "PPYo1"}, {"size": [1080, 1920], "counts": "PPYo1"}, {"size": [1080, 1920],