{"labels": [12, 2, 3, 4, 6, 7, 8, 10, 11, 12, 20, 12, 12, 1, 6, 2, 10, 2, 10, 12, 12, 2, 1, 7, 2, 2, 2, 12, 7, 12, 8, 3, 4, 7, 12, 10, 12, 0, 10, 12, 2, 3, 4, 7, 10, 12, 19, 10, 2, 3, 7, 10, 12, 1, 2, 7, 8, 10, 19, 12, 2, 3, 7, 10, 12, 19, 1, 4, 6, 7, 8, 10, 12, 2, 12, 0, 2, 3, 4, 6, 7, 8, 10, 12, 14, 15, 16, 19, 20, 2, 12, 2, 12, 2, 7, 8, 10, 12, 19, 20], "scores": [0.0, 0.0, 0.0, 0.0, 0.0, 0.0, 0.0, 0.0, 0.0, 0.0, 0.0, 0.0, 0.0, 0.00014028667646925896, 0.0016297433758154511, 0.0, 0.0, 0.0, 0.0, 0.0, 0.0, 0.0, 0.00019558830535970628, 0.00011980600538663566, 0.0, 0.0, 0.0, 0.0, 0.0, 0.0, 0.00013426653458736837, 0.7548937797546387, 0.00033868965692818165, 0.0010433344868943095, 0.0, 0.0, 0.0, 0.0, 0.0, 0.0, 0.0, 0.0, 0.0, 0.0, 0.0, 0.0, 0.0, 0.0, 0.0, 0.0, 0.0, 0.0, 0.0, 0.0002289627882419154, 0.0, 0.0, 0.0, 0.0, 0.9858114719390869, 0.0, 0.0, 0.0, 0.0, 0.0, 0.0, 0.0, 0.0008975423406809568, 0.00014483783161267638, 0.00044720235746353865, 0.0005867778672836721, 0.6533217430114746, 0.0009549919632263482, 0.0, 0.0, 0.0, 0.0, 0.0, 0.0, 0.0, 0.0, 0.0, 0.0, 0.0, 0.0, 0.0, 0.0, 0.0, 0.0, 0.0, 0.0, 0.0, 0.0, 0.0, 0.0, 0.0, 0.0, 0.0, 0.0, 0.0, 0.0], "bboxes": [[0.0, 0.0, 0.0, 0.0], [0.0, 0.0, 0.0, 0.0], [0.0, 0.0, 0.0, 0.0], [0.0, 0.0, 0.0, 0.0], [0.0, 0.0, 0.0, 0.0], [0.0, 0.0, 0.0, 0.0], [0.0, 0.0, 0.0, 0.0], [0.0, 0.0, 0.0, 0.0], [0.0, 0.0, 0.0, 0.0], [0.0, 0.0, 0.0, 0.0], [0.0, 0.0, 0.0, 0.0], [0.0, 0.0, 0.0, 0.0], [0.0, 0.0, 0.0, 0.0], [850.0, 461.0, 1319.0, 532.0], [850.0, 461.0, 1319.0, 532.0], [0.0, 0.0, 0.0, 0.0], [0.0, 0.0, 0.0, 0.0], [0.0, 0.0, 0.0, 0.0], [0.0, 0.0, 0.0, 0.0], [0.0, 0.0, 0.0, 0.0], [0.0, 0.0, 0.0, 0.0], [0.0, 0.0, 0.0, 0.0], [857.0, 465.0, 1299.0, 527.0], [857.0, 465.0, 1299.0, 527.0], [0.0, 0.0, 0.0, 0.0], [0.0, 0.0, 0.0, 0.0], [0.0, 0.0, 0.0, 0.0], [0.0, 0.0, 0.0, 0.0], [0.0, 0.0, 0.0, 0.0], [0.0, 0.0, 0.0, 0.0], [877.0, 457.0, 1321.0, 527.0], [986.0, 512.0, 1042.0, 533.0], [986.0, 512.0, 1042.0, 533.0], [988.0, 397.0, 1571.0, 518.0], [0.0, 0.0, 0.0, 0.0], [0.0, 0.0, 0.0, 0.0], [0.0, 0.0, 0.0, 0.0], [0.0, 0.0, 0.0, 0.0], [0.0, 0.0, 0.0, 0.0], [0.0, 0.0, 0.0, 0.0], [0.0, 0.0, 0.0, 0.0], [0.0, 0.0, 0.0, 0.0], [0.0, 0.0, 0.0, 0.0], [0.0, 0.0, 0.0, 0.0], [0.0, 0.0, 0.0, 0.0], [0.0, 0.0, 0.0, 0.0], [0.0, 0.0, 0.0, 0.0], [0.0, 0.0, 0.0, 0.0], [0.0, 0.0, 0.0, 0.0], [0.0, 0.0, 0.0, 0.0], [0.0, 0.0, 0.0, 0.0], [0.0, 0.0, 0.0, 0.0], [0.0, 0.0, 0.0, 0.0], [853.0, 460.0, 1330.0, 528.0], [0.0, 0.0, 0.0, 0.0], [0.0, 0.0, 0.0, 0.0], [0.0, 0.0, 0.0, 0.0], [0.0, 0.0, 0.0, 0.0], [400.0, 404.0, 1607.0, 1080.0], [0.0, 0.0, 0.0, 0.0], [0.0, 0.0, 0.0, 0.0], [0.0, 0.0, 0.0, 0.0], [0.0, 0.0, 0.0, 0.0], [0.0, 0.0, 0.0, 0.0], [0.0, 0.0, 0.0, 0.0], [0.0, 0.0, 0.0, 0.0], [845.0, 452.0, 982.0, 520.0], [845.0, 452.0, 982.0, 520.0], [845.0, 452.0, 982.0, 520.0], [845.0, 452.0, 982.0, 520.0], [845.0, 452.0, 982.0, 520.0], [845.0, 452.0, 982.0, 520.0], [0.0, 0.0, 0.0, 0.0], [0.0, 0.0, 0.0, 0.0], [0.0, 0.0, 0.0, 0.0], [0.0, 0.0, 0.0, 0.0], [0.0, 0.0, 0.0, 0.0], [0.0, 0.0, 0.0, 0.0], [0.0, 0.0, 0.0, 0.0], [0.0, 0.0, 0.0, 0.0], [0.0, 0.0, 0.0, 0.0], [0.0, 0.0, 0.0, 0.0], [0.0, 0.0, 0.0, 0.0], [0.0, 0.0, 0.0, 0.0], [0.0, 0.0, 0.0, 0.0], [0.0, 0.0, 0.0, 0.0], [0.0, 0.0, 0.0, 0.0], [0.0, 0.0, 0.0, 0.0], [0.0, 0.0, 0.0, 0.0], [0.0, 0.0, 0.0, 0.0], [0.0, 0.0, 0.0, 0.0], [0.0, 0.0, 0.0, 0.0], [0.0, 0.0, 0.0, 0.0], [0.0, 0.0, 0.0, 0.0], [0.0, 0.0, 0.0, 0.0], [0.0, 0.0, 0.0, 0.0], [0.0, 0.0, 0.0, 0.0], [0.0, 0.0, 0.0, 0.0], [0.0, 0.0, 0.0, 0.0], [0.0, 0.0, 0.0, 0.0]], "masks": [{"size": [1080, 1920], "counts": "PPYo1"}, {"size": [1080, 1920], "counts": "PPYo1"}, {"size": [1080, 1920], "counts": "PPYo1"}, {"size": [1080, 1920], "counts": "PPYo1"}, {"size": [1080, 1920], "counts": "PPYo1"}, {"size": [1080, 1920], "counts": "PPYo1"}, {"size": [1080, 1920], "counts": "PPYo1"}, {"size": [1080, 1920], "counts": "PPYo1"}, {"size": [1080, 1920], "counts": "PPYo1"}, {"size": [1080, 1920], "counts": "PPYo1"}, {"size": [1080, 1920], "counts": "PPYo1"}, {"size": [1080, 1920], "counts": "PPYo1"}, {"size": [1080, 1920], "counts": "PPYo1"}, {"size": [1080, 1920], "counts": "QnPl01fQ12O0O2O1O0O2O1O01O010O001O0010O001O00001O00000000001O01O0001O01O01O10O01O0001OHHPoN8PQ19O000O20O00011N2N10O001O00001O0O2O001O1O010O001O001O1O010O1O010O1O01000O0100O10O001O00100O100O0100O01000O010O100O10000O010O011N100O100O101N100O100O1O010O01O01O100O001O001O00001O01O001O1O001O01O0001O01O0001O00000010O0001O0001O00000000001O0000001O001O0010O0001O001O001O001O0O2O001O001O1O0O2O0O2M]PR90domF1fQ1OZnN11OZ\\ic0"}, {"size": [1080, 1920], "counts": "QnPl01fQ12O0O2O1O0O2O1O01O010O001O0010O001O00001O00000000001O01O0001O01O01O10O01O0001OHHPoN8PQ19O000O20O00011N2N10O001O00001O0O2O001O1O010O001O001O1O010O1O010O1O01000O0100O10O001O00100O100O0100O01000O010O100O10000O010O011N100O100O101N100O100O1O010O01O01O100O001O001O00001O01O001O1O001O01O0001O01O0001O00000010O0001O0001O00000000001O0000001O001O0010O0001O001O001O001O0O2O001O001O1O0O2O0O2M]PR90domF1fQ1OZnN11OZ\\ic0"}, {"size": [1080, 1920], "counts": "PPYo1"}, {"size": [1080, 1920], "counts": "PPYo1"}, {"size": [1080, 1920], "counts": "PPYo1"}, {"size": [1080, 1920], "counts": "PPYo1"}, {"size": [1080, 1920], "counts": "PPYo1"}, {"size": [1080, 1920], "counts": "PPYo1"}, {"size": [1080, 1920], "counts": "PPYo1"}, {"size": [1080, 1920], "counts": "YZXl01TZi03`gWO02N1O00Wl`01fS_O2O1O1O20O0001O1O001O001O001O1O1O10O0100N2O001O010O001O1O00001O0100O0100O10O2O00002M2O0O100O100O01000O10O010000O010O010O0100O0100O1O10O0000000001O00001O000001O0O101O001O0001O000000000000001O0000000O1010O00000001O0001O01O001O00010O001O010O1O001O01O01O00001O1O1O0000[o]80dPbG2N1000O1O1O1OS_^d0"}, {"size": [1080, 1920], "counts": "YZXl01TZi03`gWO02N1O00Wl`01fS_O2O1O1O20O0001O1O001O001O001O1O1O10O0100N2O001O010O001O1O00001O0100O0100O10O2O00002M2O0O100O100O01000O10O010000O010O010O0100O0100O1O10O0000000001O00001O000001O0O101O001O0001O000000000000001O0000000O1010O00000001O0001O01O001O00010O001O010O1O001O01O01O00001O1O1O0000[o]80dPbG2N1000O1O1O1OS_^d0"}, {"size": [1080, 1920], "counts": "PPYo1"}, {"size": [1080, 1920], "counts": "PPYo1"}, {"size": [1080, 1920], "counts": "PPYo1"}, {"size": [1080, 1920], "counts": "PPYo1"}, {"size": [1080, 1920], "counts": "PPYo1"}, {"size": [1080, 1920], "counts": "PPYo1"}, {"size": [1080, 1920], "counts": "]]ml01gQ11O001O2N0001O003M]Q11anN4L2O2M3M101N3N1O1O10O010001M1000000100O10O01O1000O0010O01O100O00100O010O1O010O0100O0100O010O0100000000O0100O010000O010O10O010O1O02O000O10001N2O0O100O10O10O0000010O1O1O001O001O001O001O0001O000000010O0001O0000001N10000000001N100000001O000001O01O000010O01O01O01O0010O01O1O1O0000010O011N1O0001OO]hY81aWfG3N2N100000O100O10O10O100O1000O001O0010000O100O00000010O1O1O1O1O2NmXgc0"}, {"size": [1080, 1920], "counts": "c]`P17`Q12N101O0O2O001O0000001O001O001O0001O000001O000001O00001O010O00001O001O010O001O00001O00001O1O010O0O2O1O001O1N2Oo_ml0"}, {"size": [1080, 1920], "counts": "c]`P17`Q12N101O0O2O001O0000001O001O001O0001O000001O000001O00001O010O00001O001O010O001O00001O00001O1O010O0O2O1O001O1N2Oo_ml0"}, {"size": [1080, 1920], "counts": "RabP11fQ110000001O00O100001Oolh70oRWH3N101O0O2O001O0O100000000O11O00000O1001O0O10000000O01O2O0O1O1000O0100O10000O1000000O00100O100O100O10000O10000O1000000O01000O100O001000O010O10O010O0100O010O01000O010O001O1O001O1O1O010O1O100O0100O0100O01000O1O001O01000O010O10O01O10O10O010000O1000O010000O10O01000O010O1O1O010O10O01O1O100O010O01000O010O10OO2O00100O001O2N2O1NYYd50hf[J000[f_;"}, {"size": [1080, 1920], "counts": "PPYo1"}, {"size": [1080, 1920], "counts": "PPYo1"}, {"size": [1080, 1920], "counts": "PPYo1"}, {"size": [1080, 1920], "counts": "PPYo1"}, {"size": [1080, 1920], "counts": "PPYo1"}, {"size": [1080, 1920], "counts": "PPYo1"}, {"size": [1080, 1920], "counts": "PPYo1"}, {"size": [1080, 1920], "counts": "PPYo1"}, {"size": [1080, 1920], "counts": "PPYo1"}, {"size": [1080, 1920], "counts": "PPYo1"}, {"size": [1080, 1920], "counts": "PPYo1"}, {"size": [1080, 1920], "counts": "PPYo1"}, {"size": [1080, 1920],