{"labels": [7, 12, 15, 22, 0, 2, 3, 6, 7, 8, 10, 11, 12, 6, 8, 2, 10, 12, 2, 10, 12, 12, 2, 10, 10, 12, 2, 10, 12, 12, 10, 3, 4, 7, 10, 12, 10, 7, 12, 15, 16, 22, 10, 12, 2, 3, 4, 7, 10, 12, 19, 10, 2, 3, 7, 10, 12, 1, 10, 2, 7, 10, 19, 12, 2, 3, 7, 10, 12, 19, 1, 8, 10, 10, 2, 6, 7, 10, 12, 19, 2, 3, 4, 6, 7, 10, 19, 10, 2, 2, 12, 19, 2, 6, 7, 8, 10, 12, 19, 10], "scores": [0.0015891583170741796, 0.009021218866109848, 0.0002259448665427044, 0.0002551677462179214, 0.0, 0.0, 0.0, 0.0, 0.0, 0.0, 0.0, 0.0, 0.0, 0.002008395502343774, 0.00035231251968070865, 0.0, 0.0, 0.0, 0.0, 0.0, 0.0, 0.0, 0.0, 0.0, 0.0, 0.0, 0.0, 0.0, 0.0, 0.0, 0.0004910552524961531, 0.6273612380027771, 0.0004103640967514366, 0.00037058995803818107, 0.0, 0.0, 0.0, 0.0024086975026875734, 0.0004595578066073358, 0.0003305522259324789, 0.00029014062602072954, 0.00246761878952384, 0.0, 0.0, 0.0, 0.0, 0.0, 0.0, 0.0, 0.0, 0.0, 0.0, 0.0, 0.0, 0.0, 0.0, 0.0, 0.0010993131436407566, 0.0004996694042347372, 0.0, 0.0, 0.0, 0.9888920783996582, 0.0005154580576345325, 0.0, 0.0, 0.0, 0.0, 0.0, 0.0, 0.0005191272357478738, 0.7555201649665833, 0.0006304319249466062, 0.0, 0.0, 0.0, 0.0, 0.0, 0.0, 0.0, 0.0, 0.0, 0.0, 0.0, 0.0, 0.0, 0.0, 0.0, 0.0, 0.0, 0.0, 0.0, 0.0, 0.0, 0.0, 0.0, 0.0, 0.0, 0.0, 0.0], "bboxes": [[496.0, 862.0, 540.0, 924.0], [496.0, 862.0, 540.0, 924.0], [496.0, 862.0, 540.0, 924.0], [496.0, 862.0, 540.0, 924.0], [0.0, 0.0, 0.0, 0.0], [0.0, 0.0, 0.0, 0.0], [0.0, 0.0, 0.0, 0.0], [0.0, 0.0, 0.0, 0.0], [0.0, 0.0, 0.0, 0.0], [0.0, 0.0, 0.0, 0.0], [0.0, 0.0, 0.0, 0.0], [0.0, 0.0, 0.0, 0.0], [0.0, 0.0, 0.0, 0.0], [881.0, 458.0, 1033.0, 527.0], [881.0, 458.0, 1033.0, 527.0], [0.0, 0.0, 0.0, 0.0], [0.0, 0.0, 0.0, 0.0], [0.0, 0.0, 0.0, 0.0], [0.0, 0.0, 0.0, 0.0], [0.0, 0.0, 0.0, 0.0], [0.0, 0.0, 0.0, 0.0], [0.0, 0.0, 0.0, 0.0], [0.0, 0.0, 0.0, 0.0], [0.0, 0.0, 0.0, 0.0], [0.0, 0.0, 0.0, 0.0], [0.0, 0.0, 0.0, 0.0], [0.0, 0.0, 0.0, 0.0], [0.0, 0.0, 0.0, 0.0], [0.0, 0.0, 0.0, 0.0], [0.0, 0.0, 0.0, 0.0], [899.0, 461.0, 989.0, 512.0], [979.0, 508.0, 1041.0, 529.0], [979.0, 508.0, 1041.0, 529.0], [976.0, 489.0, 1323.0, 528.0], [0.0, 0.0, 0.0, 0.0], [0.0, 0.0, 0.0, 0.0], [0.0, 0.0, 0.0, 0.0], [445.0, 392.0, 1587.0, 946.0], [445.0, 392.0, 1587.0, 946.0], [445.0, 392.0, 1587.0, 946.0], [445.0, 392.0, 1587.0, 946.0], [445.0, 392.0, 1587.0, 946.0], [0.0, 0.0, 0.0, 0.0], [0.0, 0.0, 0.0, 0.0], [0.0, 0.0, 0.0, 0.0], [0.0, 0.0, 0.0, 0.0], [0.0, 0.0, 0.0, 0.0], [0.0, 0.0, 0.0, 0.0], [0.0, 0.0, 0.0, 0.0], [0.0, 0.0, 0.0, 0.0], [0.0, 0.0, 0.0, 0.0], [0.0, 0.0, 0.0, 0.0], [0.0, 0.0, 0.0, 0.0], [0.0, 0.0, 0.0, 0.0], [0.0, 0.0, 0.0, 0.0], [0.0, 0.0, 0.0, 0.0], [0.0, 0.0, 0.0, 0.0], [920.0, 479.0, 1312.0, 518.0], [920.0, 479.0, 1312.0, 518.0], [0.0, 0.0, 0.0, 0.0], [0.0, 0.0, 0.0, 0.0], [0.0, 0.0, 0.0, 0.0], [399.0, 404.0, 1609.0, 1080.0], [497.0, 394.0, 1588.0, 915.0], [0.0, 0.0, 0.0, 0.0], [0.0, 0.0, 0.0, 0.0], [0.0, 0.0, 0.0, 0.0], [0.0, 0.0, 0.0, 0.0], [0.0, 0.0, 0.0, 0.0], [0.0, 0.0, 0.0, 0.0], [870.0, 453.0, 962.0, 502.0], [870.0, 453.0, 962.0, 502.0], [870.0, 453.0, 962.0, 502.0], [0.0, 0.0, 0.0, 0.0], [0.0, 0.0, 0.0, 0.0], [0.0, 0.0, 0.0, 0.0], [0.0, 0.0, 0.0, 0.0], [0.0, 0.0, 0.0, 0.0], [0.0, 0.0, 0.0, 0.0], [0.0, 0.0, 0.0, 0.0], [0.0, 0.0, 0.0, 0.0], [0.0, 0.0, 0.0, 0.0], [0.0, 0.0, 0.0, 0.0], [0.0, 0.0, 0.0, 0.0], [0.0, 0.0, 0.0, 0.0], [0.0, 0.0, 0.0, 0.0], [0.0, 0.0, 0.0, 0.0], [0.0, 0.0, 0.0, 0.0], [0.0, 0.0, 0.0, 0.0], [0.0, 0.0, 0.0, 0.0], [0.0, 0.0, 0.0, 0.0], [0.0, 0.0, 0.0, 0.0], [0.0, 0.0, 0.0, 0.0], [0.0, 0.0, 0.0, 0.0], [0.0, 0.0, 0.0, 0.0], [0.0, 0.0, 0.0, 0.0], [0.0, 0.0, 0.0, 0.0], [0.0, 0.0, 0.0, 0.0], [0.0, 0.0, 0.0, 0.0], [0.0, 0.0, 0.0, 0.0]], "masks": [{"size": [1080, 1920], "counts": "nn[`05cQ13M11O00O2O20NO1021M00O2O1O10O0001O01O01O001O01O10O01O0000O11O2OO0001N2N2O1O0N2M91H10NWb^]1"}, {"size": [1080, 1920], "counts": "nn[`05cQ13M11O00O2O20NO1021M00O2O1O10O0001O01O01O001O01O10O01O0000O11O2OO0001N2N2O1O0N2M91H10NWb^]1"}, {"size": [1080, 1920], "counts": "nn[`05cQ13M11O00O2O20NO1021M00O2O1O10O0001O01O01O001O01O10O01O0000O11O2OO0001N2N2O1O0N2M91H10NWb^]1"}, {"size": [1080, 1920], "counts": "nn[`05cQ13M11O00O2O20NO1021M00O2O1O10O0001O01O01O001O01O10O01O0000O11O2OO0001N2N2O1O0N2M91H10NWb^]1"}, {"size": [1080, 1920], "counts": "PPYo1"}, {"size": [1080, 1920], "counts": "PPYo1"}, {"size": [1080, 1920], "counts": "PPYo1"}, {"size": [1080, 1920], "counts": "PPYo1"}, {"size": [1080, 1920], "counts": "PPYo1"}, {"size": [1080, 1920], "counts": "PPYo1"}, {"size": [1080, 1920], "counts": "PPYo1"}, {"size": [1080, 1920], "counts": "PPYo1"}, {"size": [1080, 1920], "counts": "PPYo1"}, {"size": [1080, 1920], "counts": "RdQm05cQ11O0002N4NOO01O3N0O00100O0O2O1O1O1O1O1O001O10O01O1O010O001O00010O001O1O001O001O1O1O001O010O001O0010O1O10O10O01O010O001O0100O100O10O0010O01O01O011N1000O10O100O010O100O0100O000010O1O1O1O1O0010O01O001O1O10O01O1O1O001O01O10O00100O00001O0001O010O0001O00000010O01O00000010O0010O01O01O1O1O00001O0000001O0O2O2NkoVm0"}, {"size": [1080, 1920], "counts": "RdQm05cQ11O0002N4NOO01O3N0O00100O0O2O1O1O1O1O1O001O10O01O1O010O001O00010O001O1O001O001O1O1O001O010O001O0010O1O10O10O01O010O001O0100O100O10O0010O01O01O011N1000O10O100O010O100O0100O000010O1O1O1O1O0010O01O001O1O10O01O1O1O001O01O10O00100O00001O0001O010O0001O00000010O01O00000010O0010O01O01O1O1O00001O0000001O0O2O2NkoVm0"}, {"size": [1080, 1920], "counts": "PPYo1"}, {"size": [1080, 1920], "counts": "PPYo1"}, {"size": [1080, 1920], "counts": "PPYo1"}, {"size": [1080, 1920], "counts": "PPYo1"}, {"size": [1080, 1920], "counts": "PPYo1"}, {"size": [1080, 1920], "counts": "PPYo1"}, {"size": [1080, 1920], "counts": "PPYo1"}, {"size": [1080, 1920], "counts": "PPYo1"}, {"size": [1080, 1920], "counts": "PPYo1"}, {"size": [1080, 1920], "counts": "PPYo1"}, {"size": [1080, 1920], "counts": "PPYo1"}, {"size": [1080, 1920], "counts": "PPYo1"}, {"size": [1080, 1920], "counts": "PPYo1"}, {"size": [1080, 1920], "counts": "PPYo1"}, {"size": [1080, 1920], "counts": "PPYo1"}, {"size": [1080, 1920], "counts": "fcdm0320]Q17O010000000O00001O001O010O001O010O1O001O010O00100O001O001O010O01000O0100O1O10O0100O1O1O101N10O101O01N1O010O100O0100O0100O1O0100O001O1O0001O010O010O010O1O010O1O1O001O1O1O001O0O2OZ]en0"}, {"size": [1080, 1920], "counts": "UQYP12fQ10O2O01O0002OO0010O010O1O1O1O0000001O001O1O0010O000000001O01O0001O0001O10O01O01O00001O010O00001O0000010O0000001O0O2O1O1N10kanl0"}, {"size": [1080, 1920], "counts": "UQYP12fQ10O2O01O0002OO0010O010O1O1O1O0000001O001O1O0010O000000001O01O0001O0001O10O01O01O00001O010O00001O0000010O0000001O0O2O1O1N10kanl0"}, {"size": [1080, 1920], "counts": "hkUP14cQ13N010O0010O001O010O01O000010O0010O01O01O0000010O000010O00001O000010O0001O01O001O010O00010O000010O0001O0001O00010O000010O000001O001O1O001O001OoTn71ojQH10000O1O2O1O1O1N100000000O010O01O00010O01000O0O101O0100000O1O1N3LaUec0"}, {"size": [1080, 1920], "counts": "PPYo1"}, {"size": [1080, 1920], "counts": "PPYo1"}, {"size": [1080, 1920], "counts": "PPYo1"}, {"size": [1080, 1920], "counts": "aRf>6aQ13O003NO1O3L2O15L3OL2N01N3OO1000O10O02N2N3L1O2N2N3M2N2M4M2N1N3N3M1N2O2N2N3M1O2O1N2M2O3M1O2N1O2O1N2N1O2N2N1O2N2N2N1O2N101N1O2N101N2N1O2N1O1O2N1O1O2M2O1O2N002N100O1O2N1O1O1O1O1O1O1O101N1O2N1O1O1O001O2O0O001O2N1O1O010O1O1O00100O0000O2VORSOgLol0W3VSOeLkl0Z3k0L3O2N1O1O1O2N1N3N2N2N2N1N3M3N2N2O2M2N2N2M3N2N2M3M3M4M2M4L3M3M3L4N2M4L3M5K4K6H]^ko0KlaTPO4L2N2N10001N1001O00001O1O2O0O3LXjn:"}, {"size": [1080, 1920], "counts": "aRf>6aQ13O003NO1O3L2O15L3OL2N01N3OO1000O10O02N2N3L1O2N2N3M2N2M4M2N1N3N3M1N2O2N2N3M1O2O1N2M2O3M1O2N1O2O1N2N1O2N2N1O2N2N2N1O2N101N1O2N101N2N1O2N1O1O2N1O1O2M2O1O2N002N100O1O2N1O1O1O1O1O1O1O101N1O2N1O1O1O001O2O0O001O2N1O1O010O1O1O00100O0000O2VORSOgLol0W3VSOeLkl0Z3k0L3O2N1O1O1O2N1N3N2N2N2N1N3M3N2N2O2M2N2N2M3N2N2M3M3M4M2M4L3M3M3L4N2M4L3M5K4K6H]^ko0KlaTPO4L2N2N10001N1001O00001O1O2O0O3LXjn:"}, {"size": [1080, 1920],