{"labels": [2, 12, 19, 2, 3, 4, 6, 7, 8, 10, 11, 12, 10, 10, 10, 1, 2, 3, 4, 6, 7, 8, 10, 11, 19, 2, 4, 2, 1, 2, 2, 2, 2, 2, 7, 12, 3, 4, 7, 12, 12, 10, 10, 2, 2, 0, 12, 2, 2, 4, 10, 14, 2, 3, 7, 10, 12, 1, 2, 10, 19, 10, 12, 19, 1, 7, 8, 10, 12, 2, 12, 1, 2, 3, 4, 6, 7, 10, 14, 2, 2, 2, 10, 12, 2, 4, 12, 2, 4, 6, 7, 8, 10, 12, 19, 1, 6, 11, 12, 10], "scores": [0.0, 0.0008953820215538144, 0.00033630503457970917, 0.0, 0.0, 0.0, 0.0, 0.0, 0.0, 0.0, 0.0, 0.00015781204274389893, 0.0002380367077421397, 0.0002996463736053556, 0.00028755603125318885, 0.0024255523458123207, 0.00018996698781847954, 0.00036381304380483925, 0.0003338616224937141, 0.06062629073858261, 0.0002844910486601293, 0.001487179659307003, 0.002499821363016963, 0.0003579353215172887, 0.0003227677952963859, 0.00038169993786141276, 0.0001928268320625648, 0.0, 0.00017888334696181118, 0.0, 0.0, 0.0, 0.0, 0.0, 0.0, 0.0, 0.0, 0.0, 0.0, 0.0, 0.0, 0.0003746968577615917, 0.00018416215607430786, 0.0, 0.0002430799650028348, 0.0, 0.0, 0.00014201164594851434, 0.0, 0.0, 0.0, 0.0, 0.00013600524107459933, 0.0001630222686799243, 0.00016322574811056256, 0.0001582904369570315, 0.00030728860292583704, 0.0001972186437342316, 0.0, 0.0, 0.9902029037475586, 0.00047478865599259734, 0.0002710123953875154, 0.00031056036823429167, 0.001155222300440073, 0.0008899312233552337, 0.5263188481330872, 0.0024506961926817894, 0.00024454467347823083, 0.0, 0.0, 0.0008106082677841187, 0.034872427582740784, 0.00047158924280665815, 0.5255748629570007, 0.00029858486959710717, 0.0004840778710786253, 0.0011716707376763225, 0.0004167273291386664, 0.00019644777057692409, 0.00018588703824207187, 0.0, 0.0005668888334184885, 0.0004082379746250808, 0.0, 0.0, 0.0, 0.0, 0.0, 0.0, 0.0, 0.0, 0.0, 0.0, 0.0, 0.0, 0.0, 0.0, 0.0, 0.00019465250079520047], "bboxes": [[0.0, 0.0, 0.0, 0.0], [431.0, 591.0, 501.0, 618.0], [431.0, 591.0, 501.0, 618.0], [0.0, 0.0, 0.0, 0.0], [0.0, 0.0, 0.0, 0.0], [0.0, 0.0, 0.0, 0.0], [0.0, 0.0, 0.0, 0.0], [0.0, 0.0, 0.0, 0.0], [0.0, 0.0, 0.0, 0.0], [0.0, 0.0, 0.0, 0.0], [0.0, 0.0, 0.0, 0.0], [461.0, 601.0, 475.0, 610.0], [424.0, 579.0, 504.0, 617.0], [421.0, 579.0, 505.0, 617.0], [421.0, 576.0, 507.0, 617.0], [936.0, 555.0, 1019.0, 571.0], [936.0, 555.0, 1019.0, 571.0], [936.0, 555.0, 1019.0, 571.0], [936.0, 555.0, 1019.0, 571.0], [936.0, 555.0, 1019.0, 571.0], [936.0, 555.0, 1019.0, 571.0], [936.0, 555.0, 1019.0, 571.0], [936.0, 555.0, 1019.0, 571.0], [936.0, 555.0, 1019.0, 571.0], [936.0, 555.0, 1019.0, 571.0], [1270.0, 496.0, 1279.0, 505.0], [1270.0, 496.0, 1279.0, 505.0], [0.0, 0.0, 0.0, 0.0], [718.0, 499.0, 1281.0, 566.0], [0.0, 0.0, 0.0, 0.0], [0.0, 0.0, 0.0, 0.0], [0.0, 0.0, 0.0, 0.0], [0.0, 0.0, 0.0, 0.0], [0.0, 0.0, 0.0, 0.0], [0.0, 0.0, 0.0, 0.0], [0.0, 0.0, 0.0, 0.0], [0.0, 0.0, 0.0, 0.0], [0.0, 0.0, 0.0, 0.0], [0.0, 0.0, 0.0, 0.0], [0.0, 0.0, 0.0, 0.0], [0.0, 0.0, 0.0, 0.0], [423.0, 581.0, 505.0, 618.0], [436.0, 589.0, 500.0, 616.0], [0.0, 0.0, 0.0, 0.0], [1273.0, 501.0, 1278.0, 503.0], [0.0, 0.0, 0.0, 0.0], [0.0, 0.0, 0.0, 0.0], [1267.0, 494.0, 1282.0, 511.0], [0.0, 0.0, 0.0, 0.0], [0.0, 0.0, 0.0, 0.0], [0.0, 0.0, 0.0, 0.0], [0.0, 0.0, 0.0, 0.0], [447.0, 590.0, 499.0, 609.0], [447.0, 590.0, 499.0, 609.0], [447.0, 590.0, 499.0, 609.0], [447.0, 590.0, 499.0, 609.0], [447.0, 590.0, 499.0, 609.0], [1255.0, 485.0, 1330.0, 523.0], [0.0, 0.0, 0.0, 0.0], [0.0, 0.0, 0.0, 0.0], [403.0, 388.0, 1608.0, 1080.0], [418.0, 578.0, 507.0, 618.0], [418.0, 578.0, 507.0, 618.0], [418.0, 578.0, 507.0, 618.0], [411.0, 510.0, 1087.0, 615.0], [411.0, 510.0, 1087.0, 615.0], [411.0, 510.0, 1087.0, 615.0], [411.0, 510.0, 1087.0, 615.0], [411.0, 510.0, 1087.0, 615.0], [0.0, 0.0, 0.0, 0.0], [0.0, 0.0, 0.0, 0.0], [1218.0, 491.0, 1288.0, 527.0], [1218.0, 491.0, 1288.0, 527.0], [1218.0, 491.0, 1288.0, 527.0], [1218.0, 491.0, 1288.0, 527.0], [1218.0, 491.0, 1288.0, 527.0], [1218.0, 491.0, 1288.0, 527.0], [1218.0, 491.0, 1288.0, 527.0], [1218.0, 491.0, 1288.0, 527.0], [1273.0, 500.0, 1278.0, 503.0], [1269.0, 494.0, 1279.0, 505.0], [0.0, 0.0, 0.0, 0.0], [437.0, 589.0, 503.0, 616.0], [437.0, 589.0, 503.0, 616.0], [0.0, 0.0, 0.0, 0.0], [0.0, 0.0, 0.0, 0.0], [0.0, 0.0, 0.0, 0.0], [0.0, 0.0, 0.0, 0.0], [0.0, 0.0, 0.0, 0.0], [0.0, 0.0, 0.0, 0.0], [0.0, 0.0, 0.0, 0.0], [0.0, 0.0, 0.0, 0.0], [0.0, 0.0, 0.0, 0.0], [0.0, 0.0, 0.0, 0.0], [0.0, 0.0, 0.0, 0.0], [0.0, 0.0, 0.0, 0.0], [0.0, 0.0, 0.0, 0.0], [0.0, 0.0, 0.0, 0.0], [0.0, 0.0, 0.0, 0.0], [423.0, 580.0, 504.0, 617.0]], "masks": [{"size": [1080, 1920], "counts": "PPYo1"}, {"size": [1080, 1920], "counts": "\\UW>3cQ13N2O000000000O1O2O0O1O1O010O1O2N100O1O1O001O100O10O10O1O1O010O10000001O001O001O0010O00O10O1001O2N001N1O2O0O1O1O1O1M2ON301000O101O1O1N2N1OdPh^1"}, {"size": [1080, 1920], "counts": "\\UW>3cQ13N2O000000000O1O2O0O1O1O010O1O2N100O1O1O001O100O10O10O1O1O010O10000001O001O001O0010O00O10O1001O2N001N1O2O0O1O1O1O1M2ON301000O101O1O1N2N1OdPh^1"}, {"size": [1080, 1920], "counts": "PPYo1"}, {"size": [1080, 1920], "counts": "PPYo1"}, {"size": [1080, 1920], "counts": "PPYo1"}, {"size": [1080, 1920], "counts": "PPYo1"}, {"size": [1080, 1920], "counts": "PPYo1"}, {"size": [1080, 1920], "counts": "PPYo1"}, {"size": [1080, 1920], "counts": "PPYo1"}, {"size": [1080, 1920], "counts": "PPYo1"}, {"size": [1080, 1920], "counts": "biV?4cQ110000000001O001O0010O012Mk]c_1"}, {"size": [1080, 1920], "counts": "Pio=3dQ1100010O0001INdnN5ZQ15N3N101O01OO1O1O2N100O1O1N2000000O100O1O00100O1O1O1O1O0010000001N2O1O00000001O000000000O100O00100O10O01000O100O10000O2N1N2O2O0O1O100O2O0O2N3M1HlnNJmle^1"}, {"size": [1080, 1920], "counts": "ecl=5cQ11N2O001N1O101N1O2N1N3N1O100O1O2N100O1O1O1O1O1O100001O1O00O1000O01O1O1O1O1O010O11O001N2O1O000001O000000000000000O1O1O00100O010000O100O100O2N1O1O2N1O100O101N2O1N2N2GinNMYQ1MZjc^1"}, {"size": [1080, 1920], "counts": "ecl=5cQ11N101N101N1O101N1N3N1O1O2O0O1O1O1O1O2M2O1O100O1000000000O100000O1O1O1M20100000O2O001O001O001O0000000001KPO`oNP1`P14O10O1000O100000O10000O100O10000N2O1O1O2O0O100O2O1N2O0O1N4M2G9Mbfa^1"}, {"size": [1080, 1920], "counts": "egkn02eQ1101N10001N2O001N100000000O0100O100O10000O0100O2O000O1000000000000000000O100000000000000000000000000000000000000O1000000001O000000000O10001O00001O000000010N2O0O2N1NYgem0"}, {"size": [1080, 1920], "counts": "egkn02eQ1101N10001N2O001N100000000O0100O100O10000O0100O2O000O1000000000000000000O100000000000000000000000000000000000000O1000000001O000000000O10001O00001O000000010N2O0O2N1NYgem0"}, {"size": [1080, 1920], "counts": "egkn02eQ1101N10001N2O001N100000000O0100O100O10000O0100O2O000O1000000000000000000O100000000000000000000000000000000000000O1000000001O000000000O10001O00001O000000010N2O0O2N1NYgem0"}, {"size": [1080, 1920], "counts": "egkn02eQ1101N10001N2O001N100000000O0100O100O10000O0100O2O000O1000000000000000000O100000000000000000000000000000000000000O1000000001O000000000O10001O00001O000000010N2O0O2N1NYgem0"}, {"size": [1080, 1920], "counts": "egkn02eQ1101N10001N2O001N100000000O0100O100O10000O0100O2O000O1000000000000000000O100000000000000000000000000000000000000O1000000001O000000000O10001O00001O000000010N2O0O2N1NYgem0"}, {"size": [1080, 1920], "counts": "egkn02eQ1101N10001N2O001N100000000O0100O100O10000O0100O2O000O1000000000000000000O100000000000000000000000000000000000000O1000000001O000000000O10001O00001O000000010N2O0O2N1NYgem0"}, {"size": [1080, 1920], "counts": "egkn02eQ1101N10001N2O001N100000000O0100O100O10000O0100O2O000O1000000000000000000O100000000000000000000000000000000000000O1000000001O000000000O10001O00001O000000010N2O0O2N1NYgem0"}, {"size": [1080, 1920], "counts": "egkn02eQ1101N10001N2O001N100000000O0100O100O10000O0100O2O000O1000000000000000000O100000000000000000000000000000000000000O1000000001O000000000O10001O00001O000000010N2O0O2N1NYgem0"}, {"size": [1080, 1920], "counts": "egkn02eQ1101N10001N2O001N100000000O0100O100O10000O0100O2O000O1000000000000000000O100000000000000000000000000000000000000O1000000001O000000000O10001O00001O000000010N2O0O2N1NYgem0"}, {"size": [1080, 1920],