{"labels": [2, 3, 4, 6, 7, 8, 10, 11, 12, 12, 2, 12, 19, 1, 6, 2, 12, 2, 4, 1, 2, 2, 1, 2, 3, 4, 7, 8, 14, 12, 2, 12, 2, 4, 0, 12, 1, 2, 3, 4, 8, 10, 14, 10, 12, 2, 19, 4, 0, 1, 3, 6, 7, 8, 10, 11, 12, 19, 21, 22, 2, 8, 12, 19, 2, 1, 2, 3, 4, 6, 7, 8, 10, 14, 21, 22, 2, 10, 12, 2, 4, 12, 2, 4, 2, 6, 7, 8, 12, 19, 2, 0, 1, 3, 6, 7, 8, 11, 12, 12], "scores": [0.0, 0.0, 0.0, 0.0, 0.0, 0.0, 0.0, 0.0, 0.0, 0.00021084035688545555, 0.0002901357947848737, 0.0007240539416670799, 0.00031122396467253566, 0.00027573539409786463, 0.0007690464262850583, 0.00020957732340320945, 0.0, 0.0, 0.0, 0.0002798047789838165, 0.0, 0.0, 0.00037641782546415925, 0.0015841134591028094, 0.4331921637058258, 0.0040835109539330006, 0.0006753619527444243, 0.0004035257443320006, 0.0004990094457753003, 0.0005808727582916617, 0.0, 0.0, 0.0003906658384948969, 0.00023038702784106135, 0.0, 0.0, 0.0, 0.0, 0.0, 0.0, 0.0, 0.0, 0.0, 0.00031602135277353227, 0.0003480608866084367, 0.0, 0.9898251295089722, 0.00032699209987185895, 0.0003964641655329615, 0.006433040369302034, 0.0008083524298854172, 0.0003705332346726209, 0.002005490008741617, 0.21073181927204132, 0.011479711160063744, 0.00111969537101686, 0.009022769518196583, 0.003486897796392441, 0.0004293335950933397, 0.00038767053047195077, 0.0, 0.0, 0.0, 0.0, 0.00023623522429261357, 0.0008719111792743206, 0.021665429696440697, 0.00027597026200965047, 0.5194821953773499, 0.0007553848554380238, 0.0007043848163448274, 0.0005625414196401834, 0.0009865699103102088, 0.0007094048196449876, 0.00038492362364195287, 0.00024992506951093674, 0.0, 0.0004337510617915541, 0.0009237162303179502, 0.0, 0.0, 0.0, 0.0004566639836411923, 0.00029476682539097965, 0.0, 0.0, 0.0, 0.0, 0.0, 0.0, 0.0, 0.0, 0.0, 0.0, 0.0, 0.0, 0.0, 0.0, 0.0, 0.0002470994077157229], "bboxes": [[0.0, 0.0, 0.0, 0.0], [0.0, 0.0, 0.0, 0.0], [0.0, 0.0, 0.0, 0.0], [0.0, 0.0, 0.0, 0.0], [0.0, 0.0, 0.0, 0.0], [0.0, 0.0, 0.0, 0.0], [0.0, 0.0, 0.0, 0.0], [0.0, 0.0, 0.0, 0.0], [0.0, 0.0, 0.0, 0.0], [444.0, 590.0, 468.0, 611.0], [442.0, 599.0, 462.0, 612.0], [442.0, 599.0, 462.0, 612.0], [442.0, 599.0, 462.0, 612.0], [1002.0, 492.0, 1293.0, 559.0], [1002.0, 492.0, 1293.0, 559.0], [1257.0, 500.0, 1268.0, 515.0], [0.0, 0.0, 0.0, 0.0], [0.0, 0.0, 0.0, 0.0], [0.0, 0.0, 0.0, 0.0], [1004.0, 494.0, 1285.0, 559.0], [0.0, 0.0, 0.0, 0.0], [0.0, 0.0, 0.0, 0.0], [1250.0, 494.0, 1273.0, 526.0], [1250.0, 494.0, 1273.0, 526.0], [1250.0, 494.0, 1273.0, 526.0], [1250.0, 494.0, 1273.0, 526.0], [1250.0, 494.0, 1273.0, 526.0], [1250.0, 494.0, 1273.0, 526.0], [1250.0, 494.0, 1273.0, 526.0], [443.0, 591.0, 467.0, 611.0], [0.0, 0.0, 0.0, 0.0], [0.0, 0.0, 0.0, 0.0], [1259.0, 501.0, 1267.0, 511.0], [1259.0, 501.0, 1267.0, 511.0], [0.0, 0.0, 0.0, 0.0], [0.0, 0.0, 0.0, 0.0], [0.0, 0.0, 0.0, 0.0], [0.0, 0.0, 0.0, 0.0], [0.0, 0.0, 0.0, 0.0], [0.0, 0.0, 0.0, 0.0], [0.0, 0.0, 0.0, 0.0], [0.0, 0.0, 0.0, 0.0], [0.0, 0.0, 0.0, 0.0], [402.0, 546.0, 563.0, 619.0], [402.0, 546.0, 563.0, 619.0], [0.0, 0.0, 0.0, 0.0], [404.0, 387.0, 1609.0, 1080.0], [1252.0, 494.0, 1273.0, 523.0], [401.0, 538.0, 511.0, 619.0], [401.0, 538.0, 511.0, 619.0], [401.0, 538.0, 511.0, 619.0], [401.0, 538.0, 511.0, 619.0], [401.0, 538.0, 511.0, 619.0], [401.0, 538.0, 511.0, 619.0], [401.0, 538.0, 511.0, 619.0], [401.0, 538.0, 511.0, 619.0], [401.0, 538.0, 511.0, 619.0], [401.0, 538.0, 511.0, 619.0], [401.0, 538.0, 511.0, 619.0], [401.0, 538.0, 511.0, 619.0], [0.0, 0.0, 0.0, 0.0], [0.0, 0.0, 0.0, 0.0], [0.0, 0.0, 0.0, 0.0], [0.0, 0.0, 0.0, 0.0], [1254.0, 498.0, 1270.0, 518.0], [1254.0, 496.0, 1271.0, 524.0], [1254.0, 496.0, 1271.0, 524.0], [1254.0, 496.0, 1271.0, 524.0], [1254.0, 496.0, 1271.0, 524.0], [1254.0, 496.0, 1271.0, 524.0], [1254.0, 496.0, 1271.0, 524.0], [1254.0, 496.0, 1271.0, 524.0], [1254.0, 496.0, 1271.0, 524.0], [1254.0, 496.0, 1271.0, 524.0], [1254.0, 496.0, 1271.0, 524.0], [1254.0, 496.0, 1271.0, 524.0], [0.0, 0.0, 0.0, 0.0], [429.0, 584.0, 498.0, 615.0], [429.0, 584.0, 498.0, 615.0], [0.0, 0.0, 0.0, 0.0], [0.0, 0.0, 0.0, 0.0], [0.0, 0.0, 0.0, 0.0], [1256.0, 500.0, 1268.0, 515.0], [1256.0, 500.0, 1268.0, 515.0], [0.0, 0.0, 0.0, 0.0], [0.0, 0.0, 0.0, 0.0], [0.0, 0.0, 0.0, 0.0], [0.0, 0.0, 0.0, 0.0], [0.0, 0.0, 0.0, 0.0], [0.0, 0.0, 0.0, 0.0], [0.0, 0.0, 0.0, 0.0], [0.0, 0.0, 0.0, 0.0], [0.0, 0.0, 0.0, 0.0], [0.0, 0.0, 0.0, 0.0], [0.0, 0.0, 0.0, 0.0], [0.0, 0.0, 0.0, 0.0], [0.0, 0.0, 0.0, 0.0], [0.0, 0.0, 0.0, 0.0], [0.0, 0.0, 0.0, 0.0], [406.0, 583.0, 501.0, 618.0]], "masks": [{"size": [1080, 1920], "counts": "PPYo1"}, {"size": [1080, 1920], "counts": "PPYo1"}, {"size": [1080, 1920], "counts": "PPYo1"}, {"size": [1080, 1920], "counts": "PPYo1"}, {"size": [1080, 1920], "counts": "PPYo1"}, {"size": [1080, 1920], "counts": "PPYo1"}, {"size": [1080, 1920], "counts": "PPYo1"}, {"size": [1080, 1920], "counts": "PPYo1"}, {"size": [1080, 1920], "counts": "PPYo1"}, {"size": [1080, 1920], "counts": "Qld>1gQ11N1N2N1O2O1O1O1O000010O01O1N101O01O1N2O1O2N3Lajj_1"}, {"size": [1080, 1920], "counts": "bhb>1fQ1100O2O0O1O1N2O10O01O10O001O010O2O1O2MfTQ`1"}, {"size": [1080, 1920], "counts": "bhb>1fQ1100O2O0O1O1N2O10O01O10O001O010O2O1O2MfTQ`1"}, {"size": [1080, 1920], "counts": "bhb>1fQ1100O2O0O1O1N2O10O01O10O001O010O2O1O2MfTQ`1"}, {"size": [1080, 1920], "counts": "mZQQ12fQ1000O1001O0000Ymi79ZRVH8J3N2N100O10002M101N1000O010O01O1N1100O2O0O100O1O0010000O2OO10O01O02N3N2L3M3M10001O0O3I6Ohidd0"}, {"size": [1080, 1920], "counts": "mZQQ12fQ1000O1001O0000Ymi79ZRVH8J3N2N100O10002M101N1000O010O01O1N1100O2O0O100O1O0010000O2OO10O01O02N3N2L3M3M10001O0O3I6Ohidd0"}, {"size": [1080, 1920], "counts": "aW^Y17`Q13M1O2O0O10000O10M4J`U_e0"}, {"size": [1080, 1920], "counts": "PPYo1"}, {"size": [1080, 1920], "counts": "PPYo1"}, {"size": [1080, 1920], "counts": "PPYo1"}, {"size": [1080, 1920], "counts": "]^SQ11gQ11O00O_Rm7?QmRH4L200O1O101O1N101N1000O0100O001O1000O2N100O1O1O1O100O100000O01N1O3F;M4LeWmd0"}, {"size": [1080, 1920], "counts": "PPYo1"}, {"size": [1080, 1920], "counts": "PPYo1"}, {"size": [1080, 1920], "counts": "YkVY12dQ14M3M2O1N:G1N2O1O0O10O11N1N3N1000O2M3N2N2]OWoN3YQ1L[lYe0"}, {"size": [1080, 1920], "counts": "YkVY12dQ14M3M2O1N:G1N2O1O0O10O11N1N3N1000O2M3N2N2]OWoN3YQ1L[lYe0"}, {"size": [1080, 1920], "counts": "YkVY12dQ14M3M2O1N:G1N2O1O0O10O11N1N3N1000O2M3N2N2]OWoN3YQ1L[lYe0"}, {"size": [1080, 1920], "counts": "YkVY12dQ14M3M2O1N:G1N2O1O0O10O11N1N3N1000O2M3N2N2]OWoN3YQ1L[lYe0"}, {"size": [1080, 1920], "counts": "YkVY12dQ14M3M2O1N:G1N2O1O0O10O11N1N3N1000O2M3N2N2]OWoN3YQ1L[lYe0"}, {"size": [1080, 1920], "counts": "YkVY12dQ14M3M2O1N:G1N2O1O0O10O11N1N3N1000O2M3N2N2]OWoN3YQ1L[lYe0"}, {"size": [1080, 1920], "counts": "YkVY12dQ14M3M2O1N:G1N2O1O0O10O11N1N3N1000O2M3N2N2]OWoN3YQ1L[lYe0"}, {"size": [1080, 1920], "counts": "Yjc>2fQ10O1O1O1O1N2O1O00100O0000001O1O001O00O2N2O1O2NYlk_1"}, {"size": [1080, 1920], "counts": "PPYo1"}, {"size": [1080, 1920], "counts": "PPYo1"}, {"size": [1080, 1920], "counts": "U[`Y11fQ11J0dnN1[Q1OenN1ZQ1160000NUW`e0"}, {"size": [1080, 1920], "counts": "U[`Y11fQ11J0dnN1[Q1OenN1ZQ1160000NUW`e0"}, {"size": [1080, 1920], "counts": "PPYo1"}, {"size": [1080, 1920], "counts": "PPYo1"}, {"size": [1080, 1920], "counts": "PPYo1"}, {"size": [1080, 1920], "counts": "PPYo1"}, {"size": [1080, 1920], "counts": "PPYo1"}, {"size": [1080, 1920], "counts": "PPYo1"}, {"size": [1080, 1920], "counts": "PPYo1"}, {"size": [1080, 1920], "counts": "PPYo1"}, {"size": [1080, 1920], "counts": "PPYo1"}, {"size": [1080, 1920], "counts": "laX=6\\Q1KhnN8UQ1b0C4L2O000O10000O2O00000O10001N2N1M4N1O1O2M2O11O000000O2O000O1000000O100O2N10O0100O1000O100000000O100O101O000O0100O01000O1000000000O2O01O01O00O100O1000O2O6J2N005J101N1O2M3N1O1O001O100O2O1N101O1O1N2O0N2N2N3K8Jdkg1N`TXN0fef\\1"}, {"size": [1080, 1920], "counts": "laX=6\\Q1KhnN8UQ1b0C4L2O000O10000O2O00000O10001N2N1M4N1O1O2M2O11O000000O2O000O1000000O100O2N10O0100O1000O100000000O100O101O000O0100O01000O1000000000O2O01O01O00O100O1000O2O6J2N005J101N1O2M3N1O1O001O100O2O1N101O1O1N2O0N2N2N3K8Jdkg1N`TXN0fef\\1"}, {"size": [1080, 1920],