{"labels": [12, 19, 2, 3, 4, 6, 7, 8, 10, 11, 12, 12, 19, 10, 12, 6, 2, 2, 2, 2, 2, 7, 12, 2, 12, 2, 12, 1, 2, 3, 4, 7, 8, 9, 10, 12, 14, 12, 10, 0, 8, 1, 2, 4, 8, 10, 14, 1, 2, 3, 4, 6, 7, 8, 10, 12, 2, 19, 10, 12, 0, 1, 3, 7, 8, 10, 11, 12, 19, 2, 12, 19, 2, 1, 2, 3, 4, 6, 7, 8, 10, 14, 2, 10, 12, 2, 10, 2, 4, 6, 7, 8, 10, 12, 19, 1, 6, 8, 11, 2], "scores": [0.0009413296938873827, 0.0003459182335063815, 0.0, 0.0, 0.0, 0.0, 0.0, 0.0, 0.0, 0.0, 0.0, 0.0006789072067476809, 0.0002582169254310429, 0.00026998959947377443, 0.00033569984952919185, 0.0025303191505372524, 0.0, 0.0, 0.0, 0.0, 0.0, 0.0, 0.0, 0.0, 0.0, 0.0003252314345445484, 0.0004603964334819466, 0.00040216834167949855, 0.0030721777584403753, 0.2166053056716919, 0.004220526199787855, 0.0013362219324335456, 0.0007897003088146448, 0.00026367310783825815, 0.00039166436181403697, 0.0003325287252664566, 0.000776456028688699, 0.0003605534147936851, 0.0004011691198684275, 0.00029574125073850155, 0.00018969552183989435, 0.0, 0.0, 0.0, 0.0, 0.0, 0.0, 0.0002122057048836723, 0.0007754304679110646, 0.0002597487182356417, 0.0006046980852261186, 0.00029092247132211924, 0.0003479524457361549, 0.0002099181292578578, 0.0001900090283015743, 0.0004674854571931064, 0.0, 0.9894260764122009, 0.0003628784616012126, 0.00023468438303098083, 0.000286071008304134, 0.003138077212497592, 0.00034390846849419177, 0.0009620581404305995, 0.03351423516869545, 0.008355382829904556, 0.0005527304019778967, 0.006065290421247482, 0.001241627731360495, 0.00027431879425421357, 0.0005524004227481782, 0.00021113209368195385, 0.00024009625485632569, 0.0007393583073280752, 0.030045920982956886, 0.00047858996549621224, 0.5108534693717957, 0.00045475998194888234, 0.0006507860962301493, 0.0005555127863772213, 0.001142776571214199, 0.0004856651648879051, 0.0, 0.0004015791928395629, 0.0006518888985738158, 0.0, 0.00018718001956585795, 0.0, 0.0, 0.0, 0.0, 0.0, 0.0, 0.0, 0.0, 0.0005079566617496312, 0.0011657405411824584, 0.0004723789170384407, 0.0015661162324249744, 0.0002482374256942421], "bboxes": [[428.0, 588.0, 518.0, 620.0], [428.0, 588.0, 518.0, 620.0], [0.0, 0.0, 0.0, 0.0], [0.0, 0.0, 0.0, 0.0], [0.0, 0.0, 0.0, 0.0], [0.0, 0.0, 0.0, 0.0], [0.0, 0.0, 0.0, 0.0], [0.0, 0.0, 0.0, 0.0], [0.0, 0.0, 0.0, 0.0], [0.0, 0.0, 0.0, 0.0], [0.0, 0.0, 0.0, 0.0], [435.0, 587.0, 518.0, 619.0], [435.0, 587.0, 518.0, 619.0], [432.0, 577.0, 521.0, 617.0], [435.0, 586.0, 518.0, 618.0], [715.0, 504.0, 1267.0, 570.0], [0.0, 0.0, 0.0, 0.0], [0.0, 0.0, 0.0, 0.0], [0.0, 0.0, 0.0, 0.0], [0.0, 0.0, 0.0, 0.0], [0.0, 0.0, 0.0, 0.0], [0.0, 0.0, 0.0, 0.0], [0.0, 0.0, 0.0, 0.0], [0.0, 0.0, 0.0, 0.0], [0.0, 0.0, 0.0, 0.0], [429.0, 581.0, 520.0, 618.0], [429.0, 581.0, 520.0, 618.0], [1251.0, 497.0, 1279.0, 523.0], [1251.0, 497.0, 1279.0, 523.0], [1251.0, 497.0, 1279.0, 523.0], [1251.0, 497.0, 1279.0, 523.0], [1251.0, 497.0, 1279.0, 523.0], [1251.0, 497.0, 1279.0, 523.0], [1251.0, 497.0, 1279.0, 523.0], [1251.0, 497.0, 1279.0, 523.0], [1251.0, 497.0, 1279.0, 523.0], [1251.0, 497.0, 1279.0, 523.0], [435.0, 589.0, 517.0, 618.0], [434.0, 583.0, 519.0, 617.0], [957.0, 553.0, 1006.0, 560.0], [957.0, 553.0, 1006.0, 560.0], [0.0, 0.0, 0.0, 0.0], [0.0, 0.0, 0.0, 0.0], [0.0, 0.0, 0.0, 0.0], [0.0, 0.0, 0.0, 0.0], [0.0, 0.0, 0.0, 0.0], [0.0, 0.0, 0.0, 0.0], [1257.0, 506.0, 1262.0, 514.0], [1257.0, 506.0, 1262.0, 514.0], [1257.0, 506.0, 1262.0, 514.0], [1257.0, 506.0, 1262.0, 514.0], [1257.0, 506.0, 1262.0, 514.0], [1257.0, 506.0, 1262.0, 514.0], [1257.0, 506.0, 1262.0, 514.0], [1257.0, 506.0, 1262.0, 514.0], [1257.0, 506.0, 1262.0, 514.0], [0.0, 0.0, 0.0, 0.0], [405.0, 388.0, 1609.0, 1080.0], [460.0, 584.0, 518.0, 613.0], [460.0, 584.0, 518.0, 613.0], [404.0, 556.0, 524.0, 622.0], [404.0, 556.0, 524.0, 622.0], [404.0, 556.0, 524.0, 622.0], [404.0, 556.0, 524.0, 622.0], [404.0, 556.0, 524.0, 622.0], [404.0, 556.0, 524.0, 622.0], [404.0, 556.0, 524.0, 622.0], [404.0, 556.0, 524.0, 622.0], [404.0, 556.0, 524.0, 622.0], [465.0, 595.0, 496.0, 613.0], [465.0, 595.0, 496.0, 613.0], [465.0, 595.0, 496.0, 613.0], [1255.0, 504.0, 1269.0, 519.0], [1252.0, 497.0, 1280.0, 525.0], [1252.0, 497.0, 1280.0, 525.0], [1252.0, 497.0, 1280.0, 525.0], [1252.0, 497.0, 1280.0, 525.0], [1252.0, 497.0, 1280.0, 525.0], [1252.0, 497.0, 1280.0, 525.0], [1252.0, 497.0, 1280.0, 525.0], [1252.0, 497.0, 1280.0, 525.0], [1252.0, 497.0, 1280.0, 525.0], [0.0, 0.0, 0.0, 0.0], [439.0, 593.0, 498.0, 615.0], [439.0, 593.0, 498.0, 615.0], [0.0, 0.0, 0.0, 0.0], [466.0, 596.0, 488.0, 609.0], [0.0, 0.0, 0.0, 0.0], [0.0, 0.0, 0.0, 0.0], [0.0, 0.0, 0.0, 0.0], [0.0, 0.0, 0.0, 0.0], [0.0, 0.0, 0.0, 0.0], [0.0, 0.0, 0.0, 0.0], [0.0, 0.0, 0.0, 0.0], [0.0, 0.0, 0.0, 0.0], [938.0, 549.0, 1035.0, 566.0], [938.0, 549.0, 1035.0, 566.0], [938.0, 549.0, 1035.0, 566.0], [938.0, 549.0, 1035.0, 566.0], [435.0, 587.0, 518.0, 619.0]], "masks": [{"size": [1080, 1920], "counts": "UPT>3cQ13N1000000O1O1O2N101N10001N100000O10000000000O2O000000O2O0000O01O1O1O1O100O100O1O1000O010000O10O01O1O10000O10O100000001O00001O001N2OO10O100O2N1O1M3L4N2N20O0O2N200O20O001O001N2N3LPSV^1"}, {"size": [1080, 1920], "counts": "UPT>3cQ13N1000000O1O1O2N101N10001N100000O10000000000O2O000000O2O0000O01O1O1O1O100O100O1O1000O010000O10O01O1O10000O10O100000001O00001O001N2OO10O100O2N1O1M3L4N2N20O0O2N200O20O001O001N2N3LPSV^1"}, {"size": [1080, 1920], "counts": "PPYo1"}, {"size": [1080, 1920], "counts": "PPYo1"}, {"size": [1080, 1920], "counts": "PPYo1"}, {"size": [1080, 1920], "counts": "PPYo1"}, {"size": [1080, 1920], "counts": "PPYo1"}, {"size": [1080, 1920], "counts": "PPYo1"}, {"size": [1080, 1920], "counts": "PPYo1"}, {"size": [1080, 1920], "counts": "PPYo1"}, {"size": [1080, 1920], "counts": "PPYo1"}, {"size": [1080, 1920], "counts": "]\\[>2dQ12O2M3N1O2O001OO10000000001N100000000001O000O100O1O001O1O1O100O1O1O10000O100O10O10O001O1O10000O10000001O00001O001O1O00000O00101N1O2O0J6M2O10O2N2O100O1000001O01N3M3LRSV^1"}, {"size": [1080, 1920], "counts": "]\\[>2dQ12O2M3N1O2O001OO10000000001N100000000001O000O100O1O001O1O1O100O1O1O10000O100O10O10O001O1O10000O10000001O00001O001O1O00000O00101N1O2O0J6M2O10O2N2O100O1000001O01N3M3LRSV^1"}, {"size": [1080, 1920], "counts": "QWX>5bQ11N3N10001N10001N1000000O1000O0100000000000000001OO1N2O1O100O10000O1O100O1O1O00100O1N200O00100O1000O100000001O0000000000O10O01O1O0100O001O1N1O1000100O2O1O00000000001N1O2N1N3M4HVnR^1"}, {"size": [1080, 1920], "counts": "\\\\[>3cQ12N3N1O101N2O000000O1000001N10000000000001N10000O001O1O1O1O1O100O100O100O10000O010N2N1100000O1000000001O00001O00001O1OO010O01O2O0O2J5N2N1O02O001O10000O101O0002M4K4MPSV^1"}, {"size": [1080, 1920], "counts": "bcbg01fQ110000O1O100O101N100O100O10000O100O1000000000000000000000000000O0100O10001O0O101O001O000010OO100O2O0O10000000000O100000001O000001O01O0000001O0001O01O01O010O01O01O00001O001O010O1O00001O0O101O0010O0001O1N101N2O1O1O2M_Zi3LceVL4O0O2O001O0O101O000O1000000O10O1000O01000000O100000000000O10000000O10O100000000000000O100000O100000000000000000000001O000000000O101O000000000O1000000000O0100000O10000000000001O00000001N101N1O2N3L`hS7NcWlH4M3L3N2N10N2M5I5N02O1^nNN\\Q12cnN0]Q1MgnN0TXae0"}, {"size": [1080, 1920], "counts": "PPYo1"}, {"size": [1080, 1920], "counts": "PPYo1"}, {"size": [1080, 1920], "counts": "PPYo1"}, {"size": [1080, 1920], "counts": "PPYo1"}, {"size": [1080, 1920], "counts": "PPYo1"}, {"size": [1080, 1920], "counts": "PPYo1"}, {"size": [1080, 1920], "counts": "PPYo1"}, {"size": [1080, 1920], "counts": "PPYo1"}, {"size": [1080, 1920], "counts": "PPYo1"}, {"size": [1080, 1920], "counts": "iQU>5bQ12N1O100O101N101O000O2O00000000000O01000000000001O00000000O1N2O1O10O0100O100O100O1O100O1O1O1N10100O10O10O11O0000001O00001O0000O10O01O010O0010O1M3N2N2O1O1O01O10000001O1O000O1O2N1N4FnoS^1"}, {"size": [1080, 1920], "counts": "iQU>5bQ12N1O100O101N101O000O2O00000000000O01000000000001O00000000O1N2O1O10O0100O100O100O1O100O1O1O1N10100O10O10O11O0000001O00001O0000O10O01O010O0010O1M3N2N2O1O1O01O10000001O1O000O1O2N1N4FnoS^1"}, {"size": [1080, 1920],