{"labels": [12, 0, 2, 3, 4, 6, 7, 8, 10, 11, 12, 12, 2, 12, 12, 12, 1, 6, 8, 2, 12, 2, 12, 2, 12, 6, 2, 12, 2, 7, 12, 12, 2, 3, 4, 7, 8, 14, 12, 12, 2, 12, 2, 7, 12, 0, 10, 12, 1, 2, 4, 10, 10, 2, 4, 7, 10, 12, 2, 19, 12, 12, 1, 3, 4, 7, 8, 10, 11, 12, 19, 21, 22, 12, 2, 12, 2, 3, 4, 7, 10, 2, 12, 2, 10, 12, 2, 12, 2, 6, 7, 8, 10, 12, 19, 1, 6, 8, 11, 8], "scores": [0.00031807509367354214, 0.0, 0.0, 0.0, 0.0, 0.0, 0.0, 0.0, 0.0, 0.0, 0.0, 0.00019974824681412429, 0.00020905463316012174, 0.0008579552522860467, 0.0002504069998394698, 0.0004477972106542438, 0.0003417521365918219, 0.006083360407501459, 0.00040169863495975733, 0.000610244576819241, 0.0003475140838418156, 0.0, 0.0, 0.0, 0.0, 0.00030804748530499637, 0.0, 0.0, 0.0, 0.00024273891176562756, 0.0003984236973337829, 0.0, 0.001182102132588625, 0.5114118456840515, 0.0016726950416341424, 0.00039881543489173055, 0.0007591952453367412, 0.00021945628395769745, 0.0009662489173933864, 0.0002711839333642274, 0.0, 0.0, 0.000416691618738696, 0.0002031869807979092, 0.00026409185375086963, 0.00030423770658671856, 0.0002548691409174353, 0.0, 0.00022248220921028405, 0.3883870244026184, 0.005605598911643028, 0.00028944973018951714, 0.00038164231227710843, 0.000866779126226902, 0.00048746311222203076, 0.00045609628432430327, 0.0002376491465838626, 0.0015339629026129842, 0.0, 0.9890962243080139, 0.0003528115921653807, 0.0, 0.0030725118704140186, 0.0011019810335710645, 0.000302601489238441, 0.0015644470695406199, 0.19914208352565765, 0.011681358329951763, 0.000776878499891609, 0.015219157561659813, 0.002481503877788782, 0.0004234437074046582, 0.0005238702287897468, 0.00031630025478079915, 0.0, 0.0, 0.017212197184562683, 0.00038423508522100747, 0.6854633092880249, 0.00035697652492672205, 0.001355526503175497, 0.0, 0.00019026384688913822, 0.0, 0.0006294924532994628, 0.001777364988811314, 0.0, 0.0, 0.0, 0.0, 0.0, 0.0, 0.0, 0.0, 0.0, 0.0010934191523119807, 0.0011300075566396117, 0.0007647938909940422, 0.0003980390902142972, 0.0], "bboxes": [[445.0, 589.0, 506.0, 612.0], [0.0, 0.0, 0.0, 0.0], [0.0, 0.0, 0.0, 0.0], [0.0, 0.0, 0.0, 0.0], [0.0, 0.0, 0.0, 0.0], [0.0, 0.0, 0.0, 0.0], [0.0, 0.0, 0.0, 0.0], [0.0, 0.0, 0.0, 0.0], [0.0, 0.0, 0.0, 0.0], [0.0, 0.0, 0.0, 0.0], [0.0, 0.0, 0.0, 0.0], [484.0, 596.0, 498.0, 606.0], [478.0, 595.0, 504.0, 610.0], [478.0, 595.0, 504.0, 610.0], [1281.0, 500.0, 1293.0, 513.0], [470.0, 589.0, 505.0, 611.0], [756.0, 513.0, 1060.0, 561.0], [756.0, 513.0, 1060.0, 561.0], [756.0, 513.0, 1060.0, 561.0], [1281.0, 500.0, 1292.0, 514.0], [1281.0, 500.0, 1292.0, 514.0], [0.0, 0.0, 0.0, 0.0], [0.0, 0.0, 0.0, 0.0], [0.0, 0.0, 0.0, 0.0], [0.0, 0.0, 0.0, 0.0], [758.0, 517.0, 1062.0, 560.0], [0.0, 0.0, 0.0, 0.0], [0.0, 0.0, 0.0, 0.0], [0.0, 0.0, 0.0, 0.0], [1282.0, 496.0, 1293.0, 511.0], [1282.0, 496.0, 1293.0, 511.0], [0.0, 0.0, 0.0, 0.0], [965.0, 492.0, 1295.0, 559.0], [965.0, 492.0, 1295.0, 559.0], [965.0, 492.0, 1295.0, 559.0], [965.0, 492.0, 1295.0, 559.0], [965.0, 492.0, 1295.0, 559.0], [965.0, 492.0, 1295.0, 559.0], [479.0, 593.0, 523.0, 609.0], [475.0, 590.0, 504.0, 610.0], [0.0, 0.0, 0.0, 0.0], [0.0, 0.0, 0.0, 0.0], [1281.0, 498.0, 1292.0, 513.0], [1281.0, 498.0, 1292.0, 513.0], [1281.0, 498.0, 1292.0, 513.0], [957.0, 545.0, 1030.0, 560.0], [452.0, 579.0, 527.0, 611.0], [0.0, 0.0, 0.0, 0.0], [1281.0, 503.0, 1292.0, 516.0], [1281.0, 503.0, 1292.0, 516.0], [1281.0, 503.0, 1292.0, 516.0], [1281.0, 503.0, 1292.0, 516.0], [465.0, 582.0, 506.0, 611.0], [1280.0, 495.0, 1295.0, 515.0], [1280.0, 495.0, 1295.0, 515.0], [1280.0, 495.0, 1295.0, 515.0], [1280.0, 495.0, 1295.0, 515.0], [1280.0, 495.0, 1295.0, 515.0], [0.0, 0.0, 0.0, 0.0], [405.0, 387.0, 1608.0, 1080.0], [409.0, 549.0, 579.0, 617.0], [0.0, 0.0, 0.0, 0.0], [402.0, 533.0, 584.0, 618.0], [402.0, 533.0, 584.0, 618.0], [402.0, 533.0, 584.0, 618.0], [402.0, 533.0, 584.0, 618.0], [402.0, 533.0, 584.0, 618.0], [402.0, 533.0, 584.0, 618.0], [402.0, 533.0, 584.0, 618.0], [402.0, 533.0, 584.0, 618.0], [402.0, 533.0, 584.0, 618.0], [402.0, 533.0, 584.0, 618.0], [402.0, 533.0, 584.0, 618.0], [480.0, 595.0, 503.0, 608.0], [0.0, 0.0, 0.0, 0.0], [0.0, 0.0, 0.0, 0.0], [1276.0, 499.0, 1295.0, 522.0], [1276.0, 499.0, 1295.0, 522.0], [1276.0, 499.0, 1295.0, 522.0], [1276.0, 499.0, 1295.0, 522.0], [1276.0, 499.0, 1295.0, 522.0], [0.0, 0.0, 0.0, 0.0], [1283.0, 504.0, 1291.0, 511.0], [0.0, 0.0, 0.0, 0.0], [472.0, 591.0, 504.0, 611.0], [472.0, 591.0, 504.0, 611.0], [0.0, 0.0, 0.0, 0.0], [0.0, 0.0, 0.0, 0.0], [0.0, 0.0, 0.0, 0.0], [0.0, 0.0, 0.0, 0.0], [0.0, 0.0, 0.0, 0.0], [0.0, 0.0, 0.0, 0.0], [0.0, 0.0, 0.0, 0.0], [0.0, 0.0, 0.0, 0.0], [0.0, 0.0, 0.0, 0.0], [961.0, 535.0, 1064.0, 560.0], [961.0, 535.0, 1064.0, 560.0], [961.0, 535.0, 1064.0, 560.0], [961.0, 535.0, 1064.0, 560.0], [0.0, 0.0, 0.0, 0.0]], "masks": [{"size": [1080, 1920], "counts": "jme>1Vc;0`^E2O000001N01O2N101N100O100O100O1O1O100O100O1O1O1O100O00100O10000O100O010O100000000000O2O4K3N1N2O2Migb^1"}, {"size": [1080, 1920], "counts": "PPYo1"}, {"size": [1080, 1920], "counts": "PPYo1"}, {"size": [1080, 1920], "counts": "PPYo1"}, {"size": [1080, 1920], "counts": "PPYo1"}, {"size": [1080, 1920], "counts": "PPYo1"}, {"size": [1080, 1920], "counts": "PPYo1"}, {"size": [1080, 1920], "counts": "PPYo1"}, {"size": [1080, 1920], "counts": "PPYo1"}, {"size": [1080, 1920], "counts": "PPYo1"}, {"size": [1080, 1920], "counts": "PPYo1"}, {"size": [1080, 1920], "counts": "iQo?4dQ11N1N101O1001N101N3N001N10gUk^1"}, {"size": [1080, 1920], "counts": "]gh?2eQ12M3M3N1000O0100O1O0010000001N1000001O001O001O1O1NXkd^1"}, {"size": [1080, 1920], "counts": "]gh?2eQ12M3M3N1000O0100O1O0010000001N1000001O001O001O1O1NXkd^1"}, {"size": [1080, 1920], "counts": "eaWZ12eQ11O2N1L5N10O00100O3L5Kaidd0"}, {"size": [1080, 1920], "counts": "]Y`?4dQ10O2N1O1O100O1O1O1O2N1O10O01O10000O01000O1O00100000000001O5J2O1O1N3N`ic^1"}, {"size": [1080, 1920], "counts": "Wkmh03cQ13O1N1O2N2O00001O0000000000000000000000000000000000000O10000000000000000001O0000001O01O0001O00001O0O10001O002M101O0000001O2NQSR6OPmmI0O2O0O1O2O00000O101OO0100O1O100O10000O100O2N100O1O01001O0O100O010O10O000001O10O10O10O1O2L3N2O10000000001O003L4LQ`Zl0"}, {"size": [1080, 1920], "counts": "Wkmh03cQ13O1N1O2N2O00001O0000000000000000000000000000000000000O10000000000000000001O0000001O01O0001O00001O0O10001O002M101O0000001O2NQSR6OPmmI0O2O0O1O2O00000O101OO0100O1O100O10000O100O2N100O1O01001O0O100O010O10O000001O10O10O10O1O2L3N2O10000000001O003L4LQ`Zl0"}, {"size": [1080, 1920], "counts": "Wkmh03cQ13O1N1O2N2O00001O0000000000000000000000000000000000000O10000000000000000001O0000001O01O0001O00001O0O10001O002M101O0000001O2NQSR6OPmmI0O2O0O1O2O00000O101OO0100O1O100O10000O100O2N100O1O01001O0O100O010O10O000001O10O10O10O1O2L3N2O10000000001O003L4LQ`Zl0"}, {"size": [1080, 1920], "counts": "eaWZ12eQ11O2L4M3N10N20O02N3L[ked0"}, {"size": [1080, 1920], "counts": "eaWZ12eQ11O2L4M3N10N20O02N3L[ked0"}, {"size": [1080, 1920], "counts": "PPYo1"}, {"size": [1080, 1920], "counts": "PPYo1"}, {"size": [1080, 1920], "counts": "PPYo1"}, {"size": [1080, 1920], "counts": "PPYo1"}, {"size": [1080, 1920], "counts": "fnoh04dQ1001O0O2O00000000010O000001O00000000001N1000000000O1O1001O00001N02O000000000O2O001O001O01O0O101O1Ol_f5LX`YJ000000000eX50[gJ1O0000O10000001O001O1O001O0O10001O0O10000O1O100O1O100O100O1O100O100O1O100O10000O100O100O010O01O0100O010O10O1O1N2O1O1O2O0O1000001O000O2M3Ng\\Xl0"}, {"size": [1080, 1920], "counts": "PPYo1"}, {"size": [1080, 1920], "counts": "PPYo1"}, {"size": [1080, 1920], "counts": "PPYo1"}, {"size": [1080, 1920], "counts": "RcXZ12fQ10cnNOSQ11lnN1SQ1OjnN4VQ170O001O002I6Ohidd0"}, {"size": [1080, 1920], "counts": "RcXZ12fQ10cnNOSQ11lnN1SQ1OjnN4VQ170O001O002I6Ohidd0"}, {"size": [1080, 1920], "counts": "PPYo1"}, {"size": [1080, 1920], "counts": "UZjo02fQ10]h>OdWA00001O00000000000O0100000000000001OnRT96klkF9H1N2O1N2O0O100000O1O1O1O2O1N3L:FRfbd0"}, {"size": [1080, 1920], "counts": "UZjo02fQ10]h>OdWA00001O00000000000O0100000000000001OnRT96klkF9H1N2O1N2O0O100000O1O1O1O2O1N3L:FRfbd0"}, {"size": [1080, 1920],