{"labels": [12, 2, 3, 4, 6, 7, 8, 10, 11, 12, 12, 2, 12, 12, 1, 3, 4, 6, 7, 8, 10, 11, 12, 2, 12, 12, 12, 6, 2, 12, 12, 7, 12, 2, 12, 2, 12, 2, 3, 4, 7, 8, 14, 12, 12, 12, 2, 12, 2, 12, 8, 1, 2, 4, 12, 2, 12, 1, 2, 19, 1, 3, 7, 8, 10, 11, 12, 19, 2, 12, 2, 6, 8, 12, 19, 1, 2, 3, 4, 7, 8, 10, 2, 12, 2, 10, 12, 2, 4, 12, 2, 7, 12, 19, 2, 1, 6, 8, 11, 12], "scores": [0.0005203817854635417, 0.0, 0.0, 0.0, 0.0, 0.0, 0.0, 0.0, 0.0, 0.0, 0.0, 0.00033485947642475367, 0.0013531105360016227, 0.0005791195435449481, 0.001882552052848041, 0.0008776267641223967, 0.0004852960992138833, 0.04264574497938156, 0.0005309773259796202, 0.005848535802215338, 0.0019279664847999811, 0.000894006050657481, 0.0005619736039079726, 0.0009101405157707632, 0.000583172426559031, 0.000448087346740067, 0.0008596187108196318, 0.00036169946542941034, 0.0, 0.0, 0.00035699483123607934, 0.00031623771064914763, 0.0017179296119138598, 0.0, 0.0, 0.00042119444697164, 0.0009052841924130917, 0.0013622469268739223, 0.44652798771858215, 0.001933437306433916, 0.0005211859242990613, 0.0006906910566613078, 0.000387082458473742, 0.0, 0.0003752094926312566, 0.0, 0.0, 0.0003742630360648036, 0.0005164092290215194, 0.0005888810846954584, 0.0005165513139218092, 0.00042094316449947655, 0.22935280203819275, 0.006707926746457815, 0.0003345897130202502, 0.0007145909476093948, 0.0016219565877690911, 0.0002853678015526384, 0.0, 0.9893839955329895, 0.0036338428035378456, 0.0008092911448329687, 0.0015887224581092596, 0.08220677822828293, 0.013426665216684341, 0.0009637673501856625, 0.014473647810518742, 0.0035818086471408606, 0.0003501076716929674, 0.0007602230762131512, 0.0004597447987180203, 0.0002665335196070373, 0.00028814893448725343, 0.0010009146062657237, 0.00038161466363817453, 0.00041707532363943756, 0.014369231648743153, 0.000527873809915036, 0.716319739818573, 0.0005208462243899703, 0.000424394995206967, 0.0017524610739201307, 0.0, 0.0, 0.0, 0.0004570401506498456, 0.0013627916341647506, 0.0, 0.0, 0.0, 0.0, 0.0, 0.0, 0.0, 0.0, 0.0009488865034654737, 0.0013630773173645139, 0.001615709625184536, 0.00048018351662904024, 0.0], "bboxes": [[437.0, 493.0, 1296.0, 603.0], [0.0, 0.0, 0.0, 0.0], [0.0, 0.0, 0.0, 0.0], [0.0, 0.0, 0.0, 0.0], [0.0, 0.0, 0.0, 0.0], [0.0, 0.0, 0.0, 0.0], [0.0, 0.0, 0.0, 0.0], [0.0, 0.0, 0.0, 0.0], [0.0, 0.0, 0.0, 0.0], [0.0, 0.0, 0.0, 0.0], [0.0, 0.0, 0.0, 0.0], [438.0, 585.0, 504.0, 606.0], [438.0, 585.0, 504.0, 606.0], [1282.0, 494.0, 1294.0, 505.0], [955.0, 550.0, 1026.0, 563.0], [955.0, 550.0, 1026.0, 563.0], [955.0, 550.0, 1026.0, 563.0], [955.0, 550.0, 1026.0, 563.0], [955.0, 550.0, 1026.0, 563.0], [955.0, 550.0, 1026.0, 563.0], [955.0, 550.0, 1026.0, 563.0], [955.0, 550.0, 1026.0, 563.0], [955.0, 550.0, 1026.0, 563.0], [1280.0, 494.0, 1295.0, 511.0], [1280.0, 494.0, 1295.0, 511.0], [1281.0, 494.0, 1292.0, 503.0], [1285.0, 498.0, 1288.0, 499.0], [966.0, 552.0, 1016.0, 559.0], [0.0, 0.0, 0.0, 0.0], [0.0, 0.0, 0.0, 0.0], [1279.0, 492.0, 1296.0, 509.0], [1281.0, 493.0, 1295.0, 505.0], [1281.0, 493.0, 1295.0, 505.0], [0.0, 0.0, 0.0, 0.0], [0.0, 0.0, 0.0, 0.0], [422.0, 570.0, 528.0, 613.0], [422.0, 570.0, 528.0, 613.0], [993.0, 489.0, 1300.0, 555.0], [993.0, 489.0, 1300.0, 555.0], [993.0, 489.0, 1300.0, 555.0], [993.0, 489.0, 1300.0, 555.0], [993.0, 489.0, 1300.0, 555.0], [993.0, 489.0, 1300.0, 555.0], [0.0, 0.0, 0.0, 0.0], [445.0, 491.0, 1301.0, 602.0], [0.0, 0.0, 0.0, 0.0], [0.0, 0.0, 0.0, 0.0], [1284.0, 497.0, 1291.0, 504.0], [1278.0, 492.0, 1296.0, 511.0], [1278.0, 492.0, 1296.0, 511.0], [957.0, 550.0, 1015.0, 559.0], [1278.0, 497.0, 1294.0, 515.0], [1278.0, 497.0, 1294.0, 515.0], [1278.0, 497.0, 1294.0, 515.0], [1279.0, 492.0, 1296.0, 509.0], [1279.0, 493.0, 1297.0, 511.0], [1279.0, 493.0, 1297.0, 511.0], [1263.0, 498.0, 1319.0, 517.0], [0.0, 0.0, 0.0, 0.0], [404.0, 388.0, 1608.0, 1080.0], [401.0, 546.0, 541.0, 618.0], [401.0, 546.0, 541.0, 618.0], [401.0, 546.0, 541.0, 618.0], [401.0, 546.0, 541.0, 618.0], [401.0, 546.0, 541.0, 618.0], [401.0, 546.0, 541.0, 618.0], [401.0, 546.0, 541.0, 618.0], [401.0, 546.0, 541.0, 618.0], [1284.0, 498.0, 1289.0, 502.0], [1284.0, 498.0, 1289.0, 502.0], [493.0, 590.0, 498.0, 598.0], [493.0, 590.0, 498.0, 598.0], [493.0, 590.0, 498.0, 598.0], [493.0, 590.0, 498.0, 598.0], [493.0, 590.0, 498.0, 598.0], [1272.0, 494.0, 1297.0, 520.0], [1272.0, 494.0, 1297.0, 520.0], [1272.0, 494.0, 1297.0, 520.0], [1272.0, 494.0, 1297.0, 520.0], [1272.0, 494.0, 1297.0, 520.0], [1272.0, 494.0, 1297.0, 520.0], [1272.0, 494.0, 1297.0, 520.0], [0.0, 0.0, 0.0, 0.0], [0.0, 0.0, 0.0, 0.0], [0.0, 0.0, 0.0, 0.0], [444.0, 586.0, 503.0, 606.0], [444.0, 586.0, 503.0, 606.0], [0.0, 0.0, 0.0, 0.0], [0.0, 0.0, 0.0, 0.0], [0.0, 0.0, 0.0, 0.0], [0.0, 0.0, 0.0, 0.0], [0.0, 0.0, 0.0, 0.0], [0.0, 0.0, 0.0, 0.0], [0.0, 0.0, 0.0, 0.0], [0.0, 0.0, 0.0, 0.0], [953.0, 550.0, 1028.0, 561.0], [953.0, 550.0, 1028.0, 561.0], [953.0, 550.0, 1028.0, 561.0], [953.0, 550.0, 1028.0, 561.0], [0.0, 0.0, 0.0, 0.0]], "masks": [{"size": [1080, 1920], "counts": "\\_]>3cQ1200O1O1O10001O0000000000000010O01O01N1L4O101O0Ocob05WP]O2O1O1O2O0O001O1O00100O1O10O01O0010O2O1N3L3Gg`ei02__ZVO2N1O1N2OOO2O1000O101O1N3Kbdad0"}, {"size": [1080, 1920], "counts": "PPYo1"}, {"size": [1080, 1920], "counts": "PPYo1"}, {"size": [1080, 1920], "counts": "PPYo1"}, {"size": [1080, 1920], "counts": "PPYo1"}, {"size": [1080, 1920], "counts": "PPYo1"}, {"size": [1080, 1920], "counts": "PPYo1"}, {"size": [1080, 1920], "counts": "PPYo1"}, {"size": [1080, 1920], "counts": "PPYo1"}, {"size": [1080, 1920], "counts": "PPYo1"}, {"size": [1080, 1920], "counts": "PPYo1"}, {"size": [1080, 1920], "counts": "Ua^>2fQ100001N2M3N101O0000O100001O1O1O1O000001O0000001O1N4L2N2O0000`Z61_eI1N2O0O1N2O1O1O100O1O10O01O00100O10O0100O010O02O1N3N2M3Lakd^1"}, {"size": [1080, 1920], "counts": "Ua^>2fQ100001N2M3N101O0000O100001O1O1O1O000001O0000001O1N4L2N2O0000`Z61_eI1N2O0O1N2O1O1O100O1O10O01O00100O10O0100O010O02O1N3N2M3Lakd^1"}, {"size": [1080, 1920], "counts": "RcXZ12eQ14M1O1O000O001O11N2O1Oogcd0"}, {"size": [1080, 1920], "counts": "fh_o04dQ11N10000000000O10000O1000000O1000O10O10000000000000000000000O10000000000O1000000000O0100000000000O100000001O00000O100000O01O10000O10002N1N10W[^m0"}, {"size": [1080, 1920], "counts": "fh_o04dQ11N10000000000O10000O1000000O1000O10O10000000000000000000000O10000000000O1000000000O0100000000000O100000001O00000O100000O01O10000O10002N1N10W[^m0"}, {"size": [1080, 1920], "counts": "fh_o04dQ11N10000000000O10000O1000000O1000O10O10000000000000000000000O10000000000O1000000000O0100000000000O100000001O00000O100000O01O10000O10002N1N10W[^m0"}, {"size": [1080, 1920], "counts": "fh_o04dQ11N10000000000O10000O1000000O1000O10O10000000000000000000000O10000000000O1000000000O0100000000000O100000001O00000O100000O01O10000O10002N1N10W[^m0"}, {"size": [1080, 1920], "counts": "fh_o04dQ11N10000000000O10000O1000000O1000O10O10000000000000000000000O10000000000O1000000000O0100000000000O100000001O00000O100000O01O10000O10002N1N10W[^m0"}, {"size": [1080, 1920], "counts": "fh_o04dQ11N10000000000O10000O1000000O1000O10O10000000000000000000000O10000000000O1000000000O0100000000000O100000001O00000O100000O01O10000O10002N1N10W[^m0"}, {"size": [1080, 1920], "counts": "fh_o04dQ11N10000000000O10000O1000000O1000O10O10000000000000000000000O10000000000O1000000000O0100000000000O100000001O00000O100000O01O10000O10002N1N10W[^m0"}, {"size": [1080, 1920], "counts": "fh_o04dQ11N10000000000O10000O1000000O1000O10O10000000000000000000000O10000000000O1000000000O0100000000000O100000001O00000O100000O01O10000O10002N1N10W[^m0"}, {"size": [1080, 1920], "counts": "fh_o04dQ11N10000000000O10000O1000000O1000O10O10000000000000000000000O10000000000O1000000000O0100000000000O100000001O00000O100000O01O10000O10002N1N10W[^m0"}, {"size": [1080, 1920], "counts": "c_VZ16`Q16L1O0O2O000OO2O00100O2N3M5JUfbd0"}, {"size": [1080, 1920], "counts": "c_VZ16`Q16L1O0O2O000OO2O00100O2N3M5JUfbd0"}, {"size": [1080, 1920], "counts": "ZaWZ11fQ12O1O1O0O2OO00010O1Ocked0"}, {"size": [1080, 1920],