{"labels": [12, 10, 2, 3, 4, 6, 7, 8, 10, 11, 12, 2, 12, 10, 12, 1, 6, 8, 2, 10, 12, 12, 2, 1, 6, 2, 2, 2, 12, 7, 12, 7, 3, 7, 7, 12, 12, 2, 2, 0, 10, 2, 3, 4, 12, 19, 2, 3, 4, 6, 7, 10, 12, 1, 2, 7, 19, 12, 10, 12, 10, 1, 4, 7, 8, 10, 2, 7, 12, 1, 2, 3, 4, 6, 7, 8, 10, 14, 2, 2, 2, 10, 12, 2, 12, 10, 2, 4, 6, 7, 8, 10, 12, 19, 2, 1, 6, 8, 11, 2], "scores": [0.00026980118127539754, 0.00023141152632888407, 0.0, 0.0, 0.0, 0.0, 0.0, 0.0, 0.0, 0.0, 0.0, 0.0, 0.0, 0.00017497841326985508, 0.00022685842122882605, 0.0006643904489465058, 0.005234683398157358, 0.0003190804272890091, 0.0, 0.0, 0.0, 0.0, 0.0, 0.0001533481408841908, 0.0001480907667428255, 0.0, 0.0, 0.0, 0.00017807827680371702, 0.00019190470629837364, 0.00017793517326936126, 0.0, 0.0, 0.0, 0.0002457088266965002, 0.0, 0.0001494591124355793, 0.0, 0.0, 0.0003652102022897452, 0.00022822737810201943, 0.0, 0.0, 0.0, 0.0, 0.0, 0.00025674753123894334, 0.00036281277425587177, 0.00015173348947428167, 0.00015678981435485184, 0.00041219606646336615, 0.00024820378166623414, 0.0005101546412333846, 0.0001594906352693215, 0.0, 0.0, 0.9903137683868408, 0.0, 0.00023872035671956837, 0.0001853964786278084, 0.000235352898016572, 0.0010835222201421857, 0.00024449144257232547, 0.000820720219053328, 0.6841459274291992, 0.0014140732819214463, 0.0, 0.0, 0.0, 0.0003669412690214813, 0.01785883866250515, 0.0006914653931744397, 0.23487414419651031, 0.00013458184548653662, 0.0003457972197793424, 0.00020502941333688796, 0.0013668042374774814, 0.00014276034198701382, 0.0, 0.0, 0.0, 0.0003007319464813918, 0.0005284048384055495, 0.0, 0.0, 0.00018791660841088742, 0.0, 0.0, 0.0, 0.0, 0.0, 0.0, 0.0, 0.0, 0.0, 0.0008926921873353422, 0.00038332364056259394, 0.00021899992134422064, 0.0002639798622112721, 0.0], "bboxes": [[416.0, 574.0, 510.0, 608.0], [405.0, 497.0, 1316.0, 608.0], [0.0, 0.0, 0.0, 0.0], [0.0, 0.0, 0.0, 0.0], [0.0, 0.0, 0.0, 0.0], [0.0, 0.0, 0.0, 0.0], [0.0, 0.0, 0.0, 0.0], [0.0, 0.0, 0.0, 0.0], [0.0, 0.0, 0.0, 0.0], [0.0, 0.0, 0.0, 0.0], [0.0, 0.0, 0.0, 0.0], [0.0, 0.0, 0.0, 0.0], [0.0, 0.0, 0.0, 0.0], [433.0, 578.0, 527.0, 603.0], [433.0, 578.0, 527.0, 603.0], [750.0, 516.0, 1025.0, 562.0], [750.0, 516.0, 1025.0, 562.0], [750.0, 516.0, 1025.0, 562.0], [0.0, 0.0, 0.0, 0.0], [0.0, 0.0, 0.0, 0.0], [0.0, 0.0, 0.0, 0.0], [0.0, 0.0, 0.0, 0.0], [0.0, 0.0, 0.0, 0.0], [735.0, 516.0, 1034.0, 559.0], [735.0, 516.0, 1034.0, 559.0], [0.0, 0.0, 0.0, 0.0], [0.0, 0.0, 0.0, 0.0], [0.0, 0.0, 0.0, 0.0], [485.0, 585.0, 504.0, 599.0], [486.0, 584.0, 504.0, 598.0], [486.0, 584.0, 504.0, 598.0], [0.0, 0.0, 0.0, 0.0], [0.0, 0.0, 0.0, 0.0], [0.0, 0.0, 0.0, 0.0], [950.0, 498.0, 1296.0, 560.0], [0.0, 0.0, 0.0, 0.0], [486.0, 586.0, 504.0, 599.0], [0.0, 0.0, 0.0, 0.0], [0.0, 0.0, 0.0, 0.0], [954.0, 547.0, 1026.0, 559.0], [405.0, 489.0, 1327.0, 603.0], [0.0, 0.0, 0.0, 0.0], [0.0, 0.0, 0.0, 0.0], [0.0, 0.0, 0.0, 0.0], [0.0, 0.0, 0.0, 0.0], [0.0, 0.0, 0.0, 0.0], [486.0, 582.0, 504.0, 597.0], [486.0, 582.0, 504.0, 597.0], [486.0, 582.0, 504.0, 597.0], [486.0, 582.0, 504.0, 597.0], [486.0, 582.0, 504.0, 597.0], [486.0, 582.0, 504.0, 597.0], [486.0, 582.0, 504.0, 597.0], [1233.0, 485.0, 1335.0, 519.0], [0.0, 0.0, 0.0, 0.0], [0.0, 0.0, 0.0, 0.0], [404.0, 385.0, 1608.0, 1080.0], [0.0, 0.0, 0.0, 0.0], [403.0, 562.0, 532.0, 611.0], [403.0, 562.0, 532.0, 611.0], [403.0, 546.0, 591.0, 609.0], [459.0, 502.0, 835.0, 592.0], [459.0, 502.0, 835.0, 592.0], [459.0, 502.0, 835.0, 592.0], [459.0, 502.0, 835.0, 592.0], [459.0, 502.0, 835.0, 592.0], [0.0, 0.0, 0.0, 0.0], [0.0, 0.0, 0.0, 0.0], [0.0, 0.0, 0.0, 0.0], [1153.0, 504.0, 1290.0, 532.0], [1153.0, 504.0, 1290.0, 532.0], [1153.0, 504.0, 1290.0, 532.0], [1153.0, 504.0, 1290.0, 532.0], [1153.0, 504.0, 1290.0, 532.0], [1153.0, 504.0, 1290.0, 532.0], [1153.0, 504.0, 1290.0, 532.0], [1153.0, 504.0, 1290.0, 532.0], [1153.0, 504.0, 1290.0, 532.0], [0.0, 0.0, 0.0, 0.0], [0.0, 0.0, 0.0, 0.0], [0.0, 0.0, 0.0, 0.0], [482.0, 583.0, 506.0, 601.0], [482.0, 583.0, 506.0, 601.0], [0.0, 0.0, 0.0, 0.0], [0.0, 0.0, 0.0, 0.0], [406.0, 497.0, 1315.0, 605.0], [0.0, 0.0, 0.0, 0.0], [0.0, 0.0, 0.0, 0.0], [0.0, 0.0, 0.0, 0.0], [0.0, 0.0, 0.0, 0.0], [0.0, 0.0, 0.0, 0.0], [0.0, 0.0, 0.0, 0.0], [0.0, 0.0, 0.0, 0.0], [0.0, 0.0, 0.0, 0.0], [0.0, 0.0, 0.0, 0.0], [948.0, 548.0, 1035.0, 560.0], [948.0, 548.0, 1035.0, 560.0], [948.0, 548.0, 1035.0, 560.0], [948.0, 548.0, 1035.0, 560.0], [0.0, 0.0, 0.0, 0.0]], "masks": [{"size": [1080, 1920], "counts": "aZg=2dQ14L7JO02K5M4N2O1N3N1O00001O0O10001OO0100000O20O00000000O2O00000O3M2O00001O1O001O1O0000001O0O10001O0000000000100O001O00O100001O001OO2O0O2O000O100O1O10O01000O10O10000000O1000001N2O1N2O2N8Fn`^^1"}, {"size": [1080, 1920], "counts": "af[=:]Q11mnNKcP16ZoNMeP13ZoNNfP13WoN0hP1`002N3M1N2O001O0O10001O000O2O00000O101O00000000000001N10001O0010O00O010000001N100000000000000000000000O1000O10000000000000010O00000000O101O0000000001O00000000001O001O1O1N101O001O001O1O0000000O10O1000000O010O01O10O01O0O2M3O1O1O100000O1O10000O1O0000000001O000O2O1O1O1O2N2M4M3M3LSa:M^bG3alM001O001O000000001O1O1O1N1000001O00O101N100N3LVW4NohK0oegf02oYXYO1O0001O000ON2O101O2N100000O2N2O1N2OhX50WgJ100000000000OO20N2O_alc0"}, {"size": [1080, 1920], "counts": "PPYo1"}, {"size": [1080, 1920], "counts": "PPYo1"}, {"size": [1080, 1920], "counts": "PPYo1"}, {"size": [1080, 1920], "counts": "PPYo1"}, {"size": [1080, 1920], "counts": "PPYo1"}, {"size": [1080, 1920], "counts": "PPYo1"}, {"size": [1080, 1920], "counts": "PPYo1"}, {"size": [1080, 1920], "counts": "PPYo1"}, {"size": [1080, 1920], "counts": "PPYo1"}, {"size": [1080, 1920], "counts": "PPYo1"}, {"size": [1080, 1920], "counts": "PPYo1"}, {"size": [1080, 1920], "counts": "PXY>5bQ17I2N102N001N101O000O10000001O000000001O00001O000000000O1000O100001O001O0001N2N2O0O100O100000^ORoN:nP1EToN:UQ10O101N100O1O1O001O1O100O1000O011O000000001N100O100O1M3J6N3L`h>N[k]]1"}, {"size": [1080, 1920], "counts": "PXY>5bQ17I2N102N001N101O000O10000001O000000001O00001O000000000O1000O100001O001O0001N2N2O0O100O100000^ORoN:nP1EToN:UQ10O101N100O1O1O001O1O100O1000O011O000000001N100O100O1M3J6N3L`h>N[k]]1"}, {"size": [1080, 1920], "counts": "f`gh01gQ13M001O00000000000O1000001O0O101O0010O0000001O1O002MQW4MSiK1N1O101N2O1O001O000000000000010O00000O0100010O00O1000001O001O1N3Njnh4OVQWK10000O2O0O1000001N10000O1000001O0000O100000O100000000000000O10O100000000000O1000000000O10000000000000001O00000O1000000O101O0O2NP]_m0"}, {"size": [1080, 1920], "counts": "f`gh01gQ13M001O00000000000O1000001O0O101O0010O0000001O1O002MQW4MSiK1N1O101N2O1O001O000000000000010O00000O0100010O00O1000001O001O1N3Njnh4OVQWK10000O2O0O1000001N10000O1000001O0000O100000O100000000000000O10O100000000000O1000000000O10000000000000001O00000O1000000O101O0O2NP]_m0"}, {"size": [1080, 1920], "counts": "f`gh01gQ13M001O00000000000O1000001O0O101O0010O0000001O1O002MQW4MSiK1N1O101N2O1O001O000000000000010O00000O0100010O00O1000001O001O1N3Njnh4OVQWK10000O2O0O1000001N10000O1000001O0000O100000O100000000000000O10O100000000000O1000000000O10000000000000001O00000O1000000O101O0O2NP]_m0"}, {"size": [1080, 1920], "counts": "PPYo1"}, {"size": [1080, 1920], "counts": "PPYo1"}, {"size": [1080, 1920], "counts": "PPYo1"}, {"size": [1080, 1920], "counts": "PPYo1"}, {"size": [1080, 1920], "counts": "PPYo1"}, {"size": [1080, 1920], "counts": "_fWh03eQ10O2O000O0100000000000O10001O0000000001O00001O000000000000001O001O001Ol[W6OUdhI00001N1O1O01000000000000000O1000000000000000000000O1000O10000O100O10000000000000000O10000000000000000001O0O11O00000O100000O10000O2O000001O02M2O00WmUm0"}, {"size": [1080, 1920], "counts": "_fWh03eQ10O2O000O0100000000000O10001O0000000001O00001O000000000000001O001O001Ol[W6OUdhI00001N1O1O01000000000000000O1000000000000000000000O1000O10000O100O10000000000000000O10000000000000000001O0O11O00000O100000O10000O2O000001O02M2O00WmUm0"}, {"size": [1080, 1920], "counts": "PPYo1"}, {"size": [1080, 1920], "counts": "PPYo1"}, {"size": [1080, 1920], "counts": "PPYo1"}, {"size": [1080, 1920], "counts": "ZSP`01fQ13N1N101O00O010O1O01L310O1000O100O3Mfkd^1"}, {"size": [1080, 1920],