{"labels": [12, 7, 10, 12, 2, 3, 4, 6, 7, 8, 10, 11, 10, 1, 2, 3, 4, 6, 7, 10, 11, 12, 19, 10, 10, 10, 2, 2, 3, 2, 1, 3, 7, 7, 12, 7, 10, 10, 2, 4, 7, 10, 12, 3, 4, 7, 7, 10, 12, 10, 10, 0, 10, 10, 2, 3, 4, 10, 19, 3, 7, 10, 12, 10, 10, 2, 10, 19, 10, 12, 1, 8, 10, 12, 19, 2, 2, 3, 4, 7, 10, 2, 2, 10, 12, 2, 4, 10, 2, 4, 7, 10, 12, 19, 10, 1, 6, 11, 12, 19], "scores": [0.00014804434613324702, 0.00011992032523266971, 0.0002874433994293213, 0.0001378665619995445, 0.0, 0.0, 0.0, 0.0, 0.0, 0.0, 0.0, 0.0, 0.00010332842794014141, 0.0, 0.0, 0.0, 0.0, 0.0, 0.0, 0.0, 0.0, 0.0, 0.0, 0.00011296987941022962, 0.00015529149095527828, 9.465373295824975e-05, 0.0, 0.0, 0.0, 0.0, 0.0, 0.0, 0.0, 0.0001441724452888593, 0.00010156574717257172, 0.0, 0.00014562849537469447, 0.00016676686936989427, 0.00017148943152278662, 0.00013540247164200991, 9.909790242090821e-05, 0.00017582860891707242, 0.00021200232731644064, 0.0, 0.0, 0.0, 0.000334287469740957, 0.00022866537619847804, 0.0001115764316637069, 0.00011132567306049168, 0.00010766884224722162, 0.0, 0.00012684047396760434, 0.00017845543334260583, 0.0, 0.0, 0.0, 0.0, 0.0, 0.00015182253264356405, 0.00020379244233481586, 0.00017964598373509943, 0.00014400696090888232, 0.00011439510126365349, 0.00010673633369151503, 0.0, 0.0, 0.989418625831604, 0.00012751981557812542, 0.0001270842330995947, 0.0005183989997021854, 0.0009871560614556074, 0.0011184642789885402, 0.00033774966141209006, 0.00012113196862628683, 0.0, 0.0, 0.0, 0.0, 0.0, 0.0, 0.0, 0.0, 0.0001541409728815779, 0.00011317413009237498, 0.00022692562197335064, 0.00010115901386598125, 0.00017548298637848347, 0.0, 0.0, 0.0, 0.0, 0.0, 0.0, 0.0001167870286735706, 0.0, 0.0, 0.0, 0.0, 8.666231587994844e-05], "bboxes": [[478.0, 550.0, 539.0, 573.0], [479.0, 557.0, 504.0, 575.0], [479.0, 557.0, 504.0, 575.0], [479.0, 557.0, 504.0, 575.0], [0.0, 0.0, 0.0, 0.0], [0.0, 0.0, 0.0, 0.0], [0.0, 0.0, 0.0, 0.0], [0.0, 0.0, 0.0, 0.0], [0.0, 0.0, 0.0, 0.0], [0.0, 0.0, 0.0, 0.0], [0.0, 0.0, 0.0, 0.0], [0.0, 0.0, 0.0, 0.0], [488.0, 541.0, 1039.0, 569.0], [0.0, 0.0, 0.0, 0.0], [0.0, 0.0, 0.0, 0.0], [0.0, 0.0, 0.0, 0.0], [0.0, 0.0, 0.0, 0.0], [0.0, 0.0, 0.0, 0.0], [0.0, 0.0, 0.0, 0.0], [0.0, 0.0, 0.0, 0.0], [0.0, 0.0, 0.0, 0.0], [0.0, 0.0, 0.0, 0.0], [0.0, 0.0, 0.0, 0.0], [482.0, 557.0, 523.0, 571.0], [493.0, 549.0, 538.0, 565.0], [485.0, 558.0, 502.0, 571.0], [0.0, 0.0, 0.0, 0.0], [0.0, 0.0, 0.0, 0.0], [0.0, 0.0, 0.0, 0.0], [0.0, 0.0, 0.0, 0.0], [0.0, 0.0, 0.0, 0.0], [0.0, 0.0, 0.0, 0.0], [0.0, 0.0, 0.0, 0.0], [490.0, 551.0, 534.0, 567.0], [490.0, 551.0, 534.0, 567.0], [0.0, 0.0, 0.0, 0.0], [478.0, 553.0, 539.0, 574.0], [489.0, 556.0, 507.0, 569.0], [488.0, 552.0, 531.0, 570.0], [488.0, 552.0, 531.0, 570.0], [488.0, 552.0, 531.0, 570.0], [488.0, 552.0, 531.0, 570.0], [488.0, 552.0, 531.0, 570.0], [0.0, 0.0, 0.0, 0.0], [0.0, 0.0, 0.0, 0.0], [0.0, 0.0, 0.0, 0.0], [950.0, 538.0, 1043.0, 548.0], [481.0, 549.0, 540.0, 570.0], [481.0, 549.0, 540.0, 570.0], [487.0, 553.0, 535.0, 571.0], [948.0, 540.0, 1044.0, 549.0], [0.0, 0.0, 0.0, 0.0], [478.0, 552.0, 536.0, 574.0], [520.0, 557.0, 536.0, 568.0], [0.0, 0.0, 0.0, 0.0], [0.0, 0.0, 0.0, 0.0], [0.0, 0.0, 0.0, 0.0], [0.0, 0.0, 0.0, 0.0], [0.0, 0.0, 0.0, 0.0], [488.0, 549.0, 536.0, 568.0], [488.0, 549.0, 536.0, 568.0], [488.0, 549.0, 536.0, 568.0], [488.0, 549.0, 536.0, 568.0], [488.0, 493.0, 1316.0, 568.0], [513.0, 553.0, 516.0, 555.0], [0.0, 0.0, 0.0, 0.0], [0.0, 0.0, 0.0, 0.0], [401.0, 389.0, 1608.0, 1080.0], [479.0, 536.0, 574.0, 572.0], [479.0, 536.0, 574.0, 572.0], [406.0, 551.0, 540.0, 581.0], [406.0, 551.0, 540.0, 581.0], [406.0, 551.0, 540.0, 581.0], [406.0, 551.0, 540.0, 581.0], [406.0, 551.0, 540.0, 581.0], [0.0, 0.0, 0.0, 0.0], [0.0, 0.0, 0.0, 0.0], [0.0, 0.0, 0.0, 0.0], [0.0, 0.0, 0.0, 0.0], [0.0, 0.0, 0.0, 0.0], [0.0, 0.0, 0.0, 0.0], [0.0, 0.0, 0.0, 0.0], [0.0, 0.0, 0.0, 0.0], [487.0, 552.0, 533.0, 572.0], [487.0, 552.0, 533.0, 572.0], [513.0, 553.0, 525.0, 561.0], [513.0, 553.0, 525.0, 561.0], [478.0, 551.0, 542.0, 574.0], [0.0, 0.0, 0.0, 0.0], [0.0, 0.0, 0.0, 0.0], [0.0, 0.0, 0.0, 0.0], [0.0, 0.0, 0.0, 0.0], [0.0, 0.0, 0.0, 0.0], [0.0, 0.0, 0.0, 0.0], [929.0, 538.0, 1047.0, 551.0], [0.0, 0.0, 0.0, 0.0], [0.0, 0.0, 0.0, 0.0], [0.0, 0.0, 0.0, 0.0], [0.0, 0.0, 0.0, 0.0], [513.0, 553.0, 525.0, 561.0]], "masks": [{"size": [1080, 1920], "counts": "Zfh?1fQ12N2N1O100O1O001O2O0O1O1N2O1O1O100O10O100000O1000O100N2O1O1N101O1O01000000O2O000010000O0000000000000000O1O2O000O1O1K5O1O`o_]1"}, {"size": [1080, 1920], "counts": "Rhi?4dQ10O1O10000O1O1O100O2O0O1N2O1N20000O10O2O1N2O1N5K\\ld^1"}, {"size": [1080, 1920], "counts": "Rhi?4dQ10O1O10000O1O1O100O2O0O1N2O1N20000O10O2O1N2O1N5K\\ld^1"}, {"size": [1080, 1920], "counts": "Rhi?4dQ10O1O10000O1O1O100O2O0O1N2O1N20000O10O2O1N2O1N5K\\ld^1"}, {"size": [1080, 1920], "counts": "PPYo1"}, {"size": [1080, 1920], "counts": "PPYo1"}, {"size": [1080, 1920], "counts": "PPYo1"}, {"size": [1080, 1920], "counts": "PPYo1"}, {"size": [1080, 1920], "counts": "PPYo1"}, {"size": [1080, 1920], "counts": "PPYo1"}, {"size": [1080, 1920], "counts": "PPYo1"}, {"size": [1080, 1920], "counts": "PPYo1"}, {"size": [1080, 1920], "counts": "eWS`03eQ11N1N2M3N20O01000O1001O001OO1N2N2O0000001O0101O001N2O000O2O10000O010N100000000000O100O2N100O100O1K500O1OZa:Og^E1O2OO2Ne^T>0\\akA0000000`h>1_WA00000PW40PiK00000000000000001O00O10001OO1000001O00000001O01O1O0jdPm0"}, {"size": [1080, 1920], "counts": "PPYo1"}, {"size": [1080, 1920], "counts": "PPYo1"}, {"size": [1080, 1920], "counts": "PPYo1"}, {"size": [1080, 1920], "counts": "PPYo1"}, {"size": [1080, 1920], "counts": "PPYo1"}, {"size": [1080, 1920], "counts": "PPYo1"}, {"size": [1080, 1920], "counts": "PPYo1"}, {"size": [1080, 1920], "counts": "PPYo1"}, {"size": [1080, 1920], "counts": "PPYo1"}, {"size": [1080, 1920], "counts": "PPYo1"}, {"size": [1080, 1920], "counts": "Yml?2fQ100000N2N200O100O1N2N2O1O1000O1000001O2N1Hdob0Onk]]1"}, {"size": [1080, 1920], "counts": "U`X`05bQ12O0O100O100000000O10O100O01O0001001O0O100000001O0010000O0001O01O00O1000000O2O00000J6O1OXQa]1"}, {"size": [1080, 1920], "counts": "aRP`01gQ11M2N200O100N2N2O100O0100O6K3N2Mgof^1"}, {"size": [1080, 1920], "counts": "PPYo1"}, {"size": [1080, 1920], "counts": "PPYo1"}, {"size": [1080, 1920], "counts": "PPYo1"}, {"size": [1080, 1920], "counts": "PPYo1"}, {"size": [1080, 1920], "counts": "PPYo1"}, {"size": [1080, 1920], "counts": "PPYo1"}, {"size": [1080, 1920], "counts": "PPYo1"}, {"size": [1080, 1920], "counts": "V[U`01fQ11J6N2O10O10O1000000000O1O1O2N1O00000O2000O2O000O100000100O100O1O00001O00O100000001N10VXe]1"}, {"size": [1080, 1920], "counts": "V[U`01fQ11J6N2O10O10O1000000000O1O1O2N1O00000O2000O2O000O100000100O100O1O00001O00O100000001N10VXe]1"}, {"size": [1080, 1920], "counts": "PPYo1"}, {"size": [1080, 1920], "counts": "Zfh?4cQ1100O1O1O100O1O010O100O1O1N2N3O0O10O1000000O10001N1N2M3M4K`S20dlM1N10001O0000002N3N1N1O1O000O10000000O1O10001N100IfnNO[Q107000^o_]1"}, {"size": [1080, 1920], "counts": "]YT`03eQ10N3L3M300O01000000O10000O2M2O1N2N]ga^1"}, {"size": [1080, 1920], "counts": "eWS`04dQ11N1N2M3N200O10O10O10001O00O1N3M2N2O1NhQ1M]nN1N10001O000O1000011N100O1O00001O00O100O1Lb]h]1"}, {"size": [1080, 1920], "counts": "eWS`04dQ11N1N2M3N200O10O10O10001O00O1N3M2N2O1NhQ1M]nN1N10001O000O1000011N100O1O00001O00O100O1Lb]h]1"}, {"size": [1080, 1920], "counts": "eWS`04dQ11N1N2M3N200O10O10O10001O00O1N3M2N2O1NhQ1M]nN1N10001O000O1000011N100O1O00001O00O100O1Lb]h]1"}, {"size": [1080, 1920], "counts": "eWS`04dQ11N1N2M3N200O10O10O10001O00O1N3M2N2O1NhQ1M]nN1N10001O000O1000011N100O1O00001O00O100O1Lb]h]1"}, {"size": [1080, 1920], "counts": "eWS`04dQ11N1N2M3N200O10O10O10001O00O1N3M2N2O1NhQ1M]nN1N10001O000O1000011N100O1O00001O00O100O1Lb]h]1"}, {"size": [1080, 1920], "counts": "PPYo1"}, {"size": [1080, 1920], "counts": "PPYo1"}, {"size": [1080, 1920], "counts": "PPYo1"}, {"size": [1080, 1920],