{"labels": [10, 2, 3, 4, 6, 7, 8, 10, 11, 12, 1, 2, 3, 4, 6, 7, 10, 11, 12, 19, 10, 10, 12, 2, 2, 3, 7, 2, 12, 7, 12, 7, 2, 4, 7, 8, 10, 12, 2, 3, 4, 7, 8, 10, 12, 7, 12, 10, 10, 10, 2, 3, 4, 10, 19, 2, 3, 6, 7, 10, 12, 2, 10, 19, 10, 1, 4, 7, 8, 10, 12, 19, 2, 7, 12, 1, 2, 3, 4, 6, 7, 10, 10, 2, 10, 12, 2, 19, 10, 2, 4, 7, 8, 10, 12, 19, 2, 1, 6, 12], "scores": [0.000127183084259741, 0.0, 0.0, 0.0, 0.0, 0.0, 0.0, 0.0, 0.0, 0.000104206454125233, 0.0, 0.0, 0.0, 0.0, 0.0, 0.0, 0.0, 0.0, 0.0, 0.0, 0.00010764052422018722, 0.00015376384544651955, 0.0001105257251765579, 0.0, 0.0, 0.0, 0.0, 0.0, 9.147478704107925e-05, 0.00016873258573468775, 0.0001680048881098628, 0.000106151717773173, 0.0002958830154966563, 0.00012524169869720936, 0.0001574308262206614, 0.00013750231300946325, 0.00028419974842108786, 0.00025088837719522417, 0.00016327094635926187, 0.5088562965393066, 0.0003252715978305787, 0.0007154785562306643, 0.0005044160061515868, 0.00032940221717581153, 0.00012654258171096444, 0.00018009604536928236, 0.0001528111461084336, 0.00020715739810839295, 0.00011077500676037744, 0.00011972165521001443, 0.0, 0.0, 0.0, 0.0, 0.0, 0.00011092537897638977, 0.00020350971317384392, 0.00011179687135154381, 0.00022305321181192994, 0.0001852578279795125, 0.00022761366562917829, 0.0, 0.0, 0.9889824390411377, 0.0002506435848772526, 0.0006909194053150713, 0.0002498926769476384, 0.0003647925332188606, 0.006215161643922329, 0.0016506386455148458, 0.0006479906151071191, 0.00022422226902563125, 0.0, 0.0, 0.0, 0.0, 0.0, 0.0, 0.0, 0.0, 0.0, 0.0, 0.00036406968138180673, 0.0, 0.0001416993181919679, 0.00017960314289666712, 0.000261187698924914, 0.0001057766712619923, 0.0006892514647915959, 0.0, 0.0, 0.0, 0.0, 0.0, 0.0, 0.0, 0.0, 0.0003629481652751565, 0.00011443205585237592, 9.686121484264731e-05], "bboxes": [[487.0, 562.0, 502.0, 577.0], [0.0, 0.0, 0.0, 0.0], [0.0, 0.0, 0.0, 0.0], [0.0, 0.0, 0.0, 0.0], [0.0, 0.0, 0.0, 0.0], [0.0, 0.0, 0.0, 0.0], [0.0, 0.0, 0.0, 0.0], [0.0, 0.0, 0.0, 0.0], [0.0, 0.0, 0.0, 0.0], [489.0, 547.0, 539.0, 574.0], [0.0, 0.0, 0.0, 0.0], [0.0, 0.0, 0.0, 0.0], [0.0, 0.0, 0.0, 0.0], [0.0, 0.0, 0.0, 0.0], [0.0, 0.0, 0.0, 0.0], [0.0, 0.0, 0.0, 0.0], [0.0, 0.0, 0.0, 0.0], [0.0, 0.0, 0.0, 0.0], [0.0, 0.0, 0.0, 0.0], [0.0, 0.0, 0.0, 0.0], [490.0, 492.0, 1318.0, 572.0], [504.0, 548.0, 534.0, 561.0], [504.0, 548.0, 534.0, 561.0], [0.0, 0.0, 0.0, 0.0], [0.0, 0.0, 0.0, 0.0], [0.0, 0.0, 0.0, 0.0], [0.0, 0.0, 0.0, 0.0], [0.0, 0.0, 0.0, 0.0], [528.0, 550.0, 531.0, 552.0], [489.0, 548.0, 538.0, 573.0], [489.0, 548.0, 538.0, 573.0], [529.0, 550.0, 530.0, 551.0], [487.0, 548.0, 539.0, 575.0], [487.0, 548.0, 539.0, 575.0], [487.0, 548.0, 539.0, 575.0], [487.0, 548.0, 539.0, 575.0], [487.0, 548.0, 539.0, 575.0], [487.0, 548.0, 539.0, 575.0], [493.0, 542.0, 537.0, 566.0], [493.0, 542.0, 537.0, 566.0], [493.0, 542.0, 537.0, 566.0], [493.0, 542.0, 537.0, 566.0], [493.0, 542.0, 537.0, 566.0], [493.0, 542.0, 537.0, 566.0], [493.0, 542.0, 537.0, 566.0], [939.0, 536.0, 1045.0, 550.0], [490.0, 548.0, 538.0, 574.0], [987.0, 540.0, 1041.0, 545.0], [529.0, 550.0, 531.0, 551.0], [488.0, 492.0, 1317.0, 572.0], [0.0, 0.0, 0.0, 0.0], [0.0, 0.0, 0.0, 0.0], [0.0, 0.0, 0.0, 0.0], [0.0, 0.0, 0.0, 0.0], [0.0, 0.0, 0.0, 0.0], [492.0, 547.0, 538.0, 571.0], [492.0, 547.0, 538.0, 571.0], [492.0, 547.0, 538.0, 571.0], [492.0, 547.0, 538.0, 571.0], [492.0, 547.0, 538.0, 571.0], [492.0, 547.0, 538.0, 571.0], [0.0, 0.0, 0.0, 0.0], [0.0, 0.0, 0.0, 0.0], [402.0, 388.0, 1608.0, 1080.0], [437.0, 494.0, 1315.0, 583.0], [456.0, 548.0, 539.0, 577.0], [456.0, 548.0, 539.0, 577.0], [456.0, 548.0, 539.0, 577.0], [456.0, 548.0, 539.0, 577.0], [456.0, 548.0, 539.0, 577.0], [456.0, 548.0, 539.0, 577.0], [456.0, 548.0, 539.0, 577.0], [0.0, 0.0, 0.0, 0.0], [0.0, 0.0, 0.0, 0.0], [0.0, 0.0, 0.0, 0.0], [0.0, 0.0, 0.0, 0.0], [0.0, 0.0, 0.0, 0.0], [0.0, 0.0, 0.0, 0.0], [0.0, 0.0, 0.0, 0.0], [0.0, 0.0, 0.0, 0.0], [0.0, 0.0, 0.0, 0.0], [0.0, 0.0, 0.0, 0.0], [486.0, 548.0, 542.0, 576.0], [0.0, 0.0, 0.0, 0.0], [489.0, 549.0, 534.0, 574.0], [489.0, 549.0, 534.0, 574.0], [504.0, 549.0, 532.0, 563.0], [504.0, 549.0, 532.0, 563.0], [483.0, 547.0, 542.0, 577.0], [0.0, 0.0, 0.0, 0.0], [0.0, 0.0, 0.0, 0.0], [0.0, 0.0, 0.0, 0.0], [0.0, 0.0, 0.0, 0.0], [0.0, 0.0, 0.0, 0.0], [0.0, 0.0, 0.0, 0.0], [0.0, 0.0, 0.0, 0.0], [0.0, 0.0, 0.0, 0.0], [794.0, 502.0, 1048.0, 550.0], [794.0, 502.0, 1048.0, 550.0], [504.0, 549.0, 532.0, 563.0]], "masks": [{"size": [1080, 1920], "counts": "SVR`05aQ12O2O000O10000O0O1O11O1N2O1JTPg^1"}, {"size": [1080, 1920], "counts": "PPYo1"}, {"size": [1080, 1920], "counts": "PPYo1"}, {"size": [1080, 1920], "counts": "PPYo1"}, {"size": [1080, 1920], "counts": "PPYo1"}, {"size": [1080, 1920], "counts": "PPYo1"}, {"size": [1080, 1920], "counts": "PPYo1"}, {"size": [1080, 1920], "counts": "PPYo1"}, {"size": [1080, 1920], "counts": "PPYo1"}, {"size": [1080, 1920], "counts": "aYT`04cQ12O0O1M3M3O00000010O1O00100O010O1O1O1N3M2O01O1O10O01O1O1O100000000O101O001O1O1N10010O010OO2N2M3N2Lbo_]1"}, {"size": [1080, 1920], "counts": "PPYo1"}, {"size": [1080, 1920], "counts": "PPYo1"}, {"size": [1080, 1920], "counts": "PPYo1"}, {"size": [1080, 1920], "counts": "PPYo1"}, {"size": [1080, 1920], "counts": "PPYo1"}, {"size": [1080, 1920], "counts": "PPYo1"}, {"size": [1080, 1920], "counts": "PPYo1"}, {"size": [1080, 1920], "counts": "PPYo1"}, {"size": [1080, 1920], "counts": "PPYo1"}, {"size": [1080, 1920], "counts": "PPYo1"}, {"size": [1080, 1920], "counts": "Y[U`02eQ12N1KNdnN2[Q15000O11O01O2N100O10O10O101KWj?1iU@3O2O1O1O1O1O000010O001N2N2N2Ljb_h00Y]`WO1N1N2O100O1O1O10O10O01O100O100O010N2000O1000000O010O10O1000O01O101N1OT^jc0"}, {"size": [1080, 1920], "counts": "^Sd`01eQ14NO2NeX50[gJ1O2N1O1000000O1000O1000000001O10O0O2O3LXXe]1"}, {"size": [1080, 1920], "counts": "^Sd`01eQ14NO2NeX50[gJ1O2N1O1000000O1000O1000000001O10O0O2O3LXXe]1"}, {"size": [1080, 1920], "counts": "PPYo1"}, {"size": [1080, 1920], "counts": "PPYo1"}, {"size": [1080, 1920], "counts": "PPYo1"}, {"size": [1080, 1920], "counts": "PPYo1"}, {"size": [1080, 1920], "counts": "PPYo1"}, {"size": [1080, 1920], "counts": "V]]a01gQ11OOc]h]1"}, {"size": [1080, 1920], "counts": "aYT`03dQ12N1N2L4O1O000001O010O00100O10000O1N2O1N2O0100O010O1O0010000O1000000O2O00001O1O001O01O010N2M3M3MYQa]1"}, {"size": [1080, 1920], "counts": "aYT`03dQ12N1N2L4O1O000001O010O00100O10000O1N2O1N2O0100O010O1O0010000O1000000O2O00001O1O001O01O010N2M3M3MYQa]1"}, {"size": [1080, 1920], "counts": "n^^a01Qaj]1"}, {"size": [1080, 1920], "counts": "PVR`05bQ12N2N1M3O1O1O1O0000010O01O010O100O100O1N2N2O1O001O10O10O01O10000O1000001N101O1O00001O0000010OO2N2N2N2Mao_]1"}, {"size": [1080, 1920], "counts": "PVR`05bQ12N2N1M3O1O1O1O0000010O01O010O100O100O1N2N2O1O001O10O10O01O10000O1000001N101O1O00001O0000010OO2N2N2N2Mao_]1"}, {"size": [1080, 1920], "counts": "PVR`05bQ12N2N1M3O1O1O1O0000010O01O010O100O100O1N2N2O1O001O10O10O01O10000O1000001N101O1O00001O0000010OO2N2N2N2Mao_]1"}, {"size": [1080, 1920], "counts": "PVR`05bQ12N2N1M3O1O1O1O0000010O01O010O100O100O1N2N2O1O001O10O10O01O10000O1000001N101O1O00001O0000010OO2N2N2N2Mao_]1"}, {"size": [1080, 1920], "counts": "PVR`05bQ12N2N1M3O1O1O1O0000010O01O010O100O100O1N2N2O1O001O10O10O01O10000O1000001N101O1O00001O0000010OO2N2N2N2Mao_]1"}, {"size": [1080, 1920], "counts": "PVR`05bQ12N2N1M3O1O1O1O0000010O01O010O100O100O1N2N2O1O001O10O10O01O10000O1000001N101O1O00001O0000010OO2N2N2N2Mao_]1"}, {"size": [1080, 1920], "counts": "Q`X`09^Q13M2O0O2N1O1O1000O100O100O000000100O100O10O010O010000O10000000001O000001OO101N1O2N1O2LYSb]1"}, {"size": [1080, 1920], "counts": "Q`X`09^Q13M2O0O2N1O1O1000O100O100O000000100O100O10O010O010000O10000000001O000001OO101N1O2N1O2LYSb]1"}, {"size": [1080, 1920], "counts": "Q`X`09^Q13M2O0O2N1O1O1000O100O100O000000100O100O10O010O010000O10000000001O000001OO101N1O2N1O2LYSb]1"}, {"size": [1080, 1920], "counts": "Q`X`09^Q13M2O0O2N1O1O1000O100O100O000000100O100O10O010O010000O10000000001O000001OO101N1O2N1O2LYSb]1"}, {"size": [1080, 1920],