{"labels": [12, 10, 12, 2, 3, 4, 6, 7, 8, 10, 11, 10, 12, 10, 1, 2, 3, 6, 7, 10, 11, 12, 19, 8, 10, 10, 2, 7, 2, 10, 10, 7, 10, 12, 7, 10, 2, 4, 7, 8, 10, 12, 3, 4, 7, 10, 7, 10, 12, 10, 7, 10, 0, 10, 2, 3, 4, 10, 19, 3, 7, 10, 12, 10, 2, 10, 19, 7, 10, 10, 12, 1, 4, 7, 8, 10, 12, 2, 10, 12, 2, 3, 4, 7, 10, 2, 10, 12, 2, 19, 2, 4, 7, 8, 10, 12, 19, 1, 11, 10], "scores": [0.00011240907770115882, 0.0, 0.0, 0.0, 0.0, 0.0, 0.0, 0.0, 0.0, 0.0, 0.0, 0.0002135205577360466, 0.00014827708946540952, 0.00011091092164861038, 0.0, 0.0, 0.0, 0.0, 0.0, 0.0, 0.0, 0.0, 0.0, 9.150124969892204e-05, 0.0001085596886696294, 0.0001482603111071512, 0.0, 0.0, 0.0, 0.0, 9.06514105736278e-05, 0.0001293292734771967, 9.26870561670512e-05, 9.894566028378904e-05, 0.0, 0.0, 0.0001809180830605328, 0.00010271337669109926, 0.000119841679406818, 0.00010270818893332034, 0.00027031192439608276, 0.00021361431572586298, 0.0, 0.0, 0.0, 0.0, 0.0001610664330655709, 0.0001911790168378502, 9.702337410999462e-05, 9.87756357062608e-05, 0.0, 0.0, 0.0, 8.887620060704648e-05, 0.0, 0.0, 0.0, 0.0, 0.0, 0.00016548998246435076, 0.00016618696099612862, 0.00019060188787989318, 0.00015516410348936915, 9.427740587852895e-05, 0.0, 0.0, 0.990013599395752, 9.3658352852799e-05, 0.00014591241779271513, 0.00016097621119115502, 0.0001483417727285996, 0.0009193991427309811, 0.00021612702403217554, 0.0002804329851642251, 0.0029299920424818993, 0.0017643575556576252, 0.0003755928482860327, 0.0, 0.0, 0.0, 0.0, 0.0, 0.0, 0.0, 0.0, 0.0, 0.00014541293785441667, 8.666068606544286e-05, 0.00017879596271086484, 9.300626697950065e-05, 0.0, 0.0, 0.0, 0.0, 0.0, 0.0, 0.0, 9.753816266311333e-05, 0.0002323446678929031, 0.0], "bboxes": [[494.0, 548.0, 542.0, 567.0], [0.0, 0.0, 0.0, 0.0], [0.0, 0.0, 0.0, 0.0], [0.0, 0.0, 0.0, 0.0], [0.0, 0.0, 0.0, 0.0], [0.0, 0.0, 0.0, 0.0], [0.0, 0.0, 0.0, 0.0], [0.0, 0.0, 0.0, 0.0], [0.0, 0.0, 0.0, 0.0], [0.0, 0.0, 0.0, 0.0], [0.0, 0.0, 0.0, 0.0], [493.0, 545.0, 553.0, 569.0], [493.0, 545.0, 553.0, 569.0], [788.0, 497.0, 1293.0, 549.0], [0.0, 0.0, 0.0, 0.0], [0.0, 0.0, 0.0, 0.0], [0.0, 0.0, 0.0, 0.0], [0.0, 0.0, 0.0, 0.0], [0.0, 0.0, 0.0, 0.0], [0.0, 0.0, 0.0, 0.0], [0.0, 0.0, 0.0, 0.0], [0.0, 0.0, 0.0, 0.0], [0.0, 0.0, 0.0, 0.0], [891.0, 528.0, 1039.0, 547.0], [527.0, 549.0, 543.0, 560.0], [519.0, 549.0, 534.0, 553.0], [0.0, 0.0, 0.0, 0.0], [0.0, 0.0, 0.0, 0.0], [0.0, 0.0, 0.0, 0.0], [0.0, 0.0, 0.0, 0.0], [499.0, 545.0, 554.0, 565.0], [502.0, 549.0, 536.0, 561.0], [502.0, 549.0, 536.0, 561.0], [502.0, 549.0, 536.0, 561.0], [0.0, 0.0, 0.0, 0.0], [0.0, 0.0, 0.0, 0.0], [502.0, 548.0, 540.0, 562.0], [502.0, 548.0, 540.0, 562.0], [502.0, 548.0, 540.0, 562.0], [502.0, 548.0, 540.0, 562.0], [502.0, 548.0, 540.0, 562.0], [502.0, 548.0, 540.0, 562.0], [0.0, 0.0, 0.0, 0.0], [0.0, 0.0, 0.0, 0.0], [0.0, 0.0, 0.0, 0.0], [0.0, 0.0, 0.0, 0.0], [795.0, 485.0, 1327.0, 547.0], [501.0, 546.0, 551.0, 562.0], [501.0, 546.0, 551.0, 562.0], [808.0, 504.0, 907.0, 535.0], [0.0, 0.0, 0.0, 0.0], [0.0, 0.0, 0.0, 0.0], [0.0, 0.0, 0.0, 0.0], [503.0, 548.0, 536.0, 560.0], [0.0, 0.0, 0.0, 0.0], [0.0, 0.0, 0.0, 0.0], [0.0, 0.0, 0.0, 0.0], [0.0, 0.0, 0.0, 0.0], [0.0, 0.0, 0.0, 0.0], [501.0, 548.0, 537.0, 562.0], [501.0, 548.0, 537.0, 562.0], [501.0, 548.0, 537.0, 562.0], [501.0, 548.0, 537.0, 562.0], [969.0, 496.0, 1296.0, 544.0], [0.0, 0.0, 0.0, 0.0], [0.0, 0.0, 0.0, 0.0], [402.0, 389.0, 1608.0, 1080.0], [1284.0, 496.0, 1293.0, 499.0], [430.0, 548.0, 556.0, 583.0], [491.0, 538.0, 571.0, 571.0], [491.0, 538.0, 571.0, 571.0], [502.0, 548.0, 542.0, 563.0], [502.0, 548.0, 542.0, 563.0], [502.0, 548.0, 542.0, 563.0], [502.0, 548.0, 542.0, 563.0], [502.0, 548.0, 542.0, 563.0], [502.0, 548.0, 542.0, 563.0], [0.0, 0.0, 0.0, 0.0], [0.0, 0.0, 0.0, 0.0], [0.0, 0.0, 0.0, 0.0], [0.0, 0.0, 0.0, 0.0], [0.0, 0.0, 0.0, 0.0], [0.0, 0.0, 0.0, 0.0], [0.0, 0.0, 0.0, 0.0], [0.0, 0.0, 0.0, 0.0], [0.0, 0.0, 0.0, 0.0], [528.0, 549.0, 534.0, 554.0], [528.0, 549.0, 534.0, 554.0], [521.0, 550.0, 523.0, 551.0], [521.0, 550.0, 523.0, 551.0], [0.0, 0.0, 0.0, 0.0], [0.0, 0.0, 0.0, 0.0], [0.0, 0.0, 0.0, 0.0], [0.0, 0.0, 0.0, 0.0], [0.0, 0.0, 0.0, 0.0], [0.0, 0.0, 0.0, 0.0], [0.0, 0.0, 0.0, 0.0], [957.0, 537.0, 1016.0, 546.0], [957.0, 537.0, 1016.0, 546.0], [0.0, 0.0, 0.0, 0.0]], "masks": [{"size": [1080, 1920], "counts": "VbY`01ZZ60YgJ5O0O2O0O10O1O1N2O2OO10O010OUU3OljL2O1O00001O001O0O2O1O001O00001O00O2O001N1N3N3MXj\\]1"}, {"size": [1080, 1920], "counts": "PPYo1"}, {"size": [1080, 1920], "counts": "PPYo1"}, {"size": [1080, 1920], "counts": "PPYo1"}, {"size": [1080, 1920], "counts": "PPYo1"}, {"size": [1080, 1920], "counts": "PPYo1"}, {"size": [1080, 1920], "counts": "PPYo1"}, {"size": [1080, 1920], "counts": "PPYo1"}, {"size": [1080, 1920], "counts": "PPYo1"}, {"size": [1080, 1920], "counts": "PPYo1"}, {"size": [1080, 1920], "counts": "PPYo1"}, {"size": [1080, 1920], "counts": "]`X`03dQ120M_S2OblM3M2O2N100O1O10O1O1O1N20O010O1O1O100O01000O0100000000001N2O00001O00001O00O1000000O2M2O1O2N1N_S21alM10000001NWWQ]1"}, {"size": [1080, 1920], "counts": "]`X`03dQ120M_S2OblM3M2O2N100O1O10O1O1O1N20O010O1O1O100O01000O0100000000001N2O00001O00001O00O1000000O2M2O1O2N1N_S21alM10000001NWWQ]1"}, {"size": [1080, 1920], "counts": "jboi01fQ11000000000001O001N2O0000001O000O2O001O001O00001N10001O00001O000001O001O001O100O2N2N001O1O1O101N001O[U30djL1O2O000001O1N]j?0cU@2N2N101N2O0000000O2O00001N1000001O001N101O0000000010O00010O00001O00100O1O1O1O1O1O100O1O1O100O010O1O001O00100O010O0001O00010O100O0001O001O0001O001OO100000O10000001O0000000000O10000O100000O010O10000O10O10000000O010000000O100000001O0O1000N2000000000001O00000001O001O000000001N100000PW40PiK001O000000O10Pe<1oZC0000001O00001O00010O01O01O01O001OPoj7OQQUH1O000000O10gidd0"}, {"size": [1080, 1920], "counts": "PPYo1"}, {"size": [1080, 1920], "counts": "PPYo1"}, {"size": [1080, 1920], "counts": "PPYo1"}, {"size": [1080, 1920], "counts": "PPYo1"}, {"size": [1080, 1920], "counts": "PPYo1"}, {"size": [1080, 1920], "counts": "PPYo1"}, {"size": [1080, 1920], "counts": "PPYo1"}, {"size": [1080, 1920], "counts": "PPYo1"}, {"size": [1080, 1920], "counts": "PPYo1"}, {"size": [1080, 1920], "counts": "iW\\m01gQ11N1010N2Oo``10Q__N1O000000000000000000000O100001NN0300000000000O1000000000OYQd00gn[O1001OPVZ11oieN000kdPm0"}, {"size": [1080, 1920], "counts": "^[\\a05bQ12O2N001O001O00O2O00001M2O1O3M`h[]1"}, {"size": [1080, 1920], "counts": "^mSa01fQ12O001O00O2O00O2O0000000001N[Xe]1"}, {"size": [1080, 1920], "counts": "PPYo1"}, {"size": [1080, 1920], "counts": "PPYo1"}, {"size": [1080, 1920], "counts": "PPYo1"}, {"size": [1080, 1920], "counts": "PPYo1"}, {"size": [1080, 1920], "counts": "ij^`02bQ14O2O0O1O101N01O1O1O1O10O1N110O10000O010O1000O1000000001O001O00001O000001N101O1M2N4McX50]gJ2O1O000001N_UP]1"}, {"size": [1080, 1920], "counts": "noa`01fQ12O001N02Njd<OW[C2O01O000O11N3N001O00001O10O3JjTc]1"}, {"size": [1080, 1920], "counts": "noa`01fQ12O001N02Njd<OW[C2O01O000O11N3N001O00001O10O3JjTc]1"}, {"size": [1080, 1920], "counts": "noa`01fQ12O001N02Njd<OW[C2O01O000O11N3N001O00001O10O3JjTc]1"}, {"size": [1080, 1920], "counts": "PPYo1"}, {"size": [1080, 1920], "counts": "PPYo1"}, {"size": [1080, 1920], "counts": "noa`02eQ12O1O0O11M2ORc;Oo\\D2O1O1O001O001O1N2O001O000001O001N3L3Mim^]1"}, {"size": [1080, 1920], "counts": "noa`02eQ12O1O0O11M2ORc;Oo\\D2O1O1O001O001O1N2O001O000001O001N3L3Mim^]1"}, {"size": [1080, 1920], "counts": "noa`02eQ12O1O0O11M2ORc;Oo\\D2O1O1O001O001O1N2O001O000001O001N3L3Mim^]1"}, {"size": [1080, 1920], "counts": "noa`02eQ12O1O0O11M2ORc;Oo\\D2O1O1O001O001O1N2O001O000001O001N3L3Mim^]1"}, {"size": [1080, 1920], "counts": "noa`02eQ12O1O0O11M2ORc;Oo\\D2O1O1O001O001O1N2O001O000001O001N3L3Mim^]1"}, {"size": [1080, 1920], "counts": "noa`02eQ12O1O0O11M2ORc;Oo\\D2O1O1O001O001O1N2O001O000001O001N3L3Mim^]1"}, {"size": [1080, 1920], "counts": "PPYo1"}, {"size": [1080, 1920], "counts": "PPYo1"}, {"size": [1080, 1920], "counts": "PPYo1"}, {"size": [1080, 1920], "counts": "PPYo1"}, {"size": [1080, 1920],