{"labels": [12, 10, 12, 10, 2, 3, 4, 6, 7, 8, 10, 11, 12, 10, 12, 1, 4, 6, 8, 10, 10, 12, 12, 10, 12, 2, 7, 10, 12, 7, 2, 7, 8, 10, 12, 2, 3, 4, 7, 8, 10, 7, 12, 10, 12, 10, 12, 7, 10, 2, 3, 4, 10, 19, 3, 6, 7, 10, 12, 2, 7, 10, 19, 4, 10, 12, 1, 4, 6, 7, 8, 10, 12, 19, 12, 2, 3, 4, 7, 8, 10, 10, 2, 12, 2, 12, 19, 10, 12, 2, 4, 6, 7, 8, 10, 12, 19, 10, 1, 12], "scores": [0.00021406327141448855, 0.00026763355708681047, 0.00039455213118344545, 0.00015009722847025841, 0.0, 0.0, 0.0, 0.0, 0.0, 0.0, 0.0, 0.0, 0.0, 0.00018717320926953107, 0.0001711936347419396, 0.000976362731307745, 0.00015547830844298005, 0.002264714101329446, 0.00022001330216880888, 0.00044405690277926624, 0.0007272818475030363, 0.0001433098950656131, 0.0001222807914018631, 0.0, 0.00012174520088592544, 0.0, 0.0, 0.0, 0.0, 0.0, 0.00023270257224794477, 0.00014023733092471957, 0.00012416190293151885, 0.000209677018574439, 0.00039237693999893963, 0.00012871049693785608, 0.48832041025161743, 0.0002291538694407791, 0.0003605042875278741, 0.00028932737768627703, 0.000212058424949646, 0.00014390458818525076, 0.0005548232002183795, 0.0002810219011735171, 0.00026696608983911574, 0.00017329619731754065, 0.00014273538545239717, 0.0, 0.00014403215027414262, 0.010577046312391758, 0.00042483239667490125, 0.00023811888240743428, 0.00014443295367527753, 0.0001707537448965013, 0.00021725309488829225, 0.00015493355749640614, 0.00030218949541449547, 0.00022300679120235145, 0.0003573247231543064, 0.0, 0.0, 0.0, 0.9899338483810425, 0.00017949051107279956, 0.0007697475957684219, 0.00027856588712893426, 0.000978008727543056, 0.0003142038476653397, 0.00012790141045115888, 0.000562489905860275, 0.007434817962348461, 0.0028868902008980513, 0.0015336120268329978, 0.00026307854568585753, 0.0, 0.003411515848711133, 0.0006070437375456095, 0.014695254154503345, 0.00024101507733576, 0.000292621465632692, 0.0006815448286943138, 0.0003241678059566766, 0.0, 0.0, 0.0, 0.0, 0.0, 0.0006954185082577169, 0.0001406866795150563, 0.0, 0.0, 0.0, 0.0, 0.0, 0.0, 0.0, 0.0, 0.00020426370610948652, 0.0003394797386135906, 0.0001127156792790629], "bboxes": [[499.0, 546.0, 544.0, 564.0], [499.0, 549.0, 543.0, 566.0], [499.0, 549.0, 543.0, 566.0], [417.0, 541.0, 571.0, 582.0], [0.0, 0.0, 0.0, 0.0], [0.0, 0.0, 0.0, 0.0], [0.0, 0.0, 0.0, 0.0], [0.0, 0.0, 0.0, 0.0], [0.0, 0.0, 0.0, 0.0], [0.0, 0.0, 0.0, 0.0], [0.0, 0.0, 0.0, 0.0], [0.0, 0.0, 0.0, 0.0], [0.0, 0.0, 0.0, 0.0], [501.0, 546.0, 545.0, 564.0], [501.0, 546.0, 545.0, 564.0], [817.0, 508.0, 1055.0, 547.0], [817.0, 508.0, 1055.0, 547.0], [817.0, 508.0, 1055.0, 547.0], [817.0, 508.0, 1055.0, 547.0], [817.0, 508.0, 1055.0, 547.0], [502.0, 546.0, 545.0, 564.0], [502.0, 546.0, 545.0, 564.0], [506.0, 560.0, 511.0, 563.0], [0.0, 0.0, 0.0, 0.0], [508.0, 547.0, 540.0, 561.0], [0.0, 0.0, 0.0, 0.0], [0.0, 0.0, 0.0, 0.0], [0.0, 0.0, 0.0, 0.0], [0.0, 0.0, 0.0, 0.0], [0.0, 0.0, 0.0, 0.0], [506.0, 548.0, 541.0, 563.0], [506.0, 548.0, 541.0, 563.0], [506.0, 548.0, 541.0, 563.0], [506.0, 548.0, 541.0, 563.0], [506.0, 548.0, 541.0, 563.0], [522.0, 544.0, 531.0, 551.0], [522.0, 544.0, 531.0, 551.0], [522.0, 544.0, 531.0, 551.0], [522.0, 544.0, 531.0, 551.0], [522.0, 544.0, 531.0, 551.0], [522.0, 544.0, 531.0, 551.0], [942.0, 487.0, 1319.0, 547.0], [499.0, 545.0, 546.0, 566.0], [497.0, 542.0, 558.0, 566.0], [497.0, 542.0, 558.0, 566.0], [501.0, 545.0, 546.0, 564.0], [501.0, 545.0, 546.0, 564.0], [0.0, 0.0, 0.0, 0.0], [498.0, 544.0, 547.0, 565.0], [695.0, 508.0, 706.0, 512.0], [695.0, 508.0, 706.0, 512.0], [695.0, 508.0, 706.0, 512.0], [695.0, 508.0, 706.0, 512.0], [695.0, 508.0, 706.0, 512.0], [503.0, 545.0, 542.0, 563.0], [503.0, 545.0, 542.0, 563.0], [503.0, 545.0, 542.0, 563.0], [503.0, 545.0, 542.0, 563.0], [503.0, 545.0, 542.0, 563.0], [0.0, 0.0, 0.0, 0.0], [0.0, 0.0, 0.0, 0.0], [0.0, 0.0, 0.0, 0.0], [401.0, 385.0, 1609.0, 1080.0], [495.0, 542.0, 559.0, 568.0], [495.0, 542.0, 559.0, 568.0], [495.0, 542.0, 559.0, 568.0], [422.0, 545.0, 547.0, 571.0], [422.0, 545.0, 547.0, 571.0], [422.0, 545.0, 547.0, 571.0], [422.0, 545.0, 547.0, 571.0], [422.0, 545.0, 547.0, 571.0], [422.0, 545.0, 547.0, 571.0], [422.0, 545.0, 547.0, 571.0], [422.0, 545.0, 547.0, 571.0], [0.0, 0.0, 0.0, 0.0], [698.0, 509.0, 977.0, 543.0], [698.0, 509.0, 977.0, 543.0], [698.0, 509.0, 977.0, 543.0], [698.0, 509.0, 977.0, 543.0], [698.0, 509.0, 977.0, 543.0], [698.0, 509.0, 977.0, 543.0], [500.0, 546.0, 545.0, 565.0], [0.0, 0.0, 0.0, 0.0], [0.0, 0.0, 0.0, 0.0], [0.0, 0.0, 0.0, 0.0], [0.0, 0.0, 0.0, 0.0], [0.0, 0.0, 0.0, 0.0], [497.0, 545.0, 548.0, 567.0], [497.0, 545.0, 548.0, 567.0], [0.0, 0.0, 0.0, 0.0], [0.0, 0.0, 0.0, 0.0], [0.0, 0.0, 0.0, 0.0], [0.0, 0.0, 0.0, 0.0], [0.0, 0.0, 0.0, 0.0], [0.0, 0.0, 0.0, 0.0], [0.0, 0.0, 0.0, 0.0], [0.0, 0.0, 0.0, 0.0], [498.0, 545.0, 546.0, 566.0], [941.0, 536.0, 1061.0, 546.0], [505.0, 550.0, 539.0, 564.0]], "masks": [{"size": [1080, 1920], "counts": "jj^`01fQ1101N1O1N2O100O1O100O1000O1O1N2N3LRW40QiK0M030O100O2O00000O1O1000010O010O0000O101N2NkfZ]1"}, {"size": [1080, 1920], "counts": "jj^`01gQ11N2O1O0O1O1O10000O100000O2O1MXob0NlP]O001O002N000000O2Mdh[]1"}, {"size": [1080, 1920], "counts": "jj^`01gQ11N2O1O0O1O1O10000O100000O2O1MXob0NlP]O001O002N000000O2Mdh[]1"}, {"size": [1080, 1920], "counts": "j[h=4cQ110NN1O4O200OIfnN1YQ1NhnN2YQ1MgnN3_Q1O2N]ob00dP]O1O0000O10Tj?0hU@6N001O1O1O000O0100001O10O01N100000000O1O100O10000O1O1O100O010O100O1O100O010O100O010O10O0100000000O2OO10O100OO20OH9O100000000O010001O1O10O01O0O101O01O000O1O1N2N2O1O001O000010O2O00O1O2N2N1O1O001N2O0100001OjW^\\1"}, {"size": [1080, 1920], "counts": "PPYo1"}, {"size": [1080, 1920], "counts": "PPYo1"}, {"size": [1080, 1920], "counts": "PPYo1"}, {"size": [1080, 1920], "counts": "PPYo1"}, {"size": [1080, 1920], "counts": "PPYo1"}, {"size": [1080, 1920], "counts": "PPYo1"}, {"size": [1080, 1920], "counts": "PPYo1"}, {"size": [1080, 1920], "counts": "PPYo1"}, {"size": [1080, 1920], "counts": "PPYo1"}, {"size": [1080, 1920], "counts": "Yn``02fQ10N3N1O1O1O1O100O10O100O1O2MQW4MSiK1N2O01O0002O00000O10000000001O010O000000O2N2N1OTeY]1"}, {"size": [1080, 1920], "counts": "Yn``02fQ10N3N1O1O1O1O100O10O100O1O2MQW4MSiK1N2O01O0002O00000O10000000001O010O000000O2N2N1OTeY]1"}, {"size": [1080, 1920], "counts": "eUnj02fQ1001N3N10O00000O2OgTY1M\\kfN1O00001O01O02N01O1O000001N100010O0001O00000000001O0O2O01O01O010O010O001O01O0000010O010O00010O01O0001O00001O10O01O0010O01O00001O000O10001N10XU30hjL001O2N1O000000O1O0100000000000000O10000O2OO01O10O1000O100000000000O100000000O100000O1000O100000000O10000000000000001O000000001N10000000000000000000eRX1O\\mgN0jh_l0"}, {"size": [1080, 1920], "counts": "eUnj02fQ1001N3N10O00000O2OgTY1M\\kfN1O00001O01O02N01O1O000001N100010O0001O00000000001O0O2O01O01O010O010O001O01O0000010O010O00010O01O0001O00001O10O01O0010O01O00001O000O10001N10XU30hjL001O2N1O000000O1O0100000000000000O10000O2OO01O10O1000O100000000000O100000000O100000O1000O100000000O10000000000000001O000000001N10000000000000000000eRX1O\\mgN0jh_l0"}, {"size": [1080, 1920], "counts": "eUnj02fQ1001N3N10O00000O2OgTY1M\\kfN1O00001O01O02N01O1O000001N100010O0001O00000000001O0O2O01O01O010O010O001O01O0000010O010O00010O01O0001O00001O10O01O0010O01O00001O000O10001N10XU30hjL001O2N1O000000O1O0100000000000000O10000O2OO01O10O1000O100000000000O100000000O100000O1000O100000000O10000000000000001O000000001N10000000000000000000eRX1O\\mgN0jh_l0"}, {"size": [1080, 1920], "counts": "eUnj02fQ1001N3N10O00000O2OgTY1M\\kfN1O00001O01O02N01O1O000001N100010O0001O00000000001O0O2O01O01O010O010O001O01O0000010O010O00010O01O0001O00001O10O01O0010O01O00001O000O10001N10XU30hjL001O2N1O000000O1O0100000000000000O10000O2OO01O10O1000O100000000000O100000000O100000O1000O100000000O10000000000000001O000000001N10000000000000000000eRX1O\\mgN0jh_l0"}, {"size": [1080, 1920],