{"labels": [10, 10, 12, 2, 3, 4, 6, 7, 8, 10, 11, 12, 10, 12, 10, 0, 1, 2, 3, 4, 6, 7, 8, 10, 11, 12, 19, 10, 10, 12, 12, 2, 1, 6, 10, 2, 12, 7, 10, 10, 2, 10, 12, 3, 4, 7, 7, 12, 10, 12, 7, 0, 12, 10, 2, 3, 4, 10, 19, 3, 7, 10, 12, 2, 10, 19, 7, 4, 10, 12, 1, 7, 8, 10, 11, 12, 19, 12, 1, 2, 3, 4, 6, 7, 8, 10, 10, 2, 10, 2, 10, 2, 7, 10, 12, 19, 10, 1, 6, 8], "scores": [0.00030912659713067114, 0.0, 0.0, 0.0, 0.0, 0.0, 0.0, 0.0, 0.0, 0.0, 0.0, 0.00015352018817793578, 0.00014301735791377723, 0.00015926115156617016, 0.00010958676284644753, 0.0, 0.0, 0.0, 0.0, 0.0, 0.0, 0.0, 0.0, 0.0, 0.0, 0.0, 0.0, 0.00013725960161536932, 0.00010123449465027079, 9.283856343245134e-05, 0.0, 0.0, 0.00034574803430587053, 0.00012396470992825925, 0.00010946254042210057, 0.0, 0.0, 0.0, 0.00012680655345320702, 0.0, 0.0, 0.0, 0.0, 0.0, 0.0, 0.0, 0.000238360560615547, 0.00019359210273250937, 0.0001795058196876198, 0.00014424910477828234, 0.0, 0.0, 0.0, 0.0, 0.006253405008465052, 0.00023232909734360874, 0.00020708609372377396, 9.914537076838315e-05, 0.00011839424405479804, 0.00014882630784995854, 0.0001985210255952552, 0.00019248234457336366, 0.00022905351943336427, 0.0, 0.0, 0.9901952743530273, 0.0, 0.00019148658611811697, 0.0007380114402621984, 0.00013168991426937282, 0.0010648586321622133, 0.00032883143285289407, 0.0015425238525494933, 0.0016443256754428148, 0.00010448317334521562, 0.000635620963294059, 0.0004123264516238123, 0.0, 0.0004310223157517612, 0.003206389956176281, 0.0006305123679339886, 0.049187224358320236, 0.00031325139570981264, 0.00017980820848606527, 0.0004111863090656698, 0.0008748414693400264, 0.000118462456157431, 0.0, 0.00041833420982584357, 0.00016952294390648603, 0.0004180645919404924, 0.0, 0.0, 0.0, 0.0, 0.0, 0.00016989404684863985, 0.0004058819613419473, 0.00011761598580051214, 0.00010340813605580479], "bboxes": [[502.0, 549.0, 529.0, 564.0], [0.0, 0.0, 0.0, 0.0], [0.0, 0.0, 0.0, 0.0], [0.0, 0.0, 0.0, 0.0], [0.0, 0.0, 0.0, 0.0], [0.0, 0.0, 0.0, 0.0], [0.0, 0.0, 0.0, 0.0], [0.0, 0.0, 0.0, 0.0], [0.0, 0.0, 0.0, 0.0], [0.0, 0.0, 0.0, 0.0], [0.0, 0.0, 0.0, 0.0], [512.0, 552.0, 520.0, 559.0], [502.0, 548.0, 543.0, 564.0], [502.0, 548.0, 543.0, 564.0], [501.0, 547.0, 546.0, 565.0], [0.0, 0.0, 0.0, 0.0], [0.0, 0.0, 0.0, 0.0], [0.0, 0.0, 0.0, 0.0], [0.0, 0.0, 0.0, 0.0], [0.0, 0.0, 0.0, 0.0], [0.0, 0.0, 0.0, 0.0], [0.0, 0.0, 0.0, 0.0], [0.0, 0.0, 0.0, 0.0], [0.0, 0.0, 0.0, 0.0], [0.0, 0.0, 0.0, 0.0], [0.0, 0.0, 0.0, 0.0], [0.0, 0.0, 0.0, 0.0], [510.0, 552.0, 519.0, 559.0], [518.0, 553.0, 519.0, 554.0], [518.0, 553.0, 519.0, 554.0], [0.0, 0.0, 0.0, 0.0], [0.0, 0.0, 0.0, 0.0], [813.0, 505.0, 968.0, 539.0], [813.0, 505.0, 968.0, 539.0], [813.0, 505.0, 968.0, 539.0], [0.0, 0.0, 0.0, 0.0], [0.0, 0.0, 0.0, 0.0], [0.0, 0.0, 0.0, 0.0], [509.0, 550.0, 525.0, 559.0], [0.0, 0.0, 0.0, 0.0], [0.0, 0.0, 0.0, 0.0], [0.0, 0.0, 0.0, 0.0], [0.0, 0.0, 0.0, 0.0], [0.0, 0.0, 0.0, 0.0], [0.0, 0.0, 0.0, 0.0], [0.0, 0.0, 0.0, 0.0], [1281.0, 474.0, 1334.0, 499.0], [505.0, 549.0, 542.0, 563.0], [507.0, 548.0, 535.0, 560.0], [507.0, 548.0, 535.0, 560.0], [0.0, 0.0, 0.0, 0.0], [0.0, 0.0, 0.0, 0.0], [0.0, 0.0, 0.0, 0.0], [0.0, 0.0, 0.0, 0.0], [699.0, 509.0, 704.0, 512.0], [699.0, 509.0, 704.0, 512.0], [699.0, 509.0, 704.0, 512.0], [699.0, 509.0, 704.0, 512.0], [699.0, 509.0, 704.0, 512.0], [511.0, 549.0, 524.0, 557.0], [511.0, 549.0, 524.0, 557.0], [511.0, 549.0, 524.0, 557.0], [511.0, 549.0, 524.0, 557.0], [0.0, 0.0, 0.0, 0.0], [0.0, 0.0, 0.0, 0.0], [402.0, 387.0, 1608.0, 1080.0], [0.0, 0.0, 0.0, 0.0], [501.0, 548.0, 546.0, 566.0], [501.0, 548.0, 546.0, 566.0], [501.0, 548.0, 546.0, 566.0], [441.0, 557.0, 516.0, 574.0], [441.0, 557.0, 516.0, 574.0], [441.0, 557.0, 516.0, 574.0], [441.0, 557.0, 516.0, 574.0], [441.0, 557.0, 516.0, 574.0], [441.0, 557.0, 516.0, 574.0], [441.0, 557.0, 516.0, 574.0], [0.0, 0.0, 0.0, 0.0], [963.0, 536.0, 980.0, 541.0], [963.0, 536.0, 980.0, 541.0], [963.0, 536.0, 980.0, 541.0], [963.0, 536.0, 980.0, 541.0], [963.0, 536.0, 980.0, 541.0], [963.0, 536.0, 980.0, 541.0], [963.0, 536.0, 980.0, 541.0], [963.0, 536.0, 980.0, 541.0], [505.0, 549.0, 535.0, 562.0], [0.0, 0.0, 0.0, 0.0], [505.0, 553.0, 520.0, 563.0], [517.0, 553.0, 519.0, 555.0], [502.0, 549.0, 544.0, 566.0], [0.0, 0.0, 0.0, 0.0], [0.0, 0.0, 0.0, 0.0], [0.0, 0.0, 0.0, 0.0], [0.0, 0.0, 0.0, 0.0], [0.0, 0.0, 0.0, 0.0], [505.0, 550.0, 524.0, 563.0], [957.0, 536.0, 973.0, 542.0], [957.0, 536.0, 973.0, 542.0], [957.0, 536.0, 973.0, 542.0]], "masks": [{"size": [1080, 1920], "counts": "QPb`02eQ11O1O2N10O01N10010000O0100O001000N2O002N100O1O1O1000Raj]1"}, {"size": [1080, 1920], "counts": "PPYo1"}, {"size": [1080, 1920], "counts": "PPYo1"}, {"size": [1080, 1920], "counts": "PPYo1"}, {"size": [1080, 1920], "counts": "PPYo1"}, {"size": [1080, 1920], "counts": "PPYo1"}, {"size": [1080, 1920], "counts": "PPYo1"}, {"size": [1080, 1920], "counts": "PPYo1"}, {"size": [1080, 1920], "counts": "PPYo1"}, {"size": [1080, 1920], "counts": "PPYo1"}, {"size": [1080, 1920], "counts": "PPYo1"}, {"size": [1080, 1920], "counts": "\\al`03cQ1200O100O01O2NhPT^1"}, {"size": [1080, 1920], "counts": "QPb`01fQ12M2O2O0O0O2O010O10O10O1O001000O1O10O01O100O100O1O100O1000000000001N10000001O00Odh[]1"}, {"size": [1080, 1920], "counts": "QPb`01fQ12M2O2O0O0O2O010O10O10O1O001000O1O10O01O100O100O1O100O1000000000001N10000001O00Odh[]1"}, {"size": [1080, 1920], "counts": "Yn``01fQ12N1O2N2O0O0O1010O0100O010O1O010O0100O1O1O10000O010O1O1000000000001O001O01O0O100001N1O2N[cX]1"}, {"size": [1080, 1920], "counts": "PPYo1"}, {"size": [1080, 1920], "counts": "PPYo1"}, {"size": [1080, 1920], "counts": "PPYo1"}, {"size": [1080, 1920], "counts": "PPYo1"}, {"size": [1080, 1920], "counts": "PPYo1"}, {"size": [1080, 1920], "counts": "PPYo1"}, {"size": [1080, 1920], "counts": "PPYo1"}, {"size": [1080, 1920], "counts": "PPYo1"}, {"size": [1080, 1920], "counts": "PPYo1"}, {"size": [1080, 1920], "counts": "PPYo1"}, {"size": [1080, 1920], "counts": "PPYo1"}, {"size": [1080, 1920], "counts": "PPYo1"}, {"size": [1080, 1920], "counts": "m]j`02fQ10O1N2000O010O00aRU^1"}, {"size": [1080, 1920], "counts": "ikRa01VTV^1"}, {"size": [1080, 1920], "counts": "ikRa01VTV^1"}, {"size": [1080, 1920], "counts": "PPYo1"}, {"size": [1080, 1920], "counts": "PPYo1"}, {"size": [1080, 1920], "counts": "bnij01gQ13L2O001O000000001O0010O00000O1O10001O001O001O0100O0010O001O1Oado3O`[PL0Va[o0"}, {"size": [1080, 1920], "counts": "bnij01gQ13L2O001O000000001O0010O00000O1O10001O001O001O0100O0010O001O1Oado3O`[PL0Va[o0"}, {"size": [1080, 1920], "counts": "bnij01gQ13L2O001O000000001O0010O00000O1O10001O001O001O0100O0010O001O1Oado3O`[PL0Va[o0"}, {"size": [1080, 1920], "counts": "PPYo1"}, {"size": [1080, 1920], "counts": "PPYo1"}, {"size": [1080, 1920], "counts": "PPYo1"}, {"size": [1080, 1920], "counts": "U\\i`02cQ1300O10000O1O0010O1O1O1O1O1N20Rhn]1"}, {"size": [1080, 1920], "counts": "PPYo1"}, {"size": [1080, 1920], "counts": "PPYo1"}, {"size": [1080, 1920], "counts": "PPYo1"}, {"size": [1080, 1920], "counts": "PPYo1"}, {"size": [1080, 1920], "counts": "PPYo1"}, {"size": [1080, 1920], "counts": "PPYo1"}, {"size": [1080, 1920], "counts": "PPYo1"}, {"size": [1080, 1920], "counts": "UaWZ12fQ11N101N101N1O2O0O10000O010O100O10000O01000O1000O0100000O01O10O010O100O010O010O001O1O010O1O0O2O1O1O1O1L40fbYc0"}, {"size": [1080, 1920], "counts": "XUe`03cQ12O1O0O2O01000O100O00100O01O1O1O100O100O100N200O100000000000iX5ObaW]1"}, {"size": [1080, 1920], "counts": "eXg`03dQ11M30000O010O1O1O010000O1O0010000O100O1O100O100000001OcVd]1"}, {"size": [1080, 1920], "counts": "eXg`03dQ11M30000O010O1O1O010000O1O0010000O100O1O100O100000001OcVd]1"}, {"size": [1080, 1920], "counts": "PPYo1"}, {"size": [1080, 1920], "counts": "PPYo1"}, {"size": [1080, 1920], "counts": "PPYo1"}, {"size": [1080, 1920], "counts": "PPYo1"}, {"size": [1080, 1920], "counts": "UgQg02fQ1001O01NSPRX1"}, {"size": [1080, 1920], "counts": "UgQg02fQ1001O01NSPRX1"}, {"size": [1080, 1920], "counts": "UgQg02fQ1001O01NSPRX1"}, {"size": [1080, 1920],