{"labels": [10, 12, 10, 12, 2, 3, 4, 6, 7, 8, 10, 11, 10, 12, 10, 10, 1, 2, 3, 4, 6, 7, 10, 11, 12, 19, 10, 10, 10, 7, 2, 2, 3, 2, 4, 7, 12, 7, 1, 4, 7, 10, 2, 10, 12, 3, 4, 7, 10, 12, 10, 12, 10, 0, 10, 2, 3, 4, 10, 19, 3, 6, 7, 10, 12, 1, 10, 2, 10, 19, 10, 12, 1, 4, 7, 8, 10, 12, 19, 2, 3, 4, 7, 10, 2, 10, 12, 2, 19, 2, 7, 8, 10, 12, 19, 1, 6, 11, 12, 10], "scores": [0.00011334718146827072, 0.00014951515186112374, 0.00022238775272853673, 0.00012151707778684795, 0.0, 0.0, 0.0, 0.0, 0.0, 0.0, 0.0, 0.0, 0.00026641879230737686, 0.0001787875808076933, 0.0001693288650130853, 0.00031965889502316713, 0.0, 0.0, 0.0, 0.0, 0.0, 0.0, 0.0, 0.0, 0.0, 0.0, 9.964587661670521e-05, 9.863277955446392e-05, 0.00014581203868146986, 0.00010294553067069501, 0.0, 0.00010694984666770324, 0.00015746656572446227, 0.0, 0.00016314619279000908, 0.00011612017988227308, 9.82977871899493e-05, 0.00011723357602022588, 0.00012556715228129178, 0.00014145388558972627, 0.00012401056301314384, 0.0006591366254724562, 0.00012647452240344137, 0.00017590723291505128, 0.00018080098379869014, 0.0, 0.0, 0.0, 0.0, 0.00011409060243749991, 0.00021956092678010464, 0.00011900305253220722, 0.00014173786621540785, 0.0001475410972489044, 0.00013800566375721246, 0.0, 0.0, 0.0, 0.0, 0.0, 0.00017212136299349368, 0.00011177411215612665, 0.0001931322185555473, 0.00021010139607824385, 0.00017527829913888127, 0.00010626601579133421, 0.00016052731371019036, 0.0, 0.0, 0.9897093772888184, 0.00017782251234166324, 0.00015207426622509956, 0.0009575738222338259, 0.0003633720625657588, 0.0003323233686387539, 0.009067779406905174, 0.002866141265258193, 0.0008816689369268715, 0.00022945404634810984, 0.0025295482482761145, 0.001247005769982934, 0.003463226603344083, 0.0001162660846603103, 0.00029294524574652314, 0.0, 0.00016723449516575783, 0.00011135780368931592, 0.00017470969760324806, 9.507656068308279e-05, 0.0, 0.0, 0.0, 0.0, 0.0, 0.0, 0.0, 0.0, 0.0, 0.0, 0.0], "bboxes": [[498.0, 549.0, 555.0, 571.0], [498.0, 549.0, 555.0, 571.0], [481.0, 553.0, 548.0, 574.0], [481.0, 553.0, 548.0, 574.0], [0.0, 0.0, 0.0, 0.0], [0.0, 0.0, 0.0, 0.0], [0.0, 0.0, 0.0, 0.0], [0.0, 0.0, 0.0, 0.0], [0.0, 0.0, 0.0, 0.0], [0.0, 0.0, 0.0, 0.0], [0.0, 0.0, 0.0, 0.0], [0.0, 0.0, 0.0, 0.0], [496.0, 547.0, 558.0, 572.0], [496.0, 547.0, 558.0, 572.0], [499.0, 549.0, 555.0, 571.0], [495.0, 484.0, 1327.0, 573.0], [0.0, 0.0, 0.0, 0.0], [0.0, 0.0, 0.0, 0.0], [0.0, 0.0, 0.0, 0.0], [0.0, 0.0, 0.0, 0.0], [0.0, 0.0, 0.0, 0.0], [0.0, 0.0, 0.0, 0.0], [0.0, 0.0, 0.0, 0.0], [0.0, 0.0, 0.0, 0.0], [0.0, 0.0, 0.0, 0.0], [0.0, 0.0, 0.0, 0.0], [510.0, 548.0, 549.0, 564.0], [500.0, 489.0, 1317.0, 571.0], [510.0, 547.0, 550.0, 564.0], [1286.0, 486.0, 1318.0, 500.0], [0.0, 0.0, 0.0, 0.0], [510.0, 549.0, 548.0, 564.0], [510.0, 549.0, 548.0, 564.0], [0.0, 0.0, 0.0, 0.0], [949.0, 536.0, 1055.0, 547.0], [507.0, 549.0, 549.0, 566.0], [507.0, 549.0, 549.0, 566.0], [517.0, 557.0, 519.0, 559.0], [495.0, 548.0, 558.0, 573.0], [495.0, 548.0, 558.0, 573.0], [495.0, 548.0, 558.0, 573.0], [495.0, 548.0, 558.0, 573.0], [510.0, 550.0, 548.0, 565.0], [510.0, 550.0, 548.0, 565.0], [510.0, 550.0, 548.0, 565.0], [0.0, 0.0, 0.0, 0.0], [0.0, 0.0, 0.0, 0.0], [0.0, 0.0, 0.0, 0.0], [0.0, 0.0, 0.0, 0.0], [500.0, 548.0, 555.0, 571.0], [501.0, 548.0, 556.0, 570.0], [501.0, 548.0, 556.0, 570.0], [516.0, 554.0, 546.0, 560.0], [977.0, 537.0, 1053.0, 543.0], [498.0, 488.0, 1322.0, 571.0], [0.0, 0.0, 0.0, 0.0], [0.0, 0.0, 0.0, 0.0], [0.0, 0.0, 0.0, 0.0], [0.0, 0.0, 0.0, 0.0], [0.0, 0.0, 0.0, 0.0], [503.0, 547.0, 553.0, 566.0], [503.0, 547.0, 553.0, 566.0], [503.0, 547.0, 553.0, 566.0], [503.0, 547.0, 553.0, 566.0], [503.0, 547.0, 553.0, 566.0], [505.0, 489.0, 1315.0, 565.0], [505.0, 489.0, 1315.0, 565.0], [0.0, 0.0, 0.0, 0.0], [0.0, 0.0, 0.0, 0.0], [401.0, 394.0, 1608.0, 1080.0], [494.0, 540.0, 599.0, 574.0], [494.0, 540.0, 599.0, 574.0], [428.0, 547.0, 556.0, 581.0], [428.0, 547.0, 556.0, 581.0], [428.0, 547.0, 556.0, 581.0], [428.0, 547.0, 556.0, 581.0], [428.0, 547.0, 556.0, 581.0], [428.0, 547.0, 556.0, 581.0], [428.0, 547.0, 556.0, 581.0], [1371.0, 475.0, 1388.0, 485.0], [1371.0, 475.0, 1388.0, 485.0], [1371.0, 475.0, 1388.0, 485.0], [1371.0, 475.0, 1388.0, 485.0], [1371.0, 475.0, 1388.0, 485.0], [0.0, 0.0, 0.0, 0.0], [509.0, 550.0, 548.0, 566.0], [509.0, 550.0, 548.0, 566.0], [513.0, 549.0, 547.0, 562.0], [513.0, 549.0, 547.0, 562.0], [0.0, 0.0, 0.0, 0.0], [0.0, 0.0, 0.0, 0.0], [0.0, 0.0, 0.0, 0.0], [0.0, 0.0, 0.0, 0.0], [0.0, 0.0, 0.0, 0.0], [0.0, 0.0, 0.0, 0.0], [0.0, 0.0, 0.0, 0.0], [0.0, 0.0, 0.0, 0.0], [0.0, 0.0, 0.0, 0.0], [0.0, 0.0, 0.0, 0.0], [0.0, 0.0, 0.0, 0.0]], "masks": [{"size": [1080, 1920], "counts": "Yi]`02fQ10O100O1KMenN3ZQ1OenN1[Q10dnN0[Q170O00000100O1O1O10O010O1000000O100O1N3N1O01O01O10O1O1O011O1O1O1O000000001O1O01O001O1N1O2M2N2O100O`So\\1"}, {"size": [1080, 1920], "counts": "Yi]`02fQ10O100O1KMenN3ZQ1OenN1[Q10dnN0[Q170O00000100O1O1O10O010O1000000O100O1N3N1O01O01O10O1O1O011O1O1O1O000000001O1O01O001O1N1O2M2N2O100O`So\\1"}, {"size": [1080, 1920], "counts": "ekk?1gQ10df=2ZYB001O00O0101O001O000000000L4M11100O001O00O20001N101IdnN0gi?0kWA1O001O001O2N1O1O01Ng_V]1"}, {"size": [1080, 1920], "counts": "ekk?1gQ10df=2ZYB001O00O0101O001O000000000L4M11100O001O00O20001N101IdnN0gi?0kWA1O001O001O2N1O1O01Ng_V]1"}, {"size": [1080, 1920], "counts": "PPYo1"}, {"size": [1080, 1920], "counts": "PPYo1"}, {"size": [1080, 1920], "counts": "PPYo1"}, {"size": [1080, 1920], "counts": "PPYo1"}, {"size": [1080, 1920], "counts": "PPYo1"}, {"size": [1080, 1920], "counts": "PPYo1"}, {"size": [1080, 1920], "counts": "PPYo1"}, {"size": [1080, 1920], "counts": "PPYo1"}, {"size": [1080, 1920], "counts": "ie[`02fQ10O1JNenN4YQ1OenN1[Q16O10000O100O000010O01O100O100O01O10O10000000O001O1N20O01000O10001O0O101O00000001O01O00001OO101O1N2N001O1O1O2M202MXnk\\1"}, {"size": [1080, 1920], "counts": "ie[`02fQ10O1JNenN4YQ1OenN1[Q16O10000O100O000010O01O100O100O01O10O10000000O001O1N20O01000O10001O0O101O00000001O01O00001OO101O1N2N001O1O1O2M202MXnk\\1"}, {"size": [1080, 1920], "counts": "Qk^`01gQ11O0O10000JNfnN2YQ10fnN0ZQ1153M1O1O100O1O1O0010O100000000O2N1N3O0OO2O01O1O01O1O2O002N001O000000001O1O0001O1O0O2O1L3O1O1O1O`So\\1"}, {"size": [1080, 1920], "counts": "QdZ`02eQ1101IMfnN4YQ1601O0O10000O100O0000010O00100O10O010O1O11O0O1000O010O100O100O0101O0O100000000000001O00000000000001N100O10O01O1O1O2M200O1O1O1N2On]ig0OTbVXO1O1O1N2O0000001N1O1O00100O10000O100O0100O10O0100O010O010N20O010O02N1O10O01M210O10dn`c0"}, {"size": [1080, 1920], "counts": "PPYo1"}, {"size": [1080, 1920], "counts": "PPYo1"}, {"size": [1080, 1920], "counts": "PPYo1"}, {"size": [1080, 1920], "counts": "PPYo1"}, {"size": [1080, 1920], "counts": "PPYo1"}, {"size": [1080, 1920], "counts": "PPYo1"}, {"size": [1080, 1920], "counts": "PPYo1"}, {"size": [1080, 1920], "counts": "PPYo1"}, {"size": [1080, 1920], "counts": "PPYo1"}, {"size": [1080, 1920], "counts": "PPYo1"}, {"size": [1080, 1920], "counts": "Q^j`02dQ12N3N1O1O010O010000O10001N101N10N1000002N100O10001O1O1O01O00000010O1000O0O2LR^U]1"}, {"size": [1080, 1920], "counts": "il_`02fQ100000000000PU31njL2N2N1O010O0010O100O2N101N1O10c_93Y`F3N1N2O001O0010O01O0001N2O000O1M3O1O1NnYZh0OUfeWO00000M20101N100O10O00010O100O1O1O010OO0111N1Oo_kc0"}, {"size": [1080, 1920], "counts": "Q^j`02eQ11N2O2N1N110O0100O10000O101N3N0OM211O1O1O10001N101O1O010O00O1010O001000O1N2M3LY\\T]1"}, {"size": [1080, 1920], "counts": "Qj\\Z12fQ101O000000000001M2N2O1O100O100O0100O10O0100O100O001O00100O10O0[^jc0"}, {"size": [1080, 1920], "counts": "PPYo1"}, {"size": [1080, 1920], "counts": "Q^j`02eQ11N3N1O1O0010O011N101N2N2OdX50\\gJ0O1N2O10001O1O100O000001O0101N10O1Jk_V]1"}, {"size": [1080, 1920], "counts": "Q^j`02eQ11N3N1O1O0010O011N101N2N2OdX50\\gJ0O1N2O10001O1O100O000001O0101N10O1Jk_V]1"}, {"size": [1080, 1920], "counts": "PPYo1"}, {"size": [1080, 1920],