{"labels": [10, 12, 7, 10, 12, 10, 2, 3, 4, 7, 8, 10, 12, 10, 10, 1, 2, 3, 4, 6, 7, 10, 11, 12, 8, 10, 10, 2, 10, 7, 7, 2, 4, 10, 12, 3, 4, 7, 10, 3, 7, 10, 12, 12, 10, 10, 10, 10, 0, 2, 3, 4, 10, 19, 3, 7, 10, 12, 1, 10, 10, 2, 10, 19, 10, 10, 1, 3, 6, 7, 8, 10, 11, 12, 19, 1, 2, 3, 4, 6, 7, 10, 10, 10, 2, 10, 2, 10, 2, 4, 7, 10, 4, 10, 1, 6, 10, 11, 12, 19], "scores": [0.00018768553854897618, 0.0001098430875572376, 0.0, 0.0, 0.0, 0.00023183852317743003, 0.0, 0.0, 0.0, 0.0, 0.0, 0.00023890245938673615, 0.0001198590689455159, 0.0002403976977802813, 0.00012275359767954797, 0.0, 0.0, 0.0, 0.0, 0.0, 0.0, 0.0, 0.0, 0.0, 8.289168181363493e-05, 0.0, 0.00013779732398688793, 0.0, 9.775019134394825e-05, 8.62497472553514e-05, 0.0, 0.0, 0.0, 0.0, 0.0, 0.0, 0.0, 0.0, 0.0, 0.0, 0.0, 0.0, 0.0, 0.00011120839189970866, 0.00019240913388784975, 0.00018959019507747144, 0.0, 0.0, 0.0, 0.0, 0.0, 0.0, 0.0, 0.0, 9.709791629575193e-05, 0.00011158893175888807, 0.00014266469224821776, 9.103654883801937e-05, 0.0001754929544404149, 0.0005140734137967229, 0.0, 0.0, 0.0, 0.9903058409690857, 0.00022324275050777942, 0.00011964467557845637, 0.0, 0.0, 0.0, 0.0, 0.0, 0.0, 0.0, 0.0, 0.0, 0.0, 0.0, 0.0, 0.0, 0.0, 0.0, 0.0, 8.244211494456977e-05, 0.00035558221861720085, 0.0, 0.0, 0.00011585253378143534, 0.00016454639262519777, 0.0, 0.0, 0.0, 0.0, 0.0001419429900124669, 0.00019297782273497432, 0.0, 0.0, 0.0, 0.0, 0.0, 0.0], "bboxes": [[473.0, 534.0, 552.0, 547.0], [473.0, 534.0, 552.0, 547.0], [0.0, 0.0, 0.0, 0.0], [0.0, 0.0, 0.0, 0.0], [0.0, 0.0, 0.0, 0.0], [433.0, 530.0, 575.0, 554.0], [0.0, 0.0, 0.0, 0.0], [0.0, 0.0, 0.0, 0.0], [0.0, 0.0, 0.0, 0.0], [0.0, 0.0, 0.0, 0.0], [0.0, 0.0, 0.0, 0.0], [517.0, 536.0, 534.0, 544.0], [517.0, 536.0, 534.0, 544.0], [489.0, 533.0, 551.0, 547.0], [517.0, 522.0, 1031.0, 543.0], [0.0, 0.0, 0.0, 0.0], [0.0, 0.0, 0.0, 0.0], [0.0, 0.0, 0.0, 0.0], [0.0, 0.0, 0.0, 0.0], [0.0, 0.0, 0.0, 0.0], [0.0, 0.0, 0.0, 0.0], [0.0, 0.0, 0.0, 0.0], [0.0, 0.0, 0.0, 0.0], [0.0, 0.0, 0.0, 0.0], [925.0, 529.0, 929.0, 531.0], [0.0, 0.0, 0.0, 0.0], [520.0, 537.0, 525.0, 540.0], [0.0, 0.0, 0.0, 0.0], [517.0, 536.0, 531.0, 542.0], [522.0, 538.0, 523.0, 539.0], [0.0, 0.0, 0.0, 0.0], [0.0, 0.0, 0.0, 0.0], [0.0, 0.0, 0.0, 0.0], [0.0, 0.0, 0.0, 0.0], [0.0, 0.0, 0.0, 0.0], [0.0, 0.0, 0.0, 0.0], [0.0, 0.0, 0.0, 0.0], [0.0, 0.0, 0.0, 0.0], [0.0, 0.0, 0.0, 0.0], [0.0, 0.0, 0.0, 0.0], [0.0, 0.0, 0.0, 0.0], [0.0, 0.0, 0.0, 0.0], [0.0, 0.0, 0.0, 0.0], [517.0, 536.0, 534.0, 544.0], [515.0, 535.0, 534.0, 543.0], [517.0, 535.0, 534.0, 544.0], [0.0, 0.0, 0.0, 0.0], [0.0, 0.0, 0.0, 0.0], [0.0, 0.0, 0.0, 0.0], [0.0, 0.0, 0.0, 0.0], [0.0, 0.0, 0.0, 0.0], [0.0, 0.0, 0.0, 0.0], [0.0, 0.0, 0.0, 0.0], [0.0, 0.0, 0.0, 0.0], [517.0, 536.0, 531.0, 542.0], [517.0, 536.0, 531.0, 542.0], [517.0, 536.0, 531.0, 542.0], [517.0, 536.0, 531.0, 542.0], [420.0, 543.0, 477.0, 556.0], [420.0, 543.0, 477.0, 556.0], [0.0, 0.0, 0.0, 0.0], [0.0, 0.0, 0.0, 0.0], [0.0, 0.0, 0.0, 0.0], [399.0, 383.0, 1608.0, 1080.0], [408.0, 536.0, 559.0, 560.0], [485.0, 529.0, 582.0, 548.0], [0.0, 0.0, 0.0, 0.0], [0.0, 0.0, 0.0, 0.0], [0.0, 0.0, 0.0, 0.0], [0.0, 0.0, 0.0, 0.0], [0.0, 0.0, 0.0, 0.0], [0.0, 0.0, 0.0, 0.0], [0.0, 0.0, 0.0, 0.0], [0.0, 0.0, 0.0, 0.0], [0.0, 0.0, 0.0, 0.0], [0.0, 0.0, 0.0, 0.0], [0.0, 0.0, 0.0, 0.0], [0.0, 0.0, 0.0, 0.0], [0.0, 0.0, 0.0, 0.0], [0.0, 0.0, 0.0, 0.0], [0.0, 0.0, 0.0, 0.0], [0.0, 0.0, 0.0, 0.0], [522.0, 538.0, 523.0, 539.0], [519.0, 537.0, 530.0, 544.0], [0.0, 0.0, 0.0, 0.0], [0.0, 0.0, 0.0, 0.0], [517.0, 536.0, 532.0, 543.0], [521.0, 538.0, 525.0, 541.0], [0.0, 0.0, 0.0, 0.0], [0.0, 0.0, 0.0, 0.0], [0.0, 0.0, 0.0, 0.0], [0.0, 0.0, 0.0, 0.0], [913.0, 524.0, 1044.0, 535.0], [913.0, 524.0, 1044.0, 535.0], [0.0, 0.0, 0.0, 0.0], [0.0, 0.0, 0.0, 0.0], [0.0, 0.0, 0.0, 0.0], [0.0, 0.0, 0.0, 0.0], [0.0, 0.0, 0.0, 0.0], [0.0, 0.0, 0.0, 0.0]], "masks": [{"size": [1080, 1920], "counts": "j\\c?1fQ11e_9O[`F4M000000000000000001LVW41lhK00000U\\7OlcH0O2O1N100N3O0O100O1000O10O01O100O010O10000O2O1Ng_9N\\`F0cS21\\lM000WYR]1"}, {"size": [1080, 1920], "counts": "j\\c?1fQ11e_9O[`F4M000000000000000001LVW41lhK00000U\\7OlcH0O2O1N100N3O0O100O1000O10O01O100O010O10000O2O1Ng_9N\\`F0cS21\\lM000WYR]1"}, {"size": [1080, 1920], "counts": "PPYo1"}, {"size": [1080, 1920], "counts": "PPYo1"}, {"size": [1080, 1920], "counts": "PPYo1"}, {"size": [1080, 1920], "counts": "nVY>1gQ10ngQ13nWnN1O1O101N2O0000O100O1000O1O10O0100O100000000000000000000001N101O0000000001O0O1000000O100000O0100O010O100O10000O1000O0101O00000O10O1O101M2N2O2M3O0O1000N3N102N000100O01N2O1O000001O1O0O1O001N2O2Nc_9N``F0VQZ\\1"}, {"size": [1080, 1920], "counts": "PPYo1"}, {"size": [1080, 1920], "counts": "PPYo1"}, {"size": [1080, 1920], "counts": "PPYo1"}, {"size": [1080, 1920], "counts": "PPYo1"}, {"size": [1080, 1920], "counts": "PPYo1"}, {"size": [1080, 1920], "counts": "eiQa02eQ11N2O2O000O01O100O100O10000O2O0OhXe]1"}, {"size": [1080, 1920], "counts": "eiQa02eQ11N2O2O000O01O100O100O10000O2O0OhXe]1"}, {"size": [1080, 1920], "counts": "fXT`02fQ1000000O\\\\71dcH0]a:Oc^E101N2M2O101N10000O01O10O0100O100O10000O1O2NP^8NRbG20OcS20]lM0oZS]1"}, {"size": [1080, 1920], "counts": "diQa03cQ12O100O100O10O10O10O100O10000O010O1N1001001O00001O01O000001NlQ10nZe;0WcYD0cS20]lM001O00001N101O0010O01O00010O0010O00001O0000001O01O0000010N100001O00001O001O1NaS20_lM101OO2O00UU30kjL2M10O10000O100000000000ado0O_[PO100000000000000000000000001O000000000000O2O0000000000VSYm0"}, {"size": [1080, 1920], "counts": "PPYo1"}, {"size": [1080, 1920], "counts": "PPYo1"}, {"size": [1080, 1920], "counts": "PPYo1"}, {"size": [1080, 1920], "counts": "PPYo1"}, {"size": [1080, 1920], "counts": "PPYo1"}, {"size": [1080, 1920], "counts": "PPYo1"}, {"size": [1080, 1920], "counts": "PPYo1"}, {"size": [1080, 1920], "counts": "PPYo1"}, {"size": [1080, 1920], "counts": "PPYo1"}, {"size": [1080, 1920], "counts": "YS`n01gQ11O00OhedP1"}, {"size": [1080, 1920], "counts": "PPYo1"}, {"size": [1080, 1920], "counts": "jnTa01fQ1101OO10_hn]1"}, {"size": [1080, 1920], "counts": "PPYo1"}, {"size": [1080, 1920], "counts": "eiQa01dQ13O100O1000O100O100O10001NP^h]1"}, {"size": [1080, 1920], "counts": "ZRWa01emQ^1"}, {"size": [1080, 1920], "counts": "PPYo1"}, {"size": [1080, 1920], "counts": "PPYo1"}, {"size": [1080, 1920], "counts": "PPYo1"}, {"size": [1080, 1920], "counts": "PPYo1"}, {"size": [1080, 1920], "counts": "PPYo1"}, {"size": [1080, 1920], "counts": "PPYo1"}, {"size": [1080, 1920], "counts": "PPYo1"}, {"size": [1080, 1920], "counts": "PPYo1"}, {"size": [1080, 1920], "counts": "PPYo1"}, {"size": [1080, 1920], "counts": "PPYo1"}, {"size": [1080, 1920], "counts": "PPYo1"}, {"size": [1080, 1920], "counts": "PPYo1"}, {"size": [1080, 1920], "counts": "PPYo1"}, {"size": [1080, 1920], "counts": "eiQa02eQ11O2N1O10O100O100O10O010001N100OhXe]1"}, {"size": [1080, 1920], "counts": "Ufo`01fQ12M2O100O10000O0100O100O10000O101O1NhXe]1"}, {"size": [1080, 1920], "counts": "eiQa02eQ11N2O2O000O01O100O100O011O0O101OgXe]1"}, {"size": [1080, 1920], "counts": "PPYo1"}, {"size": [1080, 1920], "counts": "PPYo1"}, {"size": [1080, 1920], "counts": "PPYo1"}, {"size": [1080, 1920], "counts": "PPYo1"}, {"size": [1080, 1920], "counts": "PPYo1"}, {"size": [1080, 1920], "counts": "PPYo1"}, {"size": [1080, 1920], "counts": "PPYo1"}, {"size": [1080, 1920], "counts": "PPYo1"}, {"size": [1080, 1920], "counts": "eiQa01dQ13O100O1000O100O1O1000001NP^h]1"}, {"size": [1080, 1920], "counts": "eiQa01dQ13O100O1000O100O1O1000001NP^h]1"}, {"size": [1080, 1920], "counts": "eiQa01dQ13O100O1000O100O1O1000001NP^h]1"}, {"size": [1080, 1920], "counts": "eiQa01dQ13O100O1000O100O1O1000001NP^h]1"}, {"size": [1080, 1920], "counts": "R`k=1fQ1102M3N001N10010O001O00001O0001O010O001O0000000000O10O1000000O10O10O1000000O1000000000000000000O1000O10O1O101N10W\\a_1"}, {"size": [1080, 1920], "counts": "R`k=1fQ1102M3N001N10010O001O00001O0001O010O001O0000000000O10O1000000O10O10O1000000O1000000000000000000O1000O10O1O101N10W\\a_1"}, {"size": [1080, 1920], "counts": "PPYo1"}, {"size": [1080, 1920],