{"labels": [12, 10, 2, 3, 4, 7, 8, 10, 10, 12, 10, 12, 10, 10, 1, 2, 3, 4, 6, 7, 10, 11, 12, 19, 10, 12, 10, 10, 2, 1, 10, 10, 7, 7, 7, 10, 2, 4, 7, 8, 10, 12, 3, 4, 7, 10, 3, 6, 7, 10, 12, 12, 10, 10, 10, 10, 10, 2, 3, 4, 10, 19, 3, 7, 10, 12, 1, 10, 10, 19, 10, 4, 10, 1, 6, 7, 8, 10, 11, 12, 10, 2, 3, 4, 7, 10, 2, 2, 2, 10, 2, 7, 8, 10, 10, 1, 6, 11, 12, 10], "scores": [0.0, 0.00033514262759126723, 0.0, 0.0, 0.0, 0.0, 0.0, 0.0, 0.00011094188084825873, 9.673045133240521e-05, 0.00029834191082045436, 0.0001291503431275487, 0.0006653035525232553, 0.0005985110183246434, 0.0, 0.0, 0.0, 0.0, 0.0, 0.0, 0.0, 0.0, 0.0, 0.0, 9.098129521589726e-05, 0.00010905123053817078, 0.00025845487834885716, 0.0, 0.0, 0.0, 0.0, 9.783061250345781e-05, 9.494378900853917e-05, 0.0006148770917207003, 0.0, 0.0, 0.00013130047591403127, 0.00012889567005913705, 9.397951362188905e-05, 9.544046042719856e-05, 0.0003163003420922905, 0.00015949479711707681, 0.0, 0.0, 0.0, 0.0, 0.0, 0.0, 0.0, 0.0, 0.0, 0.00012264370161574334, 0.00012113245611544698, 0.0002337978221476078, 0.0, 0.00010967558773700148, 0.00011832555901492015, 0.0, 0.0, 0.0, 0.0, 0.0, 9.83838617685251e-05, 0.00012364356371108443, 0.000199078131117858, 0.0001346330245723948, 0.00020051073806826025, 0.000873738550581038, 0.00010471023415448144, 0.9902170896530151, 0.000327896821545437, 0.00015462430019397289, 0.0007403512136079371, 0.0, 0.0, 0.0, 0.0, 0.0, 0.0, 0.0, 0.0, 0.0044994535855948925, 0.004476440604776144, 0.02628745324909687, 0.00019930818234570324, 0.0011969440383836627, 0.0, 0.00011456282663857564, 0.00010306286276318133, 0.00019610377785284072, 0.0, 0.0, 0.0, 0.0, 0.00016430272080469877, 0.0, 0.0, 0.0, 0.0, 0.0], "bboxes": [[0.0, 0.0, 0.0, 0.0], [468.0, 522.0, 598.0, 551.0], [0.0, 0.0, 0.0, 0.0], [0.0, 0.0, 0.0, 0.0], [0.0, 0.0, 0.0, 0.0], [0.0, 0.0, 0.0, 0.0], [0.0, 0.0, 0.0, 0.0], [0.0, 0.0, 0.0, 0.0], [509.0, 535.0, 527.0, 543.0], [509.0, 535.0, 527.0, 543.0], [508.0, 529.0, 554.0, 544.0], [508.0, 529.0, 554.0, 544.0], [509.0, 531.0, 556.0, 544.0], [508.0, 529.0, 575.0, 544.0], [0.0, 0.0, 0.0, 0.0], [0.0, 0.0, 0.0, 0.0], [0.0, 0.0, 0.0, 0.0], [0.0, 0.0, 0.0, 0.0], [0.0, 0.0, 0.0, 0.0], [0.0, 0.0, 0.0, 0.0], [0.0, 0.0, 0.0, 0.0], [0.0, 0.0, 0.0, 0.0], [0.0, 0.0, 0.0, 0.0], [0.0, 0.0, 0.0, 0.0], [509.0, 534.0, 526.0, 543.0], [521.0, 537.0, 524.0, 539.0], [549.0, 537.0, 552.0, 539.0], [0.0, 0.0, 0.0, 0.0], [0.0, 0.0, 0.0, 0.0], [0.0, 0.0, 0.0, 0.0], [0.0, 0.0, 0.0, 0.0], [508.0, 533.0, 527.0, 543.0], [509.0, 535.0, 526.0, 543.0], [422.0, 705.0, 443.0, 759.0], [0.0, 0.0, 0.0, 0.0], [0.0, 0.0, 0.0, 0.0], [510.0, 535.0, 526.0, 543.0], [510.0, 535.0, 526.0, 543.0], [510.0, 535.0, 526.0, 543.0], [510.0, 535.0, 526.0, 543.0], [510.0, 535.0, 526.0, 543.0], [510.0, 535.0, 526.0, 543.0], [0.0, 0.0, 0.0, 0.0], [0.0, 0.0, 0.0, 0.0], [0.0, 0.0, 0.0, 0.0], [0.0, 0.0, 0.0, 0.0], [0.0, 0.0, 0.0, 0.0], [0.0, 0.0, 0.0, 0.0], [0.0, 0.0, 0.0, 0.0], [0.0, 0.0, 0.0, 0.0], [0.0, 0.0, 0.0, 0.0], [509.0, 534.0, 527.0, 543.0], [508.0, 526.0, 579.0, 543.0], [510.0, 534.0, 552.0, 543.0], [0.0, 0.0, 0.0, 0.0], [510.0, 535.0, 551.0, 543.0], [513.0, 537.0, 523.0, 542.0], [0.0, 0.0, 0.0, 0.0], [0.0, 0.0, 0.0, 0.0], [0.0, 0.0, 0.0, 0.0], [0.0, 0.0, 0.0, 0.0], [0.0, 0.0, 0.0, 0.0], [507.0, 529.0, 551.0, 543.0], [507.0, 529.0, 551.0, 543.0], [507.0, 529.0, 551.0, 543.0], [507.0, 529.0, 551.0, 543.0], [534.0, 532.0, 554.0, 540.0], [534.0, 532.0, 554.0, 540.0], [513.0, 535.0, 525.0, 542.0], [397.0, 381.0, 1607.0, 1080.0], [419.0, 533.0, 557.0, 552.0], [507.0, 526.0, 581.0, 545.0], [507.0, 526.0, 581.0, 545.0], [0.0, 0.0, 0.0, 0.0], [0.0, 0.0, 0.0, 0.0], [0.0, 0.0, 0.0, 0.0], [0.0, 0.0, 0.0, 0.0], [0.0, 0.0, 0.0, 0.0], [0.0, 0.0, 0.0, 0.0], [0.0, 0.0, 0.0, 0.0], [0.0, 0.0, 0.0, 0.0], [1339.0, 469.0, 1366.0, 481.0], [1339.0, 469.0, 1366.0, 481.0], [1339.0, 469.0, 1366.0, 481.0], [1339.0, 469.0, 1366.0, 481.0], [1339.0, 469.0, 1366.0, 481.0], [0.0, 0.0, 0.0, 0.0], [509.0, 533.0, 526.0, 543.0], [511.0, 535.0, 525.0, 543.0], [511.0, 535.0, 525.0, 543.0], [0.0, 0.0, 0.0, 0.0], [0.0, 0.0, 0.0, 0.0], [0.0, 0.0, 0.0, 0.0], [0.0, 0.0, 0.0, 0.0], [941.0, 529.0, 950.0, 534.0], [0.0, 0.0, 0.0, 0.0], [0.0, 0.0, 0.0, 0.0], [0.0, 0.0, 0.0, 0.0], [0.0, 0.0, 0.0, 0.0], [0.0, 0.0, 0.0, 0.0]], "masks": [{"size": [1080, 1920], "counts": "PPYo1"}, {"size": [1080, 1920], "counts": "UT^?2eQ11001O]Z6OceI10001O0O1O2O0O10O10000000000000O10000000O100O1001O000O1O100O1O100000000O01000O1O10O0100O10O100000001O0O010N1O2O1O10000000O2O1O0001O01O1O100O1O000001O000O2O0O1O1O1O101N001N20O2M2M4N1O01000O01000000O10000O100O1Off=KfRT[1"}, {"size": [1080, 1920], "counts": "PPYo1"}, {"size": [1080, 1920], "counts": "PPYo1"}, {"size": [1080, 1920], "counts": "PPYo1"}, {"size": [1080, 1920], "counts": "PPYo1"}, {"size": [1080, 1920], "counts": "PPYo1"}, {"size": [1080, 1920], "counts": "PPYo1"}, {"size": [1080, 1920], "counts": "e[i`01gQ11N1000000000OgQ1OZnN2O0O1O1001O0O2Oodl]1"}, {"size": [1080, 1920], "counts": "e[i`01gQ11N1000000000OgQ1OZnN2O0O1O1001O0O2Oodl]1"}, {"size": [1080, 1920], "counts": "mYh`02dQ12O2O00000O01000O010O1O00100000O10000O1OYU3LkjL2N1001O0000O1O1O100100O1O000101N1O01O1O1NiUP]1"}, {"size": [1080, 1920], "counts": "mYh`02dQ12O2O00000O01000O010O1O00100000O10000O1OYU3LkjL2N1001O0000O1O1O100100O1O000101N1O01O1O1NiUP]1"}, {"size": [1080, 1920], "counts": "e[i`02eQ1100O101N01000O01O10O1O1O10O10000O3MV\\70kcH000O10000O10010O00010O2N1O1O10O0O2O1N2NXRn\\1"}, {"size": [1080, 1920], "counts": "mYh`02fQ10O2N100O1000O01000O01O1O10O100O10000O1OXU3NjjL10001O000O100O101O0001O010O01O2N1O01O00001N2N2Nbf=O`YB0000O10WQZ\\1"}, {"size": [1080, 1920], "counts": "PPYo1"}, {"size": [1080, 1920], "counts": "PPYo1"}, {"size": [1080, 1920], "counts": "PPYo1"}, {"size": [1080, 1920], "counts": "PPYo1"}, {"size": [1080, 1920], "counts": "PPYo1"}, {"size": [1080, 1920], "counts": "PPYo1"}, {"size": [1080, 1920], "counts": "PPYo1"}, {"size": [1080, 1920], "counts": "PPYo1"}, {"size": [1080, 1920], "counts": "PPYo1"}, {"size": [1080, 1920], "counts": "PPYo1"}, {"size": [1080, 1920], "counts": "e[i`01fQ1100O2O0O01N2O10O1O1O1O10000000Okfm]1"}, {"size": [1080, 1920], "counts": "aPVa02fQ100OXjo]1"}, {"size": [1080, 1920], "counts": "aaSb01gQ11OOXYR]1"}, {"size": [1080, 1920], "counts": "PPYo1"}, {"size": [1080, 1920], "counts": "PPYo1"}, {"size": [1080, 1920], "counts": "PPYo1"}, {"size": [1080, 1920], "counts": "PPYo1"}, {"size": [1080, 1920], "counts": "mYh`01eQ13N10000O1000O1N2O10O1N3N1000O10001NSel]1"}, {"size": [1080, 1920], "counts": "e[i`01fQ12O000O1001NOO30O100O2N1000O101Nifm]1"}, {"size": [1080, 1920], "counts": "ahm=4^U3OWlM2_nNMbQ11O1O4M30L3O0000gS20XlM20M3ON3ONVQe`1"}, {"size": [1080, 1920], "counts": "PPYo1"}, {"size": [1080, 1920], "counts": "PPYo1"}, {"size": [1080, 1920], "counts": "]]j`01gQ11N1000O2OTU31kjL0O1O11O000Oifm]1"}, {"size": [1080, 1920], "counts": "]]j`01gQ11N1000O2OTU31kjL0O1O11O000Oifm]1"}, {"size": [1080, 1920], "counts": "]]j`01gQ11N1000O2OTU31kjL0O1O11O000Oifm]1"}, {"size": [1080, 1920], "counts": "]]j`01gQ11N1000O2OTU31kjL0O1O11O000Oifm]1"}, {"size": [1080, 1920], "counts": "]]j`01gQ11N1000O2OTU31kjL0O1O11O000Oifm]1"}, {"size": [1080, 1920], "counts": "]]j`01gQ11N1000O2OTU31kjL0O1O11O000Oifm]1"}, {"size": [1080, 1920], "counts": "PPYo1"}, {"size": [1080, 1920], "counts": "PPYo1"}, {"size": [1080, 1920], "counts": "PPYo1"}, {"size": [1080, 1920], "counts": "PPYo1"}, {"size": [1080, 1920], "counts": "PPYo1"}, {"size": [1080, 1920], "counts": "PPYo1"}, {"size": [1080, 1920], "counts": "PPYo1"}, {"size": [1080, 1920], "counts": "PPYo1"}, {"size": [1080, 1920], "counts": "PPYo1"}, {"size": [1080, 1920], "counts": "e[i`02eQ1100O100O1000O001O0100O1O100000O10Rel]1"}, {"size": [1080, 1920], "counts": "lYh`03dQ11O1O1000000O1000O0001O100O10O10000O101M2NjQ10VnN2O100001O0000O1O1O1001O2N1O0010O1O2OO2N1NfYi00[fVO0ZjU\\1"}, {"size": [1080, 1920], "counts": "]]j`02eQ1100O1001N_S2OblM1O2N1O10O2O001N`Vg02`iXOO1OWYR]1"}, {"size": [1080, 1920], "counts": "PPYo1"}, {"size": [1080, 1920],