{"labels": [12, 7, 10, 12, 2, 3, 4, 6, 7, 8, 10, 11, 1, 2, 3, 4, 6, 7, 8, 10, 11, 12, 19, 12, 10, 12, 2, 10, 7, 12, 2, 8, 10, 12, 1, 2, 3, 4, 7, 8, 10, 14, 20, 22, 7, 12, 10, 12, 10, 10, 2, 3, 4, 10, 12, 19, 1, 2, 4, 7, 10, 12, 10, 10, 2, 8, 19, 12, 1, 3, 6, 7, 8, 10, 11, 12, 19, 1, 2, 3, 4, 8, 10, 2, 12, 2, 2, 10, 2, 4, 7, 8, 10, 12, 19, 1, 6, 11, 12, 7], "scores": [0.00016015127766877413, 0.00014991904026828706, 0.00017455265333410352, 0.0005013722693547606, 0.0, 0.0, 0.0, 0.0, 0.0, 0.0, 0.0, 0.0, 0.0, 0.0, 0.0, 0.0, 0.0, 0.0, 0.0, 0.0, 0.0, 0.0, 0.0, 0.0, 0.00025553093291819096, 0.00016862661868799478, 0.0, 0.0002979392884299159, 0.0006592012941837311, 0.00013409959501586854, 0.0001753142714733258, 0.00016911774582695216, 0.00019511090067680925, 0.0002625556953717023, 0.00045060014235787094, 0.00022235861979424953, 0.49787449836730957, 0.001507720211520791, 0.00044274123501963913, 0.000724195153452456, 0.0007961271330714226, 0.00019837373110931367, 0.0001572259934619069, 0.00015215644089039415, 0.00022704279399476945, 0.00020958675304427743, 0.0001785841304808855, 0.00013493317237589508, 0.0001979748922167346, 0.00020260080054868013, 0.0, 0.0, 0.0, 0.0, 0.0, 0.0, 0.0001880678319139406, 0.00017272826517000794, 0.00027913693338632584, 0.00030725731630809605, 0.0005149526405148208, 0.00046884530456736684, 0.00046879355795681477, 0.00014142075087875128, 0.0, 0.0, 0.9882408380508423, 0.00025776438997127116, 0.0, 0.0, 0.0, 0.0, 0.0, 0.0, 0.0, 0.0, 0.0, 0.00018226381507702172, 0.006302597001194954, 0.0012060892768204212, 0.4093656837940216, 0.00017966469749808311, 0.0005862289690412581, 0.0, 0.0, 0.00015297121717594564, 0.00016245359438471496, 0.0002134941896656528, 0.0, 0.0, 0.0, 0.0, 0.0, 0.0, 0.0, 0.0, 0.0, 0.0, 0.0, 0.00012582285853568465], "bboxes": [[497.0, 526.0, 555.0, 536.0], [522.0, 529.0, 533.0, 535.0], [522.0, 529.0, 533.0, 535.0], [522.0, 529.0, 533.0, 535.0], [0.0, 0.0, 0.0, 0.0], [0.0, 0.0, 0.0, 0.0], [0.0, 0.0, 0.0, 0.0], [0.0, 0.0, 0.0, 0.0], [0.0, 0.0, 0.0, 0.0], [0.0, 0.0, 0.0, 0.0], [0.0, 0.0, 0.0, 0.0], [0.0, 0.0, 0.0, 0.0], [0.0, 0.0, 0.0, 0.0], [0.0, 0.0, 0.0, 0.0], [0.0, 0.0, 0.0, 0.0], [0.0, 0.0, 0.0, 0.0], [0.0, 0.0, 0.0, 0.0], [0.0, 0.0, 0.0, 0.0], [0.0, 0.0, 0.0, 0.0], [0.0, 0.0, 0.0, 0.0], [0.0, 0.0, 0.0, 0.0], [0.0, 0.0, 0.0, 0.0], [0.0, 0.0, 0.0, 0.0], [0.0, 0.0, 0.0, 0.0], [496.0, 528.0, 534.0, 535.0], [496.0, 528.0, 534.0, 535.0], [0.0, 0.0, 0.0, 0.0], [423.0, 527.0, 558.0, 543.0], [1289.0, 473.0, 1310.0, 483.0], [1289.0, 473.0, 1310.0, 483.0], [524.0, 529.0, 531.0, 532.0], [524.0, 529.0, 531.0, 532.0], [524.0, 529.0, 531.0, 532.0], [524.0, 529.0, 531.0, 532.0], [1288.0, 465.0, 1327.0, 485.0], [1288.0, 465.0, 1327.0, 485.0], [1288.0, 465.0, 1327.0, 485.0], [1288.0, 465.0, 1327.0, 485.0], [1288.0, 465.0, 1327.0, 485.0], [1288.0, 465.0, 1327.0, 485.0], [1288.0, 465.0, 1327.0, 485.0], [1288.0, 465.0, 1327.0, 485.0], [1288.0, 465.0, 1327.0, 485.0], [1288.0, 465.0, 1327.0, 485.0], [1012.0, 466.0, 1327.0, 527.0], [520.0, 528.0, 534.0, 535.0], [522.0, 528.0, 533.0, 532.0], [522.0, 528.0, 533.0, 532.0], [520.0, 527.0, 537.0, 535.0], [520.0, 525.0, 557.0, 535.0], [0.0, 0.0, 0.0, 0.0], [0.0, 0.0, 0.0, 0.0], [0.0, 0.0, 0.0, 0.0], [0.0, 0.0, 0.0, 0.0], [0.0, 0.0, 0.0, 0.0], [0.0, 0.0, 0.0, 0.0], [497.0, 526.0, 554.0, 535.0], [497.0, 526.0, 554.0, 535.0], [497.0, 526.0, 554.0, 535.0], [497.0, 526.0, 554.0, 535.0], [497.0, 526.0, 554.0, 535.0], [497.0, 526.0, 554.0, 535.0], [521.0, 524.0, 559.0, 534.0], [521.0, 527.0, 535.0, 533.0], [0.0, 0.0, 0.0, 0.0], [0.0, 0.0, 0.0, 0.0], [397.0, 381.0, 1607.0, 1080.0], [493.0, 525.0, 555.0, 538.0], [0.0, 0.0, 0.0, 0.0], [0.0, 0.0, 0.0, 0.0], [0.0, 0.0, 0.0, 0.0], [0.0, 0.0, 0.0, 0.0], [0.0, 0.0, 0.0, 0.0], [0.0, 0.0, 0.0, 0.0], [0.0, 0.0, 0.0, 0.0], [0.0, 0.0, 0.0, 0.0], [0.0, 0.0, 0.0, 0.0], [1000.0, 513.0, 1163.0, 530.0], [1000.0, 513.0, 1163.0, 530.0], [1000.0, 513.0, 1163.0, 530.0], [1000.0, 513.0, 1163.0, 530.0], [1000.0, 513.0, 1163.0, 530.0], [1000.0, 513.0, 1163.0, 530.0], [0.0, 0.0, 0.0, 0.0], [0.0, 0.0, 0.0, 0.0], [495.0, 526.0, 535.0, 537.0], [521.0, 528.0, 534.0, 534.0], [521.0, 528.0, 534.0, 534.0], [0.0, 0.0, 0.0, 0.0], [0.0, 0.0, 0.0, 0.0], [0.0, 0.0, 0.0, 0.0], [0.0, 0.0, 0.0, 0.0], [0.0, 0.0, 0.0, 0.0], [0.0, 0.0, 0.0, 0.0], [0.0, 0.0, 0.0, 0.0], [0.0, 0.0, 0.0, 0.0], [0.0, 0.0, 0.0, 0.0], [0.0, 0.0, 0.0, 0.0], [0.0, 0.0, 0.0, 0.0], [1298.0, 474.0, 1311.0, 479.0]], "masks": [{"size": [1080, 1920], "counts": "]f\\`02fQ1000]ob02`P]O1O2O0O10001N100001N100000O0100O1O101N2NZj?OoY_\\1"}, {"size": [1080, 1920], "counts": "RRWa04dQ10O101O00O1O1O101N10fZf]1"}, {"size": [1080, 1920], "counts": "RRWa04dQ10O101O00O1O1O101N10fZf]1"}, {"size": [1080, 1920], "counts": "RRWa04dQ10O101O00O1O1O101N10fZf]1"}, {"size": [1080, 1920], "counts": "PPYo1"}, {"size": [1080, 1920], "counts": "PPYo1"}, {"size": [1080, 1920], "counts": "PPYo1"}, {"size": [1080, 1920], "counts": "PPYo1"}, {"size": [1080, 1920], "counts": "PPYo1"}, {"size": [1080, 1920], "counts": "PPYo1"}, {"size": [1080, 1920], "counts": "PPYo1"}, {"size": [1080, 1920], "counts": "PPYo1"}, {"size": [1080, 1920], "counts": "PPYo1"}, {"size": [1080, 1920], "counts": "PPYo1"}, {"size": [1080, 1920], "counts": "PPYo1"}, {"size": [1080, 1920], "counts": "PPYo1"}, {"size": [1080, 1920], "counts": "PPYo1"}, {"size": [1080, 1920], "counts": "PPYo1"}, {"size": [1080, 1920], "counts": "PPYo1"}, {"size": [1080, 1920], "counts": "PPYo1"}, {"size": [1080, 1920], "counts": "PPYo1"}, {"size": [1080, 1920], "counts": "PPYo1"}, {"size": [1080, 1920], "counts": "PPYo1"}, {"size": [1080, 1920], "counts": "PPYo1"}, {"size": [1080, 1920], "counts": "ed[`01eQ13O01O1NmRe02RmZO0O101O0000O101O000O1000oXe]1"}, {"size": [1080, 1920], "counts": "ed[`01eQ13O01O1NmRe02RmZO0O101O0000O101O000O1000oXe]1"}, {"size": [1080, 1920], "counts": "PPYo1"}, {"size": [1080, 1920], "counts": "mdn=2fQ11N1010O011OO0000000002NhX50XgJ000000001N2N2O1O0001O000O1000000000000000000000001O0010OO010O100O10]Vg0NalM4olZO1O101O0O101O00000000O10000O1O1O1O2O0O2Ni_90X`F1O0O101O01O001Nonk\\1"}, {"size": [1080, 1920], "counts": "jn_Z11gQ1000TU30ljL000O1000001N010N20O011O0O1OglRd0"}, {"size": [1080, 1920], "counts": "jn_Z11gQ1000TU30ljL000O1000001N010N20O011O0O1OglRd0"}, {"size": [1080, 1920], "counts": "bUYa01fQ12O0000O2O00V^h]1"}, {"size": [1080, 1920], "counts": "bUYa01fQ12O0000O2O00V^h]1"}, {"size": [1080, 1920], "counts": "bUYa01fQ12O0000O2O00V^h]1"}, {"size": [1080, 1920], "counts": "bUYa01fQ12O0000O2O00V^h]1"}, {"size": [1080, 1920], "counts": "Rm^Z11fQ12O1N100N20O001N200O10O1O1O100O1000O0100O100O10O10O10000O010O0010O001O2N1O1LZo`c0"}, {"size": [1080, 1920], "counts": "Rm^Z11fQ12O1N100N20O001N200O10O1O1O100O1000O0100O100O10O10O10000O010O0010O001O2N1O1LZo`c0"}, {"size": [1080, 1920], "counts": "Rm^Z11fQ12O1N100N20O001N200O10O1O1O100O1000O0100O100O10O10O10000O010O0010O001O2N1O1LZo`c0"}, {"size": [1080, 1920], "counts": "Rm^Z11fQ12O1N100N20O001N200O10O1O1O100O1000O0100O100O10O10O10000O010O0010O001O2N1O1LZo`c0"}, {"size": [1080, 1920], "counts": "Rm^Z11fQ12O1N100N20O001N200O10O1O1O100O1000O0100O100O10O10O10000O010O0010O001O2N1O1LZo`c0"}, {"size": [1080, 1920], "counts": "Rm^Z11fQ12O1N100N20O001N200O10O1O1O100O1000O0100O100O10O10O10000O010O0010O001O2N1O1LZo`c0"}, {"size": [1080, 1920], "counts": "Rm^Z11fQ12O1N100N20O001N200O10O1O1O100O1000O0100O100O10O10O10000O010O0010O001O2N1O1LZo`c0"}, {"size": [1080, 1920], "counts": "Rm^Z11fQ12O1N100N20O001N200O10O1O1O100O1000O0100O100O10O10O10000O010O0010O001O2N1O1LZo`c0"}, {"size": [1080, 1920], "counts": "Rm^Z11fQ12O1N100N20O001N200O10O1O1O100O1000O0100O100O10O10O10000O010O0010O001O2N1O1LZo`c0"}, {"size": [1080, 1920], "counts": "Rm^Z11fQ12O1N100N20O001N200O10O1O1O100O1000O0100O100O10O10O10000O010O0010O001O2N1O1LZo`c0"}, {"size": [1080, 1920],