{"labels": [10, 12, 12, 10, 2, 3, 4, 6, 7, 8, 10, 10, 10, 1, 2, 3, 4, 6, 7, 10, 11, 12, 19, 10, 10, 2, 1, 10, 7, 10, 7, 12, 10, 10, 3, 4, 7, 10, 3, 6, 7, 10, 12, 10, 12, 10, 7, 0, 2, 3, 4, 10, 19, 3, 7, 10, 12, 1, 10, 4, 10, 2, 10, 19, 10, 10, 12, 1, 3, 6, 7, 8, 10, 11, 12, 19, 1, 2, 3, 4, 7, 8, 10, 2, 10, 2, 4, 10, 2, 4, 7, 10, 19, 10, 1, 6, 10, 11, 12, 10], "scores": [0.00012441107537597418, 0.00010161430691368878, 0.0, 0.0002997400297317654, 0.0, 0.0, 0.0, 0.0, 0.0, 0.0, 0.0, 0.00010910126002272591, 0.00014498124073725194, 0.0, 0.0, 0.0, 0.0, 0.0, 0.0, 0.0, 0.0, 0.0, 0.0, 0.000163223608979024, 0.0, 0.0, 0.00011501616245368496, 0.00010703808220569044, 0.0, 9.414979285793379e-05, 0.0005796338082291186, 0.00010795894922921434, 0.0, 0.0, 0.0, 0.0, 0.0, 0.0, 0.0, 0.0, 0.0, 0.0, 0.0, 0.00028911730623804033, 9.015331306727603e-05, 0.00024073199892882258, 0.0, 0.0, 0.0, 0.0, 0.0, 0.0, 0.0, 0.0001158670274890028, 0.00010967757407343015, 0.00018685916438698769, 0.00011279903264949098, 8.869190787663683e-05, 0.00012838885595556349, 0.0, 0.0, 0.0, 0.0, 0.9890769124031067, 0.0002349550777580589, 0.00016051479906309396, 0.00010399393795523793, 0.0, 0.0, 0.0, 0.0, 0.0, 0.0, 0.0, 0.0, 0.0, 0.00023807623074389994, 0.002759577939286828, 0.001215267344377935, 0.03584920987486839, 0.00017571727221366018, 0.00019883204367943108, 0.0009953806875273585, 0.0, 0.0, 0.0, 0.0, 0.00010711318464018404, 0.0, 0.0, 0.0, 0.0, 0.0, 0.00018316032947041094, 0.0, 0.0, 0.0, 0.0, 0.0, 0.0], "bboxes": [[530.0, 526.0, 547.0, 532.0], [530.0, 526.0, 547.0, 532.0], [0.0, 0.0, 0.0, 0.0], [436.0, 524.0, 591.0, 543.0], [0.0, 0.0, 0.0, 0.0], [0.0, 0.0, 0.0, 0.0], [0.0, 0.0, 0.0, 0.0], [0.0, 0.0, 0.0, 0.0], [0.0, 0.0, 0.0, 0.0], [0.0, 0.0, 0.0, 0.0], [0.0, 0.0, 0.0, 0.0], [535.0, 528.0, 543.0, 530.0], [921.0, 521.0, 1026.0, 526.0], [0.0, 0.0, 0.0, 0.0], [0.0, 0.0, 0.0, 0.0], [0.0, 0.0, 0.0, 0.0], [0.0, 0.0, 0.0, 0.0], [0.0, 0.0, 0.0, 0.0], [0.0, 0.0, 0.0, 0.0], [0.0, 0.0, 0.0, 0.0], [0.0, 0.0, 0.0, 0.0], [0.0, 0.0, 0.0, 0.0], [0.0, 0.0, 0.0, 0.0], [530.0, 527.0, 570.0, 535.0], [0.0, 0.0, 0.0, 0.0], [0.0, 0.0, 0.0, 0.0], [920.0, 521.0, 1026.0, 526.0], [920.0, 521.0, 1026.0, 526.0], [0.0, 0.0, 0.0, 0.0], [530.0, 525.0, 546.0, 533.0], [414.0, 672.0, 442.0, 758.0], [414.0, 672.0, 442.0, 758.0], [0.0, 0.0, 0.0, 0.0], [0.0, 0.0, 0.0, 0.0], [0.0, 0.0, 0.0, 0.0], [0.0, 0.0, 0.0, 0.0], [0.0, 0.0, 0.0, 0.0], [0.0, 0.0, 0.0, 0.0], [0.0, 0.0, 0.0, 0.0], [0.0, 0.0, 0.0, 0.0], [0.0, 0.0, 0.0, 0.0], [0.0, 0.0, 0.0, 0.0], [0.0, 0.0, 0.0, 0.0], [534.0, 528.0, 542.0, 530.0], [534.0, 528.0, 542.0, 530.0], [528.0, 525.0, 567.0, 534.0], [0.0, 0.0, 0.0, 0.0], [0.0, 0.0, 0.0, 0.0], [0.0, 0.0, 0.0, 0.0], [0.0, 0.0, 0.0, 0.0], [0.0, 0.0, 0.0, 0.0], [0.0, 0.0, 0.0, 0.0], [0.0, 0.0, 0.0, 0.0], [533.0, 526.0, 544.0, 531.0], [533.0, 526.0, 544.0, 531.0], [533.0, 526.0, 544.0, 531.0], [533.0, 526.0, 544.0, 531.0], [561.0, 529.0, 567.0, 532.0], [561.0, 529.0, 567.0, 532.0], [0.0, 0.0, 0.0, 0.0], [0.0, 0.0, 0.0, 0.0], [0.0, 0.0, 0.0, 0.0], [0.0, 0.0, 0.0, 0.0], [397.0, 378.0, 1607.0, 1080.0], [436.0, 525.0, 587.0, 544.0], [505.0, 522.0, 594.0, 535.0], [505.0, 522.0, 594.0, 535.0], [0.0, 0.0, 0.0, 0.0], [0.0, 0.0, 0.0, 0.0], [0.0, 0.0, 0.0, 0.0], [0.0, 0.0, 0.0, 0.0], [0.0, 0.0, 0.0, 0.0], [0.0, 0.0, 0.0, 0.0], [0.0, 0.0, 0.0, 0.0], [0.0, 0.0, 0.0, 0.0], [0.0, 0.0, 0.0, 0.0], [913.0, 521.0, 1027.0, 527.0], [913.0, 521.0, 1027.0, 527.0], [913.0, 521.0, 1027.0, 527.0], [913.0, 521.0, 1027.0, 527.0], [913.0, 521.0, 1027.0, 527.0], [913.0, 521.0, 1027.0, 527.0], [913.0, 521.0, 1027.0, 527.0], [0.0, 0.0, 0.0, 0.0], [0.0, 0.0, 0.0, 0.0], [0.0, 0.0, 0.0, 0.0], [0.0, 0.0, 0.0, 0.0], [527.0, 524.0, 547.0, 533.0], [0.0, 0.0, 0.0, 0.0], [0.0, 0.0, 0.0, 0.0], [0.0, 0.0, 0.0, 0.0], [0.0, 0.0, 0.0, 0.0], [0.0, 0.0, 0.0, 0.0], [918.0, 521.0, 1041.0, 528.0], [0.0, 0.0, 0.0, 0.0], [0.0, 0.0, 0.0, 0.0], [0.0, 0.0, 0.0, 0.0], [0.0, 0.0, 0.0, 0.0], [0.0, 0.0, 0.0, 0.0], [0.0, 0.0, 0.0, 0.0]], "masks": [{"size": [1080, 1920], "counts": "Q`_a02fQ10O2O0O100O10000000000001O001N2NXbW]1"}, {"size": [1080, 1920], "counts": "Q`_a02fQ10O2O0O100O10000000000001O001N2NXbW]1"}, {"size": [1080, 1920], "counts": "PPYo1"}, {"size": [1080, 1920], "counts": "a[\\>2fQ11O1O1O1N100001O0O100001O001O001O001O010O000000000001O100O1OO01000000001O01O0001O1O0100O000000000O100O1000000O2N`S22_lM0O2O0O01000O010O0100O100O100000000O100000000001N100O2O0O10000O100O100O100O10000O100000000000000001O000O101M2O010000O102N1O1O000000O1010O0100O010O001O0O101N000010O1O10O1000O010O10O100O1O2N1N]Ui[1"}, {"size": [1080, 1920], "counts": "PPYo1"}, {"size": [1080, 1920], "counts": "PPYo1"}, {"size": [1080, 1920], "counts": "PPYo1"}, {"size": [1080, 1920], "counts": "PPYo1"}, {"size": [1080, 1920], "counts": "PPYo1"}, {"size": [1080, 1920], "counts": "PPYo1"}, {"size": [1080, 1920], "counts": "PPYo1"}, {"size": [1080, 1920], "counts": "ihda01gQ10000000O1001OWi[]1"}, {"size": [1080, 1920], "counts": "Ql[n02fQ101OkPW10mRe00XlSN00000000000S\\^m0"}, {"size": [1080, 1920], "counts": "PPYo1"}, {"size": [1080, 1920], "counts": "PPYo1"}, {"size": [1080, 1920], "counts": "PPYo1"}, {"size": [1080, 1920], "counts": "PPYo1"}, {"size": [1080, 1920], "counts": "PPYo1"}, {"size": [1080, 1920], "counts": "PPYo1"}, {"size": [1080, 1920], "counts": "PPYo1"}, {"size": [1080, 1920], "counts": "PPYo1"}, {"size": [1080, 1920], "counts": "PPYo1"}, {"size": [1080, 1920], "counts": "PPYo1"}, {"size": [1080, 1920], "counts": "R`_a01fQ1101O0O10001O0000O10000O2O00`h>0_WA3M2O0001O010O001N3NlY_\\1"}, {"size": [1080, 1920], "counts": "PPYo1"}, {"size": [1080, 1920], "counts": "PPYo1"}, {"size": [1080, 1920], "counts": "YjZn02fQ10001OS_Y30m`fL0S\\^m0"}, {"size": [1080, 1920], "counts": "YjZn02fQ10001OS_Y30m`fL0S\\^m0"}, {"size": [1080, 1920], "counts": "PPYo1"}, {"size": [1080, 1920], "counts": "Q`_a02fQ10O2N1O10000O2OO100000001N3N1NPdX]1"}, {"size": [1080, 1920], "counts": "`Ye=431YQ1800O2O21M1FhnN:WQ19G21M11OZOPoNb0SQ15K01011N0N13M`0EK23J2000O1OO3M23mRf`1"}, {"size": [1080, 1920], "counts": "`Ye=431YQ1800O2O21M1FhnN:WQ19G21M11OZOPoNb0SQ15K01011N0N13M`0EK23J2000O1OO3M23mRf`1"}, {"size": [1080, 1920], "counts": "PPYo1"}, {"size": [1080, 1920], "counts": "PPYo1"}, {"size": [1080, 1920], "counts": "PPYo1"}, {"size": [1080, 1920], "counts": "PPYo1"}, {"size": [1080, 1920], "counts": "PPYo1"}, {"size": [1080, 1920], "counts": "PPYo1"}, {"size": [1080, 1920], "counts": "PPYo1"}, {"size": [1080, 1920], "counts": "PPYo1"}, {"size": [1080, 1920], "counts": "PPYo1"}, {"size": [1080, 1920], "counts": "PPYo1"}, {"size": [1080, 1920], "counts": "PPYo1"}, {"size": [1080, 1920], "counts": "Qgca01gQ100000O11O0000oj\\]1"}, {"size": [1080, 1920], "counts": "Qgca01gQ100000O11O0000oj\\]1"}, {"size": [1080, 1920], "counts": "b\\]a01fQ12O1N1O1O10000O2O000000O1000001O0O3Mhf=1WYB20O1O1O001NW_b\\1"}, {"size": [1080, 1920], "counts": "PPYo1"}, {"size": [1080, 1920], "counts": "PPYo1"}, {"size": [1080, 1920], "counts": "PPYo1"}, {"size": [1080, 1920], "counts": "PPYo1"}, {"size": [1080, 1920], "counts": "PPYo1"}, {"size": [1080, 1920], "counts": "PPYo1"}, {"size": [1080, 1920], "counts": "PPYo1"}, {"size": [1080, 1920], "counts": "Yeba02eQ11O100O1000000001O2M`gZ]1"}, {"size": [1080, 1920], "counts": "Yeba02eQ11O100O1000000001O2M`gZ]1"}, {"size": [1080, 1920], "counts": "Yeba02eQ11O100O1000000001O2M`gZ]1"}, {"size": [1080, 1920], "counts": "Yeba02eQ11O100O1000000001O2M`gZ]1"}, {"size": [1080, 1920], "counts": "YV`b02fQ100001O000W_b\\1"}, {"size": [1080, 1920], "counts": "YV`b02fQ100001O000W_b\\1"}, {"size": [1080, 1920], "counts": "PPYo1"}, {"size": [1080, 1920], "counts": "PPYo1"}, {"size": [1080, 1920], "counts": "PPYo1"}, {"size": [1080, 1920], "counts": "PPYo1"}, {"size": [1080, 1920],