{"labels": [12, 10, 2, 3, 4, 6, 7, 8, 10, 11, 1, 2, 3, 4, 6, 7, 10, 11, 12, 19, 10, 10, 2, 10, 2, 10, 2, 10, 7, 12, 7, 7, 10, 3, 4, 7, 7, 10, 2, 10, 7, 0, 10, 2, 3, 4, 10, 19, 3, 7, 10, 12, 1, 10, 10, 2, 10, 1, 19, 10, 4, 10, 12, 1, 3, 4, 6, 7, 8, 10, 11, 12, 19, 10, 1, 2, 3, 4, 6, 7, 8, 10, 14, 2, 10, 12, 2, 4, 10, 2, 7, 10, 19, 10, 1, 6, 10, 11, 12, 12], "scores": [0.0, 0.00027133451658301055, 0.0, 0.0, 0.0, 0.0, 0.0, 0.0, 0.0, 0.0, 0.0, 0.0, 0.0, 0.0, 0.0, 0.0, 0.0, 0.0, 0.0, 0.0, 0.0, 0.0, 0.0, 0.0, 0.0, 0.0, 0.0, 0.0, 0.0, 0.0, 0.0, 0.0, 0.0, 0.0, 0.0, 0.0, 0.0, 0.0, 0.0, 0.0, 0.0, 0.0, 0.0, 0.0, 0.0, 0.0, 0.0, 0.0, 0.0, 0.0, 0.0, 0.0, 0.0, 0.0, 0.0, 0.0, 0.0, 0.0001619714021217078, 0.9890111088752747, 0.00015255686594173312, 0.0, 0.0, 0.0, 0.0, 0.0, 0.0, 0.0, 0.0, 0.0, 0.0, 0.0, 0.0, 0.0, 0.0, 0.000471972074592486, 0.004814872983843088, 0.0017157030524685979, 0.05255251005291939, 0.0001548446307424456, 0.00023188050545286387, 0.00033724404056556523, 0.0013796781422570348, 0.00010692009527701885, 0.0, 0.0, 0.0, 0.0, 0.0, 9.909598884405568e-05, 0.0, 0.0, 0.0, 0.0, 0.00013336121628526598, 0.0, 0.0, 0.0, 0.0, 0.0, 7.62410563766025e-05], "bboxes": [[0.0, 0.0, 0.0, 0.0], [453.0, 531.0, 587.0, 553.0], [0.0, 0.0, 0.0, 0.0], [0.0, 0.0, 0.0, 0.0], [0.0, 0.0, 0.0, 0.0], [0.0, 0.0, 0.0, 0.0], [0.0, 0.0, 0.0, 0.0], [0.0, 0.0, 0.0, 0.0], [0.0, 0.0, 0.0, 0.0], [0.0, 0.0, 0.0, 0.0], [0.0, 0.0, 0.0, 0.0], [0.0, 0.0, 0.0, 0.0], [0.0, 0.0, 0.0, 0.0], [0.0, 0.0, 0.0, 0.0], [0.0, 0.0, 0.0, 0.0], [0.0, 0.0, 0.0, 0.0], [0.0, 0.0, 0.0, 0.0], [0.0, 0.0, 0.0, 0.0], [0.0, 0.0, 0.0, 0.0], [0.0, 0.0, 0.0, 0.0], [0.0, 0.0, 0.0, 0.0], [0.0, 0.0, 0.0, 0.0], [0.0, 0.0, 0.0, 0.0], [0.0, 0.0, 0.0, 0.0], [0.0, 0.0, 0.0, 0.0], [0.0, 0.0, 0.0, 0.0], [0.0, 0.0, 0.0, 0.0], [0.0, 0.0, 0.0, 0.0], [0.0, 0.0, 0.0, 0.0], [0.0, 0.0, 0.0, 0.0], [0.0, 0.0, 0.0, 0.0], [0.0, 0.0, 0.0, 0.0], [0.0, 0.0, 0.0, 0.0], [0.0, 0.0, 0.0, 0.0], [0.0, 0.0, 0.0, 0.0], [0.0, 0.0, 0.0, 0.0], [0.0, 0.0, 0.0, 0.0], [0.0, 0.0, 0.0, 0.0], [0.0, 0.0, 0.0, 0.0], [0.0, 0.0, 0.0, 0.0], [0.0, 0.0, 0.0, 0.0], [0.0, 0.0, 0.0, 0.0], [0.0, 0.0, 0.0, 0.0], [0.0, 0.0, 0.0, 0.0], [0.0, 0.0, 0.0, 0.0], [0.0, 0.0, 0.0, 0.0], [0.0, 0.0, 0.0, 0.0], [0.0, 0.0, 0.0, 0.0], [0.0, 0.0, 0.0, 0.0], [0.0, 0.0, 0.0, 0.0], [0.0, 0.0, 0.0, 0.0], [0.0, 0.0, 0.0, 0.0], [0.0, 0.0, 0.0, 0.0], [0.0, 0.0, 0.0, 0.0], [0.0, 0.0, 0.0, 0.0], [0.0, 0.0, 0.0, 0.0], [0.0, 0.0, 0.0, 0.0], [397.0, 377.0, 1605.0, 1080.0], [397.0, 377.0, 1605.0, 1080.0], [418.0, 532.0, 578.0, 551.0], [0.0, 0.0, 0.0, 0.0], [0.0, 0.0, 0.0, 0.0], [0.0, 0.0, 0.0, 0.0], [0.0, 0.0, 0.0, 0.0], [0.0, 0.0, 0.0, 0.0], [0.0, 0.0, 0.0, 0.0], [0.0, 0.0, 0.0, 0.0], [0.0, 0.0, 0.0, 0.0], [0.0, 0.0, 0.0, 0.0], [0.0, 0.0, 0.0, 0.0], [0.0, 0.0, 0.0, 0.0], [0.0, 0.0, 0.0, 0.0], [0.0, 0.0, 0.0, 0.0], [0.0, 0.0, 0.0, 0.0], [957.0, 521.0, 1017.0, 528.0], [957.0, 521.0, 1017.0, 528.0], [957.0, 521.0, 1017.0, 528.0], [957.0, 521.0, 1017.0, 528.0], [957.0, 521.0, 1017.0, 528.0], [957.0, 521.0, 1017.0, 528.0], [957.0, 521.0, 1017.0, 528.0], [957.0, 521.0, 1017.0, 528.0], [957.0, 521.0, 1017.0, 528.0], [0.0, 0.0, 0.0, 0.0], [0.0, 0.0, 0.0, 0.0], [0.0, 0.0, 0.0, 0.0], [0.0, 0.0, 0.0, 0.0], [0.0, 0.0, 0.0, 0.0], [541.0, 533.0, 552.0, 540.0], [0.0, 0.0, 0.0, 0.0], [0.0, 0.0, 0.0, 0.0], [0.0, 0.0, 0.0, 0.0], [0.0, 0.0, 0.0, 0.0], [929.0, 466.0, 1310.0, 527.0], [0.0, 0.0, 0.0, 0.0], [0.0, 0.0, 0.0, 0.0], [0.0, 0.0, 0.0, 0.0], [0.0, 0.0, 0.0, 0.0], [0.0, 0.0, 0.0, 0.0], [542.0, 533.0, 553.0, 539.0]], "masks": [{"size": [1080, 1920], "counts": "PPYo1"}, {"size": [1080, 1920], "counts": "aYn>2eQ14M000O20O0O100001O100O001O001N1010O0001O1O001O001O000000000000000000000000001O0000000001N100O100O100O100O11O0000000O10000000O10O0100O1O101O00001O0O100O0101O00001O0O10000O101N100O101O0O100O1000000001O001O002N1N2O3K3NZZ63ceI2O1O1N3N1O0010O000000001N1N1N300O10S\\m[1"}, {"size": [1080, 1920], "counts": "PPYo1"}, {"size": [1080, 1920], "counts": "PPYo1"}, {"size": [1080, 1920], "counts": "PPYo1"}, {"size": [1080, 1920], "counts": "PPYo1"}, {"size": [1080, 1920], "counts": "PPYo1"}, {"size": [1080, 1920], "counts": "PPYo1"}, {"size": [1080, 1920], "counts": "PPYo1"}, {"size": [1080, 1920], "counts": "PPYo1"}, {"size": [1080, 1920], "counts": "PPYo1"}, {"size": [1080, 1920], "counts": "PPYo1"}, {"size": [1080, 1920], "counts": "PPYo1"}, {"size": [1080, 1920], "counts": "PPYo1"}, {"size": [1080, 1920], "counts": "PPYo1"}, {"size": [1080, 1920], "counts": "PPYo1"}, {"size": [1080, 1920], "counts": "PPYo1"}, {"size": [1080, 1920], "counts": "PPYo1"}, {"size": [1080, 1920], "counts": "PPYo1"}, {"size": [1080, 1920], "counts": "PPYo1"}, {"size": [1080, 1920], "counts": "PPYo1"}, {"size": [1080, 1920], "counts": "PPYo1"}, {"size": [1080, 1920], "counts": "PPYo1"}, {"size": [1080, 1920], "counts": "PPYo1"}, {"size": [1080, 1920], "counts": "PPYo1"}, {"size": [1080, 1920], "counts": "PPYo1"}, {"size": [1080, 1920], "counts": "PPYo1"}, {"size": [1080, 1920], "counts": "PPYo1"}, {"size": [1080, 1920], "counts": "PPYo1"}, {"size": [1080, 1920], "counts": "PPYo1"}, {"size": [1080, 1920], "counts": "PPYo1"}, {"size": [1080, 1920], "counts": "PPYo1"}, {"size": [1080, 1920], "counts": "PPYo1"}, {"size": [1080, 1920], "counts": "PPYo1"}, {"size": [1080, 1920], "counts": "PPYo1"}, {"size": [1080, 1920], "counts": "PPYo1"}, {"size": [1080, 1920], "counts": "PPYo1"}, {"size": [1080, 1920], "counts": "PPYo1"}, {"size": [1080, 1920], "counts": "PPYo1"}, {"size": [1080, 1920], "counts": "PPYo1"}, {"size": [1080, 1920], "counts": "PPYo1"}, {"size": [1080, 1920], "counts": "PPYo1"}, {"size": [1080, 1920], "counts": "PPYo1"}, {"size": [1080, 1920], "counts": "PPYo1"}, {"size": [1080, 1920], "counts": "PPYo1"}, {"size": [1080, 1920], "counts": "PPYo1"}, {"size": [1080, 1920], "counts": "PPYo1"}, {"size": [1080, 1920], "counts": "PPYo1"}, {"size": [1080, 1920], "counts": "PPYo1"}, {"size": [1080, 1920], "counts": "PPYo1"}, {"size": [1080, 1920], "counts": "PPYo1"}, {"size": [1080, 1920], "counts": "PPYo1"}, {"size": [1080, 1920], "counts": "PPYo1"}, {"size": [1080, 1920], "counts": "PPYo1"}, {"size": [1080, 1920], "counts": "PPYo1"}, {"size": [1080, 1920], "counts": "PPYo1"}, {"size": [1080, 1920], "counts": "PPYo1"}, {"size": [1080, 1920],