{"labels": [12, 10, 2, 3, 4, 6, 7, 8, 10, 11, 12, 1, 2, 3, 6, 7, 10, 11, 12, 19, 12, 10, 2, 8, 10, 4, 7, 7, 2, 8, 12, 1, 3, 4, 7, 8, 10, 6, 7, 12, 10, 10, 12, 0, 2, 3, 4, 7, 10, 12, 19, 3, 7, 10, 12, 1, 10, 10, 2, 10, 19, 10, 12, 1, 2, 3, 4, 7, 8, 10, 11, 12, 19, 20, 2, 1, 2, 3, 4, 6, 7, 8, 10, 19, 2, 10, 12, 2, 4, 2, 7, 8, 12, 19, 1, 6, 7, 11, 12, 7], "scores": [0.0002802968374453485, 0.00013506188406609, 0.0, 0.0, 0.0, 0.0, 0.0, 0.0, 0.0, 0.0, 8.948212780524045e-05, 0.0, 0.0, 0.0, 0.0, 0.0, 0.0, 0.0, 0.0, 0.0, 0.00016340226284228265, 0.0, 0.0, 0.0, 0.0, 0.00011013555194949731, 0.00011795762839028612, 0.0, 0.0, 0.0, 0.0, 0.0001015712259686552, 0.4723578095436096, 0.0005175340338610113, 0.00036122219171375036, 0.000157759350258857, 0.00014064699644222856, 0.00013270587078295648, 0.0008659796440042555, 0.00011236528371227905, 9.557563316775486e-05, 0.00017551718337927014, 0.0001305894402321428, 0.00010293804371031001, 0.012795576825737953, 0.0008300905465148389, 0.00031217190553434193, 8.835853805067018e-05, 0.0001724798494251445, 0.00010550441947998479, 0.00017328369722235948, 0.000158064576680772, 0.00017923563427757472, 0.00014271681720856577, 0.0002068951289402321, 0.00021952090901322663, 0.00041679985588416457, 0.0, 0.0, 0.0, 0.9872135519981384, 0.00012216184404678643, 0.00023409244022332132, 0.0017870665760710835, 0.00013031945854891092, 0.00012433307711035013, 0.0006455503171309829, 0.0007279625278897583, 0.049842774868011475, 0.006678981706500053, 0.0001600946270627901, 0.0015100047457963228, 0.0011739853071048856, 0.00016820548626128584, 0.0, 0.0, 0.0, 0.0, 0.0, 0.0, 0.0, 0.0, 0.0, 0.0, 0.0, 0.0, 0.0, 0.0, 0.0, 0.0, 0.0, 0.0, 0.0, 0.0, 0.0, 0.0, 0.0, 0.0, 0.0, 0.0], "bboxes": [[553.0, 537.0, 555.0, 539.0], [453.0, 465.0, 1318.0, 550.0], [0.0, 0.0, 0.0, 0.0], [0.0, 0.0, 0.0, 0.0], [0.0, 0.0, 0.0, 0.0], [0.0, 0.0, 0.0, 0.0], [0.0, 0.0, 0.0, 0.0], [0.0, 0.0, 0.0, 0.0], [0.0, 0.0, 0.0, 0.0], [0.0, 0.0, 0.0, 0.0], [552.0, 537.0, 556.0, 539.0], [0.0, 0.0, 0.0, 0.0], [0.0, 0.0, 0.0, 0.0], [0.0, 0.0, 0.0, 0.0], [0.0, 0.0, 0.0, 0.0], [0.0, 0.0, 0.0, 0.0], [0.0, 0.0, 0.0, 0.0], [0.0, 0.0, 0.0, 0.0], [0.0, 0.0, 0.0, 0.0], [0.0, 0.0, 0.0, 0.0], [1294.0, 465.0, 1315.0, 475.0], [0.0, 0.0, 0.0, 0.0], [0.0, 0.0, 0.0, 0.0], [0.0, 0.0, 0.0, 0.0], [0.0, 0.0, 0.0, 0.0], [918.0, 464.0, 1318.0, 523.0], [1312.0, 466.0, 1315.0, 470.0], [0.0, 0.0, 0.0, 0.0], [0.0, 0.0, 0.0, 0.0], [0.0, 0.0, 0.0, 0.0], [0.0, 0.0, 0.0, 0.0], [553.0, 465.0, 1313.0, 538.0], [553.0, 465.0, 1313.0, 538.0], [553.0, 465.0, 1313.0, 538.0], [553.0, 465.0, 1313.0, 538.0], [553.0, 465.0, 1313.0, 538.0], [553.0, 465.0, 1313.0, 538.0], [1250.0, 465.0, 1315.0, 494.0], [1250.0, 465.0, 1315.0, 494.0], [1311.0, 465.0, 1317.0, 472.0], [1312.0, 465.0, 1315.0, 468.0], [492.0, 537.0, 556.0, 542.0], [492.0, 537.0, 556.0, 542.0], [1248.0, 474.0, 1295.0, 494.0], [1526.0, 408.0, 1543.0, 427.0], [1526.0, 408.0, 1543.0, 427.0], [1526.0, 408.0, 1543.0, 427.0], [1526.0, 408.0, 1543.0, 427.0], [1526.0, 408.0, 1543.0, 427.0], [1526.0, 408.0, 1543.0, 427.0], [1526.0, 408.0, 1543.0, 427.0], [494.0, 536.0, 556.0, 539.0], [494.0, 536.0, 556.0, 539.0], [494.0, 536.0, 556.0, 539.0], [494.0, 536.0, 556.0, 539.0], [467.0, 533.0, 558.0, 546.0], [467.0, 533.0, 558.0, 546.0], [0.0, 0.0, 0.0, 0.0], [0.0, 0.0, 0.0, 0.0], [0.0, 0.0, 0.0, 0.0], [397.0, 379.0, 1606.0, 1080.0], [550.0, 466.0, 1315.0, 540.0], [550.0, 466.0, 1315.0, 540.0], [414.0, 526.0, 564.0, 552.0], [414.0, 526.0, 564.0, 552.0], [414.0, 526.0, 564.0, 552.0], [414.0, 526.0, 564.0, 552.0], [414.0, 526.0, 564.0, 552.0], [414.0, 526.0, 564.0, 552.0], [414.0, 526.0, 564.0, 552.0], [414.0, 526.0, 564.0, 552.0], [414.0, 526.0, 564.0, 552.0], [414.0, 526.0, 564.0, 552.0], [414.0, 526.0, 564.0, 552.0], [0.0, 0.0, 0.0, 0.0], [0.0, 0.0, 0.0, 0.0], [0.0, 0.0, 0.0, 0.0], [0.0, 0.0, 0.0, 0.0], [0.0, 0.0, 0.0, 0.0], [0.0, 0.0, 0.0, 0.0], [0.0, 0.0, 0.0, 0.0], [0.0, 0.0, 0.0, 0.0], [0.0, 0.0, 0.0, 0.0], [0.0, 0.0, 0.0, 0.0], [0.0, 0.0, 0.0, 0.0], [0.0, 0.0, 0.0, 0.0], [0.0, 0.0, 0.0, 0.0], [0.0, 0.0, 0.0, 0.0], [0.0, 0.0, 0.0, 0.0], [0.0, 0.0, 0.0, 0.0], [0.0, 0.0, 0.0, 0.0], [0.0, 0.0, 0.0, 0.0], [0.0, 0.0, 0.0, 0.0], [0.0, 0.0, 0.0, 0.0], [0.0, 0.0, 0.0, 0.0], [0.0, 0.0, 0.0, 0.0], [0.0, 0.0, 0.0, 0.0], [0.0, 0.0, 0.0, 0.0], [0.0, 0.0, 0.0, 0.0], [0.0, 0.0, 0.0, 0.0]], "masks": [{"size": [1080, 1920], "counts": "ahWb02fQ10oSo\\1"}, {"size": [1080, 1920], "counts": "aYn>2fQ1000O2O000000000O101O1N2O0000O101O010O0001O1N2O1O000000000O2O1O001N100000000000O10000000001O001O00000000000O2N101N101N1O1000000O101O001O000000O100001O0000001O0000000OiQ10XnN0O2O0O1O1O2O0O100O101N10000O10000000000101N1O1O2Lod<3P[C2N1O000001O1N2NfRe0M]mZO11O0000hegf00XZXYO00000O1O1O10O010OO2O1O1000O1O1N2NQ_jc0"}, {"size": [1080, 1920], "counts": "PPYo1"}, {"size": [1080, 1920], "counts": "PPYo1"}, {"size": [1080, 1920], "counts": "PPYo1"}, {"size": [1080, 1920], "counts": "PPYo1"}, {"size": [1080, 1920], "counts": "PPYo1"}, {"size": [1080, 1920], "counts": "PPYo1"}, {"size": [1080, 1920], "counts": "PPYo1"}, {"size": [1080, 1920], "counts": "PPYo1"}, {"size": [1080, 1920], "counts": "ifVb02fQ10000OXRn\\1"}, {"size": [1080, 1920], "counts": "PPYo1"}, {"size": [1080, 1920], "counts": "PPYo1"}, {"size": [1080, 1920], "counts": "PPYo1"}, {"size": [1080, 1920], "counts": "PPYo1"}, {"size": [1080, 1920], "counts": "PPYo1"}, {"size": [1080, 1920], "counts": "PPYo1"}, {"size": [1080, 1920], "counts": "PPYo1"}, {"size": [1080, 1920], "counts": "PPYo1"}, {"size": [1080, 1920], "counts": "PPYo1"}, {"size": [1080, 1920], "counts": "ZWeZ11Wob03\\R^O10OXdmc0"}, {"size": [1080, 1920], "counts": "PPYo1"}, {"size": [1080, 1920], "counts": "PPYo1"}, {"size": [1080, 1920], "counts": "PPYo1"}, {"size": [1080, 1920], "counts": "PPYo1"}, {"size": [1080, 1920], "counts": "jfXn01njb<1hV^C000O100N200O001O1O1O10O10O10N3N1NQ_jc0"}, {"size": [1080, 1920], "counts": "bVX[11gQ13MNXdmc0"}, {"size": [1080, 1920], "counts": "PPYo1"}, {"size": [1080, 1920], "counts": "PPYo1"}, {"size": [1080, 1920], "counts": "PPYo1"}, {"size": [1080, 1920], "counts": "PPYo1"}, {"size": [1080, 1920], "counts": "ahWb01gQ10`ek;0`ZTD1O001OO10001Ooc^<1P\\aC00O10M1110O01N2O02M2Oggoc0"}, {"size": [1080, 1920], "counts": "ahWb01gQ10`ek;0`ZTD1O001OO10001Ooc^<1P\\aC00O10M1110O01N2O02M2Oggoc0"}, {"size": [1080, 1920], "counts": "ahWb01gQ10`ek;0`ZTD1O001OO10001Ooc^<1P\\aC00O10M1110O01N2O02M2Oggoc0"}, {"size": [1080, 1920], "counts": "ahWb01gQ10`ek;0`ZTD1O001OO10001Ooc^<1P\\aC00O10M1110O01N2O02M2Oggoc0"}, {"size": [1080, 1920], "counts": "ahWb01gQ10`ek;0`ZTD1O001OO10001Ooc^<1P\\aC00O10M1110O01N2O02M2Oggoc0"}, {"size": [1080, 1920], "counts": "ahWb01gQ10`ek;0`ZTD1O001OO10001Ooc^<1P\\aC00O10M1110O01N2O02M2Oggoc0"}, {"size": [1080, 1920], "counts": "mjVY11\\S20[nN2NO1O10hRe00WmZO11OlV40SiK2O1OO10O100N110O10O010O100O010000O100O10O100O01OO1010O0100NYdmc0"}, {"size": [1080, 1920], "counts": "mjVY11\\S20[nN2NO1O10hRe00WmZO11OlV40SiK2O1OO10O100N110O10O010O100O010000O100O10O100O01OO1010O0100NYdmc0"}, {"size": [1080, 1920], "counts": "mTW[12cQ13O2OO1O1Ni`kc0"}, {"size": [1080, 1920], "counts": "bVX[11fQ12O0Wdmc0"}, {"size": [1080, 1920], "counts": "j]W`01fQ12O1O001O01O003Mljf11SUYN00OXRn\\1"}, {"size": [1080, 1920], "counts": "j]W`01fQ12O1O001O01O003Mljf11SUYN00OXRn\\1"}, {"size": [1080, 1920], "counts": "]gTY11fQ11N200000O1O1O10\\bn00d]QO0\\Z60b\\\\d0"}, {"size": [1080, 1920], "counts": "akYb13eQ1001O6I1M3N2O1NM7L3N3KiQ10XnN3N12NnV]<"}, {"size": [1080, 1920], "counts": "akYb13eQ1001O6I1M3N2O1NM7L3N3KiQ10XnN3N12NnV]<"}, {"size": [1080, 1920], "counts": "akYb13eQ1001O6I1M3N2O1NM7L3N3KiQ10XnN3N12NnV]<"}, {"size": [1080, 1920], "counts": "akYb13eQ1001O6I1M3N2O1NM7L3N3KiQ10XnN3N12NnV]<"}, {"size": [1080, 1920], "counts": "akYb13eQ1001O6I1M3N2O1NM7L3N3KiQ10XnN3N12NnV]<"}, {"size": [1080, 1920], "counts": "akYb13eQ1001O6I1M3N2O1NM7L3N3KiQ10XnN3N12NnV]<"}, {"size": [1080, 1920], "counts": "akYb13eQ1001O6I1M3N2O1NM7L3N3KiQ10XnN3N12NnV]<"}, {"size": [1080, 1920],