{"labels": [12, 7, 2, 3, 4, 6, 7, 8, 10, 11, 10, 10, 1, 3, 4, 6, 7, 10, 11, 12, 19, 10, 10, 10, 2, 7, 10, 10, 7, 10, 12, 7, 12, 3, 4, 7, 10, 3, 6, 7, 10, 12, 10, 10, 7, 0, 10, 10, 2, 3, 4, 10, 19, 3, 7, 10, 12, 1, 10, 10, 2, 10, 19, 10, 10, 10, 12, 1, 3, 6, 7, 8, 10, 11, 12, 19, 10, 1, 2, 3, 4, 6, 7, 8, 10, 2, 10, 2, 2, 10, 2, 7, 10, 19, 10, 1, 6, 11, 12, 10], "scores": [0.0, 0.0, 0.0, 0.0, 0.0, 0.0, 0.0, 0.0, 0.0, 0.0, 0.00029143854044377804, 0.00012774132483173162, 0.0, 0.0, 0.0, 0.0, 0.0, 0.0, 0.0, 0.0, 0.0, 0.0, 0.0005198508151806891, 0.0, 0.0, 0.0, 0.0, 0.00013659852265845984, 0.0, 0.0, 0.0, 0.0, 0.0, 0.0, 0.0, 0.0, 0.0, 0.0, 0.0, 0.0, 0.0, 0.0, 0.0, 0.0, 0.0, 0.0, 0.0, 0.0, 0.005989174824208021, 0.00034876968129538, 0.0003327463346067816, 0.00028454206767491996, 0.00014182209270074964, 0.0, 0.0, 0.0, 0.0, 0.00015712786989752203, 0.0002503346768207848, 0.0, 0.0, 0.0, 0.9894760847091675, 0.00010770305379992351, 0.00016047694953158498, 0.00018364519928582013, 0.0001714721292955801, 0.0, 0.0, 0.0, 0.0, 0.0, 0.0, 0.0, 0.0, 0.0, 0.0, 0.0002348613052163273, 0.003783355001360178, 0.0010679317638278008, 0.04556823894381523, 0.00011603593884501606, 0.0002057968231383711, 0.0001444928057026118, 0.0010690317722037435, 0.0, 0.0, 0.0, 0.0, 0.0, 0.0, 0.0, 0.0, 0.0, 0.00011626932973740622, 0.0, 0.0, 0.0, 0.0, 0.0], "bboxes": [[0.0, 0.0, 0.0, 0.0], [0.0, 0.0, 0.0, 0.0], [0.0, 0.0, 0.0, 0.0], [0.0, 0.0, 0.0, 0.0], [0.0, 0.0, 0.0, 0.0], [0.0, 0.0, 0.0, 0.0], [0.0, 0.0, 0.0, 0.0], [0.0, 0.0, 0.0, 0.0], [0.0, 0.0, 0.0, 0.0], [0.0, 0.0, 0.0, 0.0], [489.0, 531.0, 560.0, 543.0], [894.0, 514.0, 963.0, 527.0], [0.0, 0.0, 0.0, 0.0], [0.0, 0.0, 0.0, 0.0], [0.0, 0.0, 0.0, 0.0], [0.0, 0.0, 0.0, 0.0], [0.0, 0.0, 0.0, 0.0], [0.0, 0.0, 0.0, 0.0], [0.0, 0.0, 0.0, 0.0], [0.0, 0.0, 0.0, 0.0], [0.0, 0.0, 0.0, 0.0], [0.0, 0.0, 0.0, 0.0], [480.0, 536.0, 508.0, 545.0], [0.0, 0.0, 0.0, 0.0], [0.0, 0.0, 0.0, 0.0], [0.0, 0.0, 0.0, 0.0], [0.0, 0.0, 0.0, 0.0], [552.0, 533.0, 559.0, 538.0], [0.0, 0.0, 0.0, 0.0], [0.0, 0.0, 0.0, 0.0], [0.0, 0.0, 0.0, 0.0], [0.0, 0.0, 0.0, 0.0], [0.0, 0.0, 0.0, 0.0], [0.0, 0.0, 0.0, 0.0], [0.0, 0.0, 0.0, 0.0], [0.0, 0.0, 0.0, 0.0], [0.0, 0.0, 0.0, 0.0], [0.0, 0.0, 0.0, 0.0], [0.0, 0.0, 0.0, 0.0], [0.0, 0.0, 0.0, 0.0], [0.0, 0.0, 0.0, 0.0], [0.0, 0.0, 0.0, 0.0], [0.0, 0.0, 0.0, 0.0], [0.0, 0.0, 0.0, 0.0], [0.0, 0.0, 0.0, 0.0], [0.0, 0.0, 0.0, 0.0], [0.0, 0.0, 0.0, 0.0], [0.0, 0.0, 0.0, 0.0], [612.0, 514.0, 620.0, 519.0], [612.0, 514.0, 620.0, 519.0], [612.0, 514.0, 620.0, 519.0], [612.0, 514.0, 620.0, 519.0], [612.0, 514.0, 620.0, 519.0], [0.0, 0.0, 0.0, 0.0], [0.0, 0.0, 0.0, 0.0], [0.0, 0.0, 0.0, 0.0], [0.0, 0.0, 0.0, 0.0], [484.0, 537.0, 506.0, 543.0], [484.0, 537.0, 506.0, 543.0], [0.0, 0.0, 0.0, 0.0], [0.0, 0.0, 0.0, 0.0], [0.0, 0.0, 0.0, 0.0], [397.0, 373.0, 1607.0, 1080.0], [938.0, 521.0, 961.0, 527.0], [417.0, 528.0, 583.0, 550.0], [548.0, 532.0, 559.0, 538.0], [548.0, 532.0, 559.0, 538.0], [0.0, 0.0, 0.0, 0.0], [0.0, 0.0, 0.0, 0.0], [0.0, 0.0, 0.0, 0.0], [0.0, 0.0, 0.0, 0.0], [0.0, 0.0, 0.0, 0.0], [0.0, 0.0, 0.0, 0.0], [0.0, 0.0, 0.0, 0.0], [0.0, 0.0, 0.0, 0.0], [0.0, 0.0, 0.0, 0.0], [0.0, 0.0, 0.0, 0.0], [954.0, 521.0, 1006.0, 526.0], [954.0, 521.0, 1006.0, 526.0], [954.0, 521.0, 1006.0, 526.0], [954.0, 521.0, 1006.0, 526.0], [954.0, 521.0, 1006.0, 526.0], [954.0, 521.0, 1006.0, 526.0], [954.0, 521.0, 1006.0, 526.0], [954.0, 521.0, 1006.0, 526.0], [0.0, 0.0, 0.0, 0.0], [0.0, 0.0, 0.0, 0.0], [0.0, 0.0, 0.0, 0.0], [0.0, 0.0, 0.0, 0.0], [0.0, 0.0, 0.0, 0.0], [0.0, 0.0, 0.0, 0.0], [0.0, 0.0, 0.0, 0.0], [0.0, 0.0, 0.0, 0.0], [0.0, 0.0, 0.0, 0.0], [907.0, 517.0, 967.0, 527.0], [0.0, 0.0, 0.0, 0.0], [0.0, 0.0, 0.0, 0.0], [0.0, 0.0, 0.0, 0.0], [0.0, 0.0, 0.0, 0.0], [0.0, 0.0, 0.0, 0.0]], "masks": [{"size": [1080, 1920], "counts": "PPYo1"}, {"size": [1080, 1920], "counts": "PPYo1"}, {"size": [1080, 1920], "counts": "PPYo1"}, {"size": [1080, 1920], "counts": "PPYo1"}, {"size": [1080, 1920], "counts": "PPYo1"}, {"size": [1080, 1920], "counts": "PPYo1"}, {"size": [1080, 1920], "counts": "PPYo1"}, {"size": [1080, 1920], "counts": "PPYo1"}, {"size": [1080, 1920], "counts": "PPYo1"}, {"size": [1080, 1920], "counts": "PPYo1"}, {"size": [1080, 1920], "counts": "bXT`04dQ101O01O000O100O1001O001OO100O100001N1MoUZ10SjeN2O1O1N1O1001O00001N\\ki\\1"}, {"size": [1080, 1920], "counts": "b\\_m01gQ100000000000kQ10UnN00001O0000000000010O1O100O0001O001O01O01O0O10k_90U`F0O100O2N1000000O1000000001O00O01000000000000O1O2N1000^j`o0"}, {"size": [1080, 1920], "counts": "PPYo1"}, {"size": [1080, 1920], "counts": "PPYo1"}, {"size": [1080, 1920], "counts": "PPYo1"}, {"size": [1080, 1920], "counts": "PPYo1"}, {"size": [1080, 1920], "counts": "PPYo1"}, {"size": [1080, 1920], "counts": "PPYo1"}, {"size": [1080, 1920], "counts": "PPYo1"}, {"size": [1080, 1920], "counts": "PPYo1"}, {"size": [1080, 1920], "counts": "PPYo1"}, {"size": [1080, 1920], "counts": "PPYo1"}, {"size": [1080, 1920], "counts": "jhj?1gQ1003L101N10001O00001O0001O0000000000000O2O000000O02O2MUf`^1"}, {"size": [1080, 1920], "counts": "PPYo1"}, {"size": [1080, 1920], "counts": "PPYo1"}, {"size": [1080, 1920], "counts": "PPYo1"}, {"size": [1080, 1920], "counts": "PPYo1"}, {"size": [1080, 1920], "counts": "ffVb01fQ14M0000O100OTmj\\1"}, {"size": [1080, 1920], "counts": "PPYo1"}, {"size": [1080, 1920], "counts": "PPYo1"}, {"size": [1080, 1920], "counts": "PPYo1"}, {"size": [1080, 1920], "counts": "PPYo1"}, {"size": [1080, 1920], "counts": "PPYo1"}, {"size": [1080, 1920], "counts": "PPYo1"}, {"size": [1080, 1920], "counts": "PPYo1"}, {"size": [1080, 1920], "counts": "PPYo1"}, {"size": [1080, 1920], "counts": "PPYo1"}, {"size": [1080, 1920], "counts": "PPYo1"}, {"size": [1080, 1920], "counts": "PPYo1"}, {"size": [1080, 1920], "counts": "PPYo1"}, {"size": [1080, 1920], "counts": "PPYo1"}, {"size": [1080, 1920], "counts": "PPYo1"}, {"size": [1080, 1920], "counts": "PPYo1"}, {"size": [1080, 1920], "counts": "PPYo1"}, {"size": [1080, 1920], "counts": "PPYo1"}, {"size": [1080, 1920], "counts": "PPYo1"}, {"size": [1080, 1920], "counts": "PPYo1"}, {"size": [1080, 1920], "counts": "PPYo1"}, {"size": [1080, 1920], "counts": "RoUd03eQ11O0010O1O001OkbjZ1"}, {"size": [1080, 1920], "counts": "RoUd03eQ11O0010O1O001OkbjZ1"}, {"size": [1080, 1920], "counts": "RoUd03eQ11O0010O1O001OkbjZ1"}, {"size": [1080, 1920], "counts": "RoUd03eQ11O0010O1O001OkbjZ1"}, {"size": [1080, 1920], "counts": "RoUd03eQ11O0010O1O001OkbjZ1"}, {"size": [1080, 1920], "counts": "PPYo1"}, {"size": [1080, 1920], "counts": "PPYo1"}, {"size": [1080, 1920], "counts": "PPYo1"}, {"size": [1080, 1920], "counts": "PPYo1"}, {"size": [1080, 1920], "counts": "jon?1fQ12O1O1O00001O0001O00O10000001O1N3N00]S20Yf`^1"}, {"size": [1080, 1920], "counts": "jon?1fQ12O1O1O00001O0001O00O10000001O1N3N00]S20Yf`^1"}, {"size": [1080, 1920], "counts": "PPYo1"}, {"size": [1080, 1920], "counts": "PPYo1"}, {"size": [1080, 1920], "counts": "PPYo1"}, {"size": [1080, 1920],