{"labels": [12, 12, 10, 2, 3, 4, 6, 7, 8, 10, 11, 0, 1, 2, 3, 4, 6, 7, 8, 10, 11, 12, 19, 10, 12, 2, 10, 1, 2, 7, 12, 12, 7, 12, 19, 7, 12, 3, 4, 7, 1, 7, 10, 7, 0, 10, 2, 3, 4, 10, 19, 10, 2, 3, 7, 10, 12, 1, 10, 10, 2, 10, 19, 7, 12, 10, 12, 1, 3, 4, 6, 7, 8, 10, 11, 12, 19, 2, 1, 2, 3, 4, 6, 7, 8, 10, 14, 2, 10, 12, 2, 4, 2, 7, 10, 12, 19, 1, 11, 10], "scores": [7.290719804586843e-05, 0.0, 0.0001954216422745958, 0.0, 0.0, 0.0, 0.0, 0.0, 0.0, 0.0, 0.0, 0.0, 0.0, 0.0, 0.0, 0.0, 0.0, 0.0, 0.0, 0.0, 0.0, 0.0, 0.0, 0.0, 0.0, 0.0, 0.0, 0.0, 0.0, 8.336755126947537e-05, 0.0, 0.0, 0.0008633586694486439, 0.00017564301379024982, 0.00011792789155151695, 0.0, 0.0, 0.0, 0.0, 0.0, 9.581525955582038e-05, 0.00037821620935574174, 0.0, 0.0001384148927172646, 0.0, 0.0, 0.0, 0.0, 0.0, 0.0, 0.0, 0.0, 0.0, 0.0, 0.0, 0.0, 0.0, 7.806141366017982e-05, 0.00010916840983554721, 0.0, 0.0, 0.0, 0.9896939396858215, 0.0006059040897525847, 0.00011873205949086696, 0.0, 0.0, 0.0, 0.0, 0.0, 0.0, 0.0, 0.0, 0.0, 0.0, 0.0, 0.0, 0.0, 0.0014608894707635045, 0.008115087635815144, 0.0021240822970867157, 0.27763503789901733, 0.00038206978933885694, 0.00030262410291470587, 0.0004731889348477125, 0.001668092212639749, 0.00011741593334591016, 0.0, 0.0, 0.0, 0.0, 0.0, 0.0, 0.0, 0.0, 0.0, 0.0, 0.00013267560279928148, 0.0002868087321985513, 0.0], "bboxes": [[497.0, 538.0, 498.0, 539.0], [0.0, 0.0, 0.0, 0.0], [414.0, 528.0, 567.0, 549.0], [0.0, 0.0, 0.0, 0.0], [0.0, 0.0, 0.0, 0.0], [0.0, 0.0, 0.0, 0.0], [0.0, 0.0, 0.0, 0.0], [0.0, 0.0, 0.0, 0.0], [0.0, 0.0, 0.0, 0.0], [0.0, 0.0, 0.0, 0.0], [0.0, 0.0, 0.0, 0.0], [0.0, 0.0, 0.0, 0.0], [0.0, 0.0, 0.0, 0.0], [0.0, 0.0, 0.0, 0.0], [0.0, 0.0, 0.0, 0.0], [0.0, 0.0, 0.0, 0.0], [0.0, 0.0, 0.0, 0.0], [0.0, 0.0, 0.0, 0.0], [0.0, 0.0, 0.0, 0.0], [0.0, 0.0, 0.0, 0.0], [0.0, 0.0, 0.0, 0.0], [0.0, 0.0, 0.0, 0.0], [0.0, 0.0, 0.0, 0.0], [0.0, 0.0, 0.0, 0.0], [0.0, 0.0, 0.0, 0.0], [0.0, 0.0, 0.0, 0.0], [0.0, 0.0, 0.0, 0.0], [0.0, 0.0, 0.0, 0.0], [0.0, 0.0, 0.0, 0.0], [957.0, 521.0, 967.0, 523.0], [0.0, 0.0, 0.0, 0.0], [0.0, 0.0, 0.0, 0.0], [415.0, 682.0, 448.0, 774.0], [415.0, 682.0, 448.0, 774.0], [415.0, 682.0, 448.0, 774.0], [0.0, 0.0, 0.0, 0.0], [0.0, 0.0, 0.0, 0.0], [0.0, 0.0, 0.0, 0.0], [0.0, 0.0, 0.0, 0.0], [0.0, 0.0, 0.0, 0.0], [922.0, 466.0, 1298.0, 527.0], [922.0, 466.0, 1298.0, 527.0], [0.0, 0.0, 0.0, 0.0], [1281.0, 469.0, 1291.0, 475.0], [0.0, 0.0, 0.0, 0.0], [0.0, 0.0, 0.0, 0.0], [0.0, 0.0, 0.0, 0.0], [0.0, 0.0, 0.0, 0.0], [0.0, 0.0, 0.0, 0.0], [0.0, 0.0, 0.0, 0.0], [0.0, 0.0, 0.0, 0.0], [0.0, 0.0, 0.0, 0.0], [0.0, 0.0, 0.0, 0.0], [0.0, 0.0, 0.0, 0.0], [0.0, 0.0, 0.0, 0.0], [0.0, 0.0, 0.0, 0.0], [0.0, 0.0, 0.0, 0.0], [461.0, 470.0, 1291.0, 542.0], [461.0, 470.0, 1291.0, 542.0], [0.0, 0.0, 0.0, 0.0], [0.0, 0.0, 0.0, 0.0], [0.0, 0.0, 0.0, 0.0], [396.0, 378.0, 1608.0, 1080.0], [415.0, 469.0, 1290.0, 773.0], [415.0, 469.0, 1290.0, 773.0], [0.0, 0.0, 0.0, 0.0], [0.0, 0.0, 0.0, 0.0], [0.0, 0.0, 0.0, 0.0], [0.0, 0.0, 0.0, 0.0], [0.0, 0.0, 0.0, 0.0], [0.0, 0.0, 0.0, 0.0], [0.0, 0.0, 0.0, 0.0], [0.0, 0.0, 0.0, 0.0], [0.0, 0.0, 0.0, 0.0], [0.0, 0.0, 0.0, 0.0], [0.0, 0.0, 0.0, 0.0], [0.0, 0.0, 0.0, 0.0], [0.0, 0.0, 0.0, 0.0], [952.0, 520.0, 1003.0, 526.0], [952.0, 520.0, 1003.0, 526.0], [952.0, 520.0, 1003.0, 526.0], [952.0, 520.0, 1003.0, 526.0], [952.0, 520.0, 1003.0, 526.0], [952.0, 520.0, 1003.0, 526.0], [952.0, 520.0, 1003.0, 526.0], [952.0, 520.0, 1003.0, 526.0], [952.0, 520.0, 1003.0, 526.0], [0.0, 0.0, 0.0, 0.0], [0.0, 0.0, 0.0, 0.0], [0.0, 0.0, 0.0, 0.0], [0.0, 0.0, 0.0, 0.0], [0.0, 0.0, 0.0, 0.0], [0.0, 0.0, 0.0, 0.0], [0.0, 0.0, 0.0, 0.0], [0.0, 0.0, 0.0, 0.0], [0.0, 0.0, 0.0, 0.0], [0.0, 0.0, 0.0, 0.0], [928.0, 521.0, 965.0, 526.0], [928.0, 521.0, 965.0, 526.0], [0.0, 0.0, 0.0, 0.0]], "masks": [{"size": [1080, 1920], "counts": "bf\\`01]Yl^1"}, {"size": [1080, 1920], "counts": "PPYo1"}, {"size": [1080, 1920], "counts": "QUe=2fQ100000000000000000O101O000000O2O00000001N2O1O1O001O0000000000000010O000001O0O10001O0000001O001O00001O000001O0O1000000000001O0001O001O001O000000010O001O0001O0000010O1O0001O000001O000000000001O00000O1001N101O0O100000000O2O1N10O101O0O01O0010O010001N01000001OO100O1O2O0010O01O0OaZ6OaeI000O10001O0001Oo^b\\1"}, {"size": [1080, 1920], "counts": "PPYo1"}, {"size": [1080, 1920], "counts": "PPYo1"}, {"size": [1080, 1920], "counts": "PPYo1"}, {"size": [1080, 1920], "counts": "PPYo1"}, {"size": [1080, 1920], "counts": "PPYo1"}, {"size": [1080, 1920], "counts": "PPYo1"}, {"size": [1080, 1920], "counts": "PPYo1"}, {"size": [1080, 1920], "counts": "PPYo1"}, {"size": [1080, 1920], "counts": "PPYo1"}, {"size": [1080, 1920], "counts": "PPYo1"}, {"size": [1080, 1920], "counts": "PPYo1"}, {"size": [1080, 1920], "counts": "PPYo1"}, {"size": [1080, 1920], "counts": "PPYo1"}, {"size": [1080, 1920], "counts": "PPYo1"}, {"size": [1080, 1920], "counts": "PPYo1"}, {"size": [1080, 1920], "counts": "PPYo1"}, {"size": [1080, 1920], "counts": "PPYo1"}, {"size": [1080, 1920], "counts": "PPYo1"}, {"size": [1080, 1920], "counts": "PPYo1"}, {"size": [1080, 1920], "counts": "PPYo1"}, {"size": [1080, 1920], "counts": "PPYo1"}, {"size": [1080, 1920], "counts": "PPYo1"}, {"size": [1080, 1920], "counts": "PPYo1"}, {"size": [1080, 1920], "counts": "PPYo1"}, {"size": [1080, 1920], "counts": "PPYo1"}, {"size": [1080, 1920], "counts": "PPYo1"}, {"size": [1080, 1920], "counts": "Rkao01gQ1000O1000000001O00^c\\o0"}, {"size": [1080, 1920], "counts": "PPYo1"}, {"size": [1080, 1920], "counts": "PPYo1"}, {"size": [1080, 1920], "counts": "d[f=4cQ15K5L3O2N1N7I1O1O13N01M002N2O1O001O1O0OQOhoN=kP11010N1N1O011O1L3McnNLZQ11gnN4]Q110MSh_`1"}, {"size": [1080, 1920], "counts": "d[f=4cQ15K5L3O2N1N7I1O1O13N01M002N2O1O001O1O0OQOhoN=kP11010N1N1O011O1L3McnNLZQ11gnN4]Q110MSh_`1"}, {"size": [1080, 1920], "counts": "d[f=4cQ15K5L3O2N1N7I1O1O13N01M002N2O1O001O1O0OQOhoN=kP11010N1N1O011O1L3McnNLZQ11gnN4]Q110MSh_`1"}, {"size": [1080, 1920], "counts": "PPYo1"}, {"size": [1080, 1920], "counts": "PPYo1"}, {"size": [1080, 1920], "counts": "PPYo1"}, {"size": [1080, 1920], "counts": "PPYo1"}, {"size": [1080, 1920], "counts": "PPYo1"}, {"size": [1080, 1920], "counts": "im\\n02fQ10000001O00000000O2O00hX53UgJ001O000000O1000O10000000000000O1000O1000000000000000O1000000000000000000000000000000000000000000000001O0O1000000001O0000O101O0000`QS90_nlF100O1N2O10O10O10O10O010O10O2O1Nma_d0"}, {"size": [1080, 1920], "counts": "im\\n02fQ10000001O00000000O2O00hX53UgJ001O000000O1000O10000000000000O1000O1000000000000000O1000000000000000000000000000000000000000000000001O0O1000000001O0000O101O0000`QS90_nlF100O1N2O10O10O10O10O010O10O2O1Nma_d0"}, {"size": [1080, 1920], "counts": "PPYo1"}, {"size": [1080, 1920], "counts": "a`WZ12fQ100OfQ11YnN10O100000Snfd0"}, {"size": [1080, 1920], "counts": "PPYo1"}, {"size": [1080, 1920], "counts": "PPYo1"}, {"size": [1080, 1920], "counts": "PPYo1"}, {"size": [1080, 1920], "counts": "PPYo1"}, {"size": [1080, 1920], "counts": "PPYo1"}, {"size": [1080, 1920], "counts": "PPYo1"}, {"size": [1080, 1920], "counts": "PPYo1"}, {"size": [1080, 1920], "counts": "PPYo1"}, {"size": [1080, 1920], "counts": "PPYo1"}, {"size": [1080, 1920], "counts": "PPYo1"}, {"size": [1080, 1920], "counts": "PPYo1"}, {"size": [1080, 1920], "counts": "PPYo1"}, {"size": [1080, 1920], "counts": "PPYo1"}, {"size": [1080, 1920], "counts": "]gV?1fQ11000000ah>0_WA1O1OO100O1001O2N001O0000000010O10O01O001N10000001O0000O10O2O00001OO2O0OfV_i0N_gWK"}, {"size": [1080, 1920], "counts": "]gV?1fQ11000000ah>0_WA1O1OO100O1001O2N001O0000000010O10O01O001N10000001O0000O10O2O00001OO2O0OfV_i0N_gWK"}, {"size": [1080, 1920], "counts": "PPYo1"}, {"size": [1080, 1920], "counts": "PPYo1"}, {"size": [1080, 1920], "counts": "PPYo1"}, {"size": [1080, 1920],