{"labels": [12, 10, 2, 3, 4, 6, 7, 8, 10, 11, 10, 10, 10, 10, 7, 1, 3, 6, 7, 10, 11, 12, 8, 10, 2, 4, 10, 10, 12, 12, 2, 4, 10, 12, 1, 2, 3, 4, 7, 8, 10, 14, 3, 6, 7, 10, 12, 10, 10, 10, 10, 10, 1, 2, 3, 4, 10, 19, 3, 7, 10, 12, 1, 10, 10, 2, 10, 19, 4, 10, 12, 1, 3, 4, 6, 7, 8, 10, 11, 12, 19, 12, 2, 3, 4, 7, 10, 2, 2, 4, 10, 2, 7, 10, 12, 19, 10, 1, 11, 7], "scores": [0.0, 0.0001926275435835123, 0.0, 0.0, 0.0, 0.0, 0.0, 0.0, 0.0, 0.0, 0.0, 0.00012452693772502244, 0.00015218675252981484, 0.0001757814025040716, 0.00010337919957237318, 0.0, 0.0, 0.0, 0.0, 0.0, 0.0, 0.0, 0.00010070305143017322, 0.00013797222345601767, 0.0, 0.0, 0.0, 0.00013326675980351865, 0.0, 0.0, 0.0, 0.0, 0.0, 0.0, 0.00025868526427075267, 0.00029137643286958337, 0.5301690697669983, 0.0040135509334504604, 0.00044839110341854393, 0.0015001805732026696, 0.0014391312142834067, 0.00019124521350022405, 0.0, 0.0, 0.0, 0.0, 0.0, 0.0, 0.00018617404566612095, 0.00011265376815572381, 0.0, 0.00018950011872220784, 0.0001525339757790789, 0.007915978319942951, 0.00045592201058752835, 0.0010363425826653838, 0.0006853295490145683, 0.0001695713581284508, 0.00011468241427792236, 0.00010720898717409, 0.00014339569315779954, 0.00015599530888721347, 0.0001732795499265194, 0.00015808535681571811, 0.0, 0.0, 0.0, 0.9870852828025818, 0.00040438194992020726, 0.0003222316154278815, 0.00016268090985249728, 0.0, 0.0, 0.0, 0.0, 0.0, 0.0, 0.0, 0.0, 0.0, 0.0, 0.0, 0.0027269169222563505, 0.0013780747540295124, 0.010474222712218761, 0.0001006252205115743, 0.0004044772358611226, 0.0, 0.0, 0.0001054851381923072, 0.0004684769082814455, 0.0, 0.0, 0.0, 0.0, 0.0, 0.00020831130677834153, 0.0001198546597152017, 0.000502327224239707, 0.0], "bboxes": [[0.0, 0.0, 0.0, 0.0], [420.0, 524.0, 616.0, 552.0], [0.0, 0.0, 0.0, 0.0], [0.0, 0.0, 0.0, 0.0], [0.0, 0.0, 0.0, 0.0], [0.0, 0.0, 0.0, 0.0], [0.0, 0.0, 0.0, 0.0], [0.0, 0.0, 0.0, 0.0], [0.0, 0.0, 0.0, 0.0], [0.0, 0.0, 0.0, 0.0], [0.0, 0.0, 0.0, 0.0], [612.0, 522.0, 619.0, 530.0], [513.0, 520.0, 622.0, 543.0], [596.0, 502.0, 982.0, 534.0], [596.0, 525.0, 615.0, 533.0], [0.0, 0.0, 0.0, 0.0], [0.0, 0.0, 0.0, 0.0], [0.0, 0.0, 0.0, 0.0], [0.0, 0.0, 0.0, 0.0], [0.0, 0.0, 0.0, 0.0], [0.0, 0.0, 0.0, 0.0], [0.0, 0.0, 0.0, 0.0], [950.0, 525.0, 966.0, 527.0], [614.0, 525.0, 615.0, 527.0], [0.0, 0.0, 0.0, 0.0], [0.0, 0.0, 0.0, 0.0], [0.0, 0.0, 0.0, 0.0], [595.0, 521.0, 620.0, 535.0], [0.0, 0.0, 0.0, 0.0], [0.0, 0.0, 0.0, 0.0], [0.0, 0.0, 0.0, 0.0], [0.0, 0.0, 0.0, 0.0], [0.0, 0.0, 0.0, 0.0], [0.0, 0.0, 0.0, 0.0], [489.0, 493.0, 988.0, 537.0], [489.0, 493.0, 988.0, 537.0], [489.0, 493.0, 988.0, 537.0], [489.0, 493.0, 988.0, 537.0], [489.0, 493.0, 988.0, 537.0], [489.0, 493.0, 988.0, 537.0], [489.0, 493.0, 988.0, 537.0], [489.0, 493.0, 988.0, 537.0], [0.0, 0.0, 0.0, 0.0], [0.0, 0.0, 0.0, 0.0], [0.0, 0.0, 0.0, 0.0], [0.0, 0.0, 0.0, 0.0], [0.0, 0.0, 0.0, 0.0], [0.0, 0.0, 0.0, 0.0], [613.0, 525.0, 615.0, 527.0], [950.0, 525.0, 967.0, 527.0], [0.0, 0.0, 0.0, 0.0], [613.0, 526.0, 615.0, 530.0], [614.0, 512.0, 637.0, 535.0], [614.0, 512.0, 637.0, 535.0], [614.0, 512.0, 637.0, 535.0], [614.0, 512.0, 637.0, 535.0], [614.0, 512.0, 637.0, 535.0], [614.0, 512.0, 637.0, 535.0], [613.0, 525.0, 615.0, 527.0], [613.0, 525.0, 615.0, 527.0], [613.0, 525.0, 615.0, 527.0], [613.0, 525.0, 615.0, 527.0], [593.0, 529.0, 604.0, 537.0], [593.0, 529.0, 604.0, 537.0], [0.0, 0.0, 0.0, 0.0], [0.0, 0.0, 0.0, 0.0], [0.0, 0.0, 0.0, 0.0], [398.0, 377.0, 1608.0, 1080.0], [611.0, 517.0, 632.0, 531.0], [611.0, 517.0, 632.0, 531.0], [611.0, 517.0, 632.0, 531.0], [0.0, 0.0, 0.0, 0.0], [0.0, 0.0, 0.0, 0.0], [0.0, 0.0, 0.0, 0.0], [0.0, 0.0, 0.0, 0.0], [0.0, 0.0, 0.0, 0.0], [0.0, 0.0, 0.0, 0.0], [0.0, 0.0, 0.0, 0.0], [0.0, 0.0, 0.0, 0.0], [0.0, 0.0, 0.0, 0.0], [0.0, 0.0, 0.0, 0.0], [0.0, 0.0, 0.0, 0.0], [621.0, 514.0, 634.0, 524.0], [621.0, 514.0, 634.0, 524.0], [621.0, 514.0, 634.0, 524.0], [621.0, 514.0, 634.0, 524.0], [621.0, 514.0, 634.0, 524.0], [0.0, 0.0, 0.0, 0.0], [0.0, 0.0, 0.0, 0.0], [450.0, 533.0, 515.0, 543.0], [450.0, 533.0, 515.0, 543.0], [0.0, 0.0, 0.0, 0.0], [0.0, 0.0, 0.0, 0.0], [0.0, 0.0, 0.0, 0.0], [0.0, 0.0, 0.0, 0.0], [0.0, 0.0, 0.0, 0.0], [887.0, 511.0, 995.0, 530.0], [940.0, 524.0, 963.0, 527.0], [940.0, 524.0, 963.0, 527.0], [0.0, 0.0, 0.0, 0.0]], "masks": [{"size": [1080, 1920], "counts": "PPYo1"}, {"size": [1080, 1920], "counts": "i_k=1gQ11O0000001O00OYU31fjL2N1O100001OO1O1O001000O2N3L13L3N1000000000001O000001O001O1O01O0O2O1O01O01O01O00001N1001O0000010O00001O001O0000001O0001N1000000001O0001O001O0000000000000000000001N11O001O0001O00001O00O100O1011N001O0001O1O00000000000O10001O1O2N1O1NZh>0fWA11OWU31hjL0O2O00000000000000000O101O0001Ngd<4U[C4M1O10O0000000D`\\73gcH3OO2NdinZ1"}, {"size": [1080, 1920], "counts": "PPYo1"}, {"size": [1080, 1920], "counts": "PPYo1"}, {"size": [1080, 1920], "counts": "PPYo1"}, {"size": [1080, 1920], "counts": "PPYo1"}, {"size": [1080, 1920], "counts": "PPYo1"}, {"size": [1080, 1920], "counts": "PPYo1"}, {"size": [1080, 1920], "counts": "PPYo1"}, {"size": [1080, 1920], "counts": "PPYo1"}, {"size": [1080, 1920], "counts": "PPYo1"}, {"size": [1080, 1920], "counts": "^oUd01eQ15MO1O2MO030^dkZ1"}, {"size": [1080, 1920], "counts": "ebm`02gQ1Od[d20[d[M4M2N1OO100O1O1N20O010001O00O1J600O1000O001O1O1O2O1NW_hZ1"}, {"size": [1080, 1920], "counts": "bSec01fQ14M00O1O2N]jg70dUXH0c[]10]kfN1ohK0O101O001O000010O0001O0000010O00010O01O0010O001O0010O1O1O001O0000001O0020N1O000000000010O01O00000000O10000000000000000001N1000000000000000O01000000000000000O101O00000000000000001O0000000OTiln0"}, {"size": [1080, 1920], "counts": "bSec01fQ13N01M]h>1oRaZ1"}, {"size": [1080, 1920], "counts": "PPYo1"}, {"size": [1080, 1920], "counts": "PPYo1"}, {"size": [1080, 1920], "counts": "PPYo1"}, {"size": [1080, 1920], "counts": "PPYo1"}, {"size": [1080, 1920], "counts": "PPYo1"}, {"size": [1080, 1920], "counts": "PPYo1"}, {"size": [1080, 1920], "counts": "PPYo1"}, {"size": [1080, 1920], "counts": "n^Zo01fQ110000000000000000000000000O10Se]o0"}, {"size": [1080, 1920], "counts": "mRXd02QmP[1"}, {"size": [1080, 1920], "counts": "PPYo1"}, {"size": [1080, 1920], "counts": "PPYo1"}, {"size": [1080, 1920], "counts": "PPYo1"}, {"size": [1080, 1920], "counts": "jQdc01fQ13N2N0000O1O2M20j]83RbG2N10O001N2O2NgbjZ1"}, {"size": [1080, 1920], "counts": "PPYo1"}, {"size": [1080, 1920], "counts": "PPYo1"}, {"size": [1080, 1920], "counts": "PPYo1"}, {"size": [1080, 1920], "counts": "PPYo1"}, {"size": [1080, 1920], "counts": "PPYo1"}, {"size": [1080, 1920], "counts": "PPYo1"}, {"size": [1080, 1920], "counts": "^XT`01gQ10cYV31[fiL2O1O1O001N101N2M200O1O0O2M200O02O1O100000O010O1N2O010O0O11O1O100N2O1O101O001O00001O001O1O001O001N101N\\Rl4MhmSK1O0000ORX[10ogdN00000`fP10_YoN102N1O0000000001O01O0000000000001O001O001O000010O000010O00010O00010O01O0010O00010O0001O010N2O1O001NThQ11lWnN1O0000000O100000000O1000000001N10000001O000000000000O2O0000000000000Od^fn0"}, {"size": [1080, 1920], "counts": "^XT`01gQ10cYV31[fiL2O1O1O001N101N2M200O1O0O2M200O02O1O100000O010O1N2O010O0O11O1O100N2O1O101O001O00001O001O1O001O001N101N\\Rl4MhmSK1O0000ORX[10ogdN00000`fP10_YoN102N1O0000000001O01O0000000000001O001O001O000010O000010O00010O00010O01O0010O00010O0001O010N2O1O001NThQ11lWnN1O0000000O100000000O1000000001N10000001O000000000000O2O0000000000000Od^fn0"}, {"size": [1080, 1920], "counts": "^XT`01gQ10cYV31[fiL2O1O1O001N101N2M200O1O0O2M200O02O1O100000O010O1N2O010O0O11O1O100N2O1O101O001O00001O001O1O001O001N101N\\Rl4MhmSK1O0000ORX[10ogdN00000`fP10_YoN102N1O0000000001O01O0000000000001O001O001O000010O000010O00010O00010O01O0010O00010O0001O010N2O1O001NThQ11lWnN1O0000000O100000000O1000000001N10000001O000000000000O2O0000000000000Od^fn0"}, {"size": [1080, 1920],