{"labels": [10, 12, 10, 2, 3, 4, 7, 8, 10, 11, 10, 10, 10, 10, 10, 1, 3, 4, 6, 7, 10, 11, 12, 10, 12, 10, 10, 7, 2, 4, 10, 12, 4, 10, 12, 7, 10, 2, 10, 12, 3, 4, 7, 10, 12, 10, 12, 10, 10, 1, 2, 3, 4, 10, 19, 10, 10, 12, 1, 10, 4, 10, 10, 19, 7, 10, 4, 10, 1, 6, 7, 8, 10, 11, 12, 19, 2, 3, 4, 10, 10, 10, 2, 7, 19, 2, 4, 7, 8, 10, 19, 4, 10, 10, 1, 6, 10, 11, 12, 19], "scores": [0.00019781847367994487, 0.0, 0.0003663468814920634, 0.0, 0.0, 0.0, 0.0, 0.0, 0.0, 0.0, 0.0006782758864574134, 0.0002466408477630466, 0.0004918177146464586, 0.00017984949226956815, 0.0001342107425443828, 0.0, 0.0, 0.0, 0.0, 0.0, 0.0, 0.0, 0.0, 0.00012717163190245628, 0.00013748688797932118, 0.0002128804917447269, 0.0, 0.0008032117038965225, 0.00015325879212468863, 0.00022670664475299418, 0.0009951955871656537, 0.0001348695222986862, 0.00022180096129886806, 0.0001301382144447416, 0.0001292876258958131, 0.0006147831445559859, 0.0, 0.00011905527208000422, 0.0002632522373460233, 0.00012992977281101048, 0.0, 0.0, 0.0, 0.000171576117281802, 0.00022651415201835334, 0.00038258780841715634, 0.000122963945614174, 0.00016944378148764372, 0.00013761162699665874, 0.0, 0.0, 0.0, 0.0, 0.0, 0.0, 0.00013508494885172695, 0.0002386219275649637, 0.00015576681471429765, 0.0006233691819943488, 0.007191212382167578, 0.0001382717746309936, 0.0001571478642290458, 0.0, 0.9877011179924011, 0.0007664556032977998, 0.00022008278756402433, 0.00015447639452759176, 0.0008335979073308408, 0.0, 0.0, 0.0, 0.0, 0.0, 0.0, 0.0, 0.0, 0.0, 0.0, 0.0, 0.0, 0.0004972708993591368, 0.0, 0.0, 0.0004689339839387685, 0.0003413214290048927, 0.0, 0.0, 0.0, 0.0, 0.0, 0.0, 0.00018536024435888976, 0.00017844478134065866, 0.0, 0.0, 0.0, 0.0, 0.0, 0.0, 0.0], "bboxes": [[509.0, 509.0, 583.0, 525.0], [0.0, 0.0, 0.0, 0.0], [425.0, 506.0, 603.0, 533.0], [0.0, 0.0, 0.0, 0.0], [0.0, 0.0, 0.0, 0.0], [0.0, 0.0, 0.0, 0.0], [0.0, 0.0, 0.0, 0.0], [0.0, 0.0, 0.0, 0.0], [0.0, 0.0, 0.0, 0.0], [0.0, 0.0, 0.0, 0.0], [518.0, 513.0, 561.0, 525.0], [520.0, 515.0, 535.0, 520.0], [517.0, 510.0, 583.0, 526.0], [522.0, 498.0, 871.0, 524.0], [436.0, 515.0, 555.0, 527.0], [0.0, 0.0, 0.0, 0.0], [0.0, 0.0, 0.0, 0.0], [0.0, 0.0, 0.0, 0.0], [0.0, 0.0, 0.0, 0.0], [0.0, 0.0, 0.0, 0.0], [0.0, 0.0, 0.0, 0.0], [0.0, 0.0, 0.0, 0.0], [0.0, 0.0, 0.0, 0.0], [508.0, 508.0, 588.0, 523.0], [519.0, 515.0, 535.0, 520.0], [519.0, 514.0, 555.0, 523.0], [0.0, 0.0, 0.0, 0.0], [413.0, 601.0, 1602.0, 751.0], [520.0, 514.0, 535.0, 520.0], [520.0, 514.0, 535.0, 520.0], [520.0, 514.0, 535.0, 520.0], [520.0, 514.0, 535.0, 520.0], [776.0, 478.0, 898.0, 507.0], [515.0, 512.0, 537.0, 523.0], [515.0, 512.0, 537.0, 523.0], [412.0, 665.0, 1578.0, 760.0], [0.0, 0.0, 0.0, 0.0], [519.0, 514.0, 536.0, 522.0], [519.0, 514.0, 536.0, 522.0], [519.0, 514.0, 536.0, 522.0], [0.0, 0.0, 0.0, 0.0], [0.0, 0.0, 0.0, 0.0], [0.0, 0.0, 0.0, 0.0], [517.0, 510.0, 583.0, 523.0], [517.0, 510.0, 583.0, 523.0], [515.0, 509.0, 586.0, 523.0], [515.0, 509.0, 586.0, 523.0], [519.0, 514.0, 554.0, 523.0], [519.0, 509.0, 588.0, 523.0], [0.0, 0.0, 0.0, 0.0], [0.0, 0.0, 0.0, 0.0], [0.0, 0.0, 0.0, 0.0], [0.0, 0.0, 0.0, 0.0], [0.0, 0.0, 0.0, 0.0], [0.0, 0.0, 0.0, 0.0], [518.0, 513.0, 536.0, 520.0], [517.0, 513.0, 536.0, 522.0], [517.0, 513.0, 536.0, 522.0], [437.0, 494.0, 874.0, 526.0], [437.0, 494.0, 874.0, 526.0], [779.0, 480.0, 895.0, 507.0], [779.0, 480.0, 895.0, 507.0], [0.0, 0.0, 0.0, 0.0], [397.0, 365.0, 1608.0, 1080.0], [412.0, 584.0, 1602.0, 767.0], [411.0, 514.0, 564.0, 533.0], [429.0, 509.0, 587.0, 530.0], [429.0, 509.0, 587.0, 530.0], [0.0, 0.0, 0.0, 0.0], [0.0, 0.0, 0.0, 0.0], [0.0, 0.0, 0.0, 0.0], [0.0, 0.0, 0.0, 0.0], [0.0, 0.0, 0.0, 0.0], [0.0, 0.0, 0.0, 0.0], [0.0, 0.0, 0.0, 0.0], [0.0, 0.0, 0.0, 0.0], [0.0, 0.0, 0.0, 0.0], [0.0, 0.0, 0.0, 0.0], [0.0, 0.0, 0.0, 0.0], [0.0, 0.0, 0.0, 0.0], [517.0, 512.0, 563.0, 526.0], [0.0, 0.0, 0.0, 0.0], [0.0, 0.0, 0.0, 0.0], [407.0, 571.0, 1604.0, 778.0], [407.0, 571.0, 1604.0, 778.0], [0.0, 0.0, 0.0, 0.0], [0.0, 0.0, 0.0, 0.0], [0.0, 0.0, 0.0, 0.0], [0.0, 0.0, 0.0, 0.0], [0.0, 0.0, 0.0, 0.0], [0.0, 0.0, 0.0, 0.0], [768.0, 476.0, 915.0, 513.0], [768.0, 476.0, 915.0, 513.0], [0.0, 0.0, 0.0, 0.0], [0.0, 0.0, 0.0, 0.0], [0.0, 0.0, 0.0, 0.0], [0.0, 0.0, 0.0, 0.0], [0.0, 0.0, 0.0, 0.0], [0.0, 0.0, 0.0, 0.0], [0.0, 0.0, 0.0, 0.0]], "masks": [{"size": [1080, 1920], "counts": "Q[i`01gQ10lV41SiK1N2N2O0O2O000O101N1000000O100000000001N1O2N2N20O01O01O0000001O001O000001O01O0001N101O1O1O000O2Ogd<1X[C0O1O1O1O10OlcQ\\1"}, {"size": [1080, 1920], "counts": "PPYo1"}, {"size": [1080, 1920], "counts": "RhP>2fQ12N1O0010O00000001O001O1O01O01O00000000000000001O000000000000000000O2N100O110O010OO010000001O000000O100O1001O0O1000000O10O10O1O100000O10000O2O00O00100O10000O10O010000000000O100O100O1O100O101O000O10000O2O000O1000001O0001O0O2O00001N2N1001O0000001O00000001O01O01O01O0001O001O00O10O1000O01O1O0001O0O110O01O0010000O01001O0O2O1N2N2MSc;0o\\D000n`\\[1"}, {"size": [1080, 1920], "counts": "PPYo1"}, {"size": [1080, 1920], "counts": "PPYo1"}, {"size": [1080, 1920], "counts": "PPYo1"}, {"size": [1080, 1920], "counts": "PPYo1"}, {"size": [1080, 1920], "counts": "PPYo1"}, {"size": [1080, 1920], "counts": "PPYo1"}, {"size": [1080, 1920], "counts": "PPYo1"}, {"size": [1080, 1920], "counts": "ejRa02fQ11N2O0O2O0O2O0O100000000000001OO101N3L3N11O001O001O00001O1O00001O000001O0O2O1O1N101Onih\\1"}, {"size": [1080, 1920], "counts": "UnTa02fQ10O2O00000O1000000000000000OfWd]1"}, {"size": [1080, 1920], "counts": "mhQa02fQ11N2O1N101N100O2O000000000O10000001N1O3M2N100100O00001O001O001O0000001O0001O0O2O1O001O000O2N]ma03aR^ONlcQ\\1"}, {"size": [1080, 1920], "counts": "eQWa02fQ1000O2O1OO1000O100O2O0001N3Mca:2[^E101O0000O10002McoW:O_PhE00000VlaR1"}, {"size": [1080, 1920], "counts": "^[\\>1fQ111Oh[d20Wd[M2O1N2O001N10000000000000001OO2N3K^c;0d\\D2O0001O000O`To\\1"}, {"size": [1080, 1920], "counts": "PPYo1"}, {"size": [1080, 1920], "counts": "PPYo1"}, {"size": [1080, 1920], "counts": "PPYo1"}, {"size": [1080, 1920], "counts": "PPYo1"}, {"size": [1080, 1920], "counts": "PPYo1"}, {"size": [1080, 1920], "counts": "PPYo1"}, {"size": [1080, 1920], "counts": "PPYo1"}, {"size": [1080, 1920], "counts": "PPYo1"}, {"size": [1080, 1920], "counts": "YYh`01gQ11N11N]S21clM1N2N2N10000O2O000O100O10000O1000000000O2N2N2N4L2O01O000001O`S20`lM1O2N10O001O000000001O001O0000gX51XgJ0000OYS24clM1O1O100O2O0O10O2O001N3M2MQ[l[1"}, {"size": [1080, 1920], "counts": "]lSa02fQ10O101O00O010000000000001O001NdWd]1"}, {"size": [1080, 1920], "counts": "^lSa01fQ12O1N101O0O2O000000O1001O0O1002L4L]c;1c\\D10000001O00_To\\1"}, {"size": [1080, 1920], "counts": "PPYo1"}, {"size": [1080, 1920], "counts": "dWd=6cQ1:ICgnN5^Q11N3O042K1N4K20O10O3M3NN6J31ON1N3N1O003JRR1MSnNOXiWU10dhhkN0kW^9"}, {"size": [1080, 1920], "counts": "UnTa02eQ1101O000O1O11O0000000000001NeWd]1"}, {"size": [1080, 1920], "counts": "UnTa02eQ1101O000O1O11O0000000000001NeWd]1"}, {"size": [1080, 1920], "counts": "UnTa02eQ1101O000O1O11O0000000000001NeWd]1"}, {"size": [1080, 1920], "counts": "UnTa02eQ1101O000O1O11O0000000000001NeWd]1"}, {"size": [1080, 1920], "counts": "nlbi01gQ13M00010O01O0O2OmjY20SUfM00001OOkQ11UnN1O01O0001O0000001O001O00010O01O001O1O001O00SW40lhK2O00000001O00001Of\\eQ1"}, {"size": [1080, 1920], "counts": "]eo`02eQ12O1N1O2O00000O2O0O10000000O10000000001N2MXTb]1"}, {"size": [1080, 1920], "counts": "]eo`02eQ12O1N1O2O00000O2O0O10000000O10000000001N2MXTb]1"}, {"size": [1080, 1920], "counts": "mUc=1cQ19K9I010O0OAknN;ZQ16K111K3ON1102M2M10003ON1N8I3M011M104L1N3K4M7OJ2S[oT11jdPkNNdQ12YnN3N1dQ1K_nN3OO]S2LilU;"}, {"size": [1080, 1920], "counts": "PPYo1"}, {"size": [1080, 1920], "counts": "]lSa02fQ11N10001N101N11N1000000000O11N3LmUc]1"}, {"size": [1080, 1920], "counts": "]lSa02fQ11N10001N101N11N1000000000O11N3LmUc]1"}, {"size": [1080, 1920], "counts": "]lSa02fQ11N10001N101N11N1000000000O11N3LmUc]1"}, {"size": [1080, 1920], "counts": "PPYo1"}, {"size": [1080, 1920], "counts": "PPYo1"}, {"size": [1080, 1920], "counts": "PPYo1"}, {"size": [1080, 1920],