{"labels": [7, 11, 12, 0, 2, 3, 4, 6, 7, 8, 10, 11, 1, 2, 3, 4, 6, 7, 10, 11, 12, 19, 4, 10, 4, 10, 2, 4, 10, 1, 4, 10, 1, 2, 3, 4, 7, 8, 10, 14, 7, 10, 10, 7, 12, 22, 0, 1, 2, 3, 4, 8, 10, 14, 19, 10, 10, 1, 2, 10, 19, 10, 6, 7, 12, 15, 19, 22, 4, 10, 1, 3, 4, 6, 7, 8, 10, 11, 12, 19, 2, 3, 4, 7, 10, 19, 10, 2, 2, 2, 4, 7, 10, 19, 1, 4, 10, 11, 12, 1], "scores": [0.0, 0.0, 0.0, 0.0, 0.0, 0.0, 0.0, 0.0, 0.0, 0.0, 0.0, 0.0, 0.0, 0.0, 0.0, 0.0, 0.0, 0.0, 0.0, 0.0, 0.0, 0.0, 0.0003982959606219083, 0.0007939658244140446, 0.0001440805644961074, 0.0003119274042546749, 0.00017949969333130866, 0.00022311463544610888, 0.0004664627485908568, 0.00021563195332419127, 0.0008553291554562747, 0.00033361342502757907, 0.0006131062400527298, 0.0005699658067896962, 0.61235511302948, 0.008241993375122547, 0.000259822845691815, 0.000396613497287035, 0.002743564546108246, 0.00026439083740115166, 0.00023385428357869387, 0.00017066588043235242, 0.00024388391466345638, 0.0015309588052332401, 0.0012404605513438582, 0.0003570240514818579, 0.00025236784131266177, 0.0003298818483017385, 0.07745026797056198, 0.0006023930618539453, 0.004289665259420872, 0.0002219835005234927, 0.0018468587659299374, 0.0001579661329742521, 0.0004590559983626008, 0.0, 0.0, 0.000248201860813424, 0.0, 0.0, 0.9867179989814758, 0.00023174198577180505, 0.00023670533846598119, 0.002127954037860036, 0.002305827336385846, 0.0006664497195743024, 0.00019373006944078952, 0.0002510484482627362, 0.0007280396530404687, 0.0008014027844183147, 0.0, 0.0, 0.0, 0.0, 0.0, 0.0, 0.0, 0.0, 0.0, 0.0, 0.0, 0.0, 0.0, 0.0, 0.0, 0.0, 0.000595640332903713, 0.0, 0.0, 0.0, 0.0, 0.0, 0.0, 0.0, 0.00017135664529632777, 0.0006555597647093236, 0.0017627207562327385, 0.0, 0.0, 0.0], "bboxes": [[0.0, 0.0, 0.0, 0.0], [0.0, 0.0, 0.0, 0.0], [0.0, 0.0, 0.0, 0.0], [0.0, 0.0, 0.0, 0.0], [0.0, 0.0, 0.0, 0.0], [0.0, 0.0, 0.0, 0.0], [0.0, 0.0, 0.0, 0.0], [0.0, 0.0, 0.0, 0.0], [0.0, 0.0, 0.0, 0.0], [0.0, 0.0, 0.0, 0.0], [0.0, 0.0, 0.0, 0.0], [0.0, 0.0, 0.0, 0.0], [0.0, 0.0, 0.0, 0.0], [0.0, 0.0, 0.0, 0.0], [0.0, 0.0, 0.0, 0.0], [0.0, 0.0, 0.0, 0.0], [0.0, 0.0, 0.0, 0.0], [0.0, 0.0, 0.0, 0.0], [0.0, 0.0, 0.0, 0.0], [0.0, 0.0, 0.0, 0.0], [0.0, 0.0, 0.0, 0.0], [0.0, 0.0, 0.0, 0.0], [624.0, 553.0, 627.0, 556.0], [624.0, 553.0, 627.0, 556.0], [625.0, 554.0, 626.0, 555.0], [625.0, 554.0, 626.0, 555.0], [623.0, 553.0, 628.0, 556.0], [623.0, 553.0, 628.0, 556.0], [623.0, 553.0, 628.0, 556.0], [622.0, 544.0, 676.0, 558.0], [622.0, 544.0, 676.0, 558.0], [622.0, 544.0, 676.0, 558.0], [592.0, 521.0, 777.0, 563.0], [592.0, 521.0, 777.0, 563.0], [592.0, 521.0, 777.0, 563.0], [592.0, 521.0, 777.0, 563.0], [592.0, 521.0, 777.0, 563.0], [592.0, 521.0, 777.0, 563.0], [592.0, 521.0, 777.0, 563.0], [592.0, 521.0, 777.0, 563.0], [1212.0, 462.0, 1468.0, 552.0], [625.0, 554.0, 627.0, 555.0], [621.0, 549.0, 675.0, 562.0], [779.0, 1076.0, 860.0, 1080.0], [779.0, 1076.0, 860.0, 1080.0], [779.0, 1076.0, 860.0, 1080.0], [1230.0, 497.0, 1371.0, 547.0], [615.0, 545.0, 667.0, 557.0], [615.0, 545.0, 667.0, 557.0], [615.0, 545.0, 667.0, 557.0], [615.0, 545.0, 667.0, 557.0], [615.0, 545.0, 667.0, 557.0], [615.0, 545.0, 667.0, 557.0], [615.0, 545.0, 667.0, 557.0], [615.0, 545.0, 667.0, 557.0], [0.0, 0.0, 0.0, 0.0], [0.0, 0.0, 0.0, 0.0], [1302.0, 464.0, 1472.0, 527.0], [0.0, 0.0, 0.0, 0.0], [0.0, 0.0, 0.0, 0.0], [401.0, 436.0, 1609.0, 1080.0], [562.0, 547.0, 677.0, 563.0], [771.0, 1070.0, 886.0, 1080.0], [771.0, 1070.0, 886.0, 1080.0], [771.0, 1070.0, 886.0, 1080.0], [771.0, 1070.0, 886.0, 1080.0], [771.0, 1070.0, 886.0, 1080.0], [771.0, 1070.0, 886.0, 1080.0], [561.0, 546.0, 678.0, 563.0], [561.0, 546.0, 678.0, 563.0], [0.0, 0.0, 0.0, 0.0], [0.0, 0.0, 0.0, 0.0], [0.0, 0.0, 0.0, 0.0], [0.0, 0.0, 0.0, 0.0], [0.0, 0.0, 0.0, 0.0], [0.0, 0.0, 0.0, 0.0], [0.0, 0.0, 0.0, 0.0], [0.0, 0.0, 0.0, 0.0], [0.0, 0.0, 0.0, 0.0], [0.0, 0.0, 0.0, 0.0], [0.0, 0.0, 0.0, 0.0], [0.0, 0.0, 0.0, 0.0], [0.0, 0.0, 0.0, 0.0], [0.0, 0.0, 0.0, 0.0], [0.0, 0.0, 0.0, 0.0], [0.0, 0.0, 0.0, 0.0], [558.0, 552.0, 674.0, 562.0], [0.0, 0.0, 0.0, 0.0], [0.0, 0.0, 0.0, 0.0], [0.0, 0.0, 0.0, 0.0], [0.0, 0.0, 0.0, 0.0], [0.0, 0.0, 0.0, 0.0], [0.0, 0.0, 0.0, 0.0], [0.0, 0.0, 0.0, 0.0], [559.0, 545.0, 678.0, 562.0], [559.0, 545.0, 678.0, 562.0], [559.0, 545.0, 678.0, 562.0], [0.0, 0.0, 0.0, 0.0], [0.0, 0.0, 0.0, 0.0], [0.0, 0.0, 0.0, 0.0]], "masks": [{"size": [1080, 1920], "counts": "PPYo1"}, {"size": [1080, 1920], "counts": "PPYo1"}, {"size": [1080, 1920], "counts": "PPYo1"}, {"size": [1080, 1920], "counts": "PPYo1"}, {"size": [1080, 1920], "counts": "PPYo1"}, {"size": [1080, 1920], "counts": "PPYo1"}, {"size": [1080, 1920], "counts": "PPYo1"}, {"size": [1080, 1920], "counts": "PPYo1"}, {"size": [1080, 1920], "counts": "PPYo1"}, {"size": [1080, 1920], "counts": "PPYo1"}, {"size": [1080, 1920], "counts": "PPYo1"}, {"size": [1080, 1920], "counts": "PPYo1"}, {"size": [1080, 1920], "counts": "PPYo1"}, {"size": [1080, 1920], "counts": "PPYo1"}, {"size": [1080, 1920], "counts": "PPYo1"}, {"size": [1080, 1920], "counts": "PPYo1"}, {"size": [1080, 1920], "counts": "PPYo1"}, {"size": [1080, 1920], "counts": "PPYo1"}, {"size": [1080, 1920], "counts": "PPYo1"}, {"size": [1080, 1920], "counts": "PPYo1"}, {"size": [1080, 1920], "counts": "PPYo1"}, {"size": [1080, 1920], "counts": "PPYo1"}, {"size": [1080, 1920], "counts": "Zebd01fQ12OO`UcZ1"}, {"size": [1080, 1920], "counts": "Zebd01fQ12OO`UcZ1"}, {"size": [1080, 1920], "counts": "Rgcd01mXeZ1"}, {"size": [1080, 1920], "counts": "Rgcd01mXeZ1"}, {"size": [1080, 1920], "counts": "bcad02eQ1100001NgSbZ1"}, {"size": [1080, 1920], "counts": "bcad02eQ1100001NgSbZ1"}, {"size": [1080, 1920], "counts": "bcad02eQ1100001NgSbZ1"}, {"size": [1080, 1920], "counts": "la`d02cQ1210O1001N2NS_l01k`SO3N2O001N101O10O01O0000000001O1O1O1N2Oj_oX1"}, {"size": [1080, 1920], "counts": "la`d02cQ1210O1001N2NS_l01k`SO3N2O001N101O10O01O0000000001O1O1O1N2Oj_oX1"}, {"size": [1080, 1920], "counts": "la`d02cQ1210O1001N2NS_l01k`SO3N2O001N101O10O01O0000000001O1O1O1N2Oj_oX1"}, {"size": [1080, 1920], "counts": "Ym`c02cQ14M3N1O1O2O0O10000O1O101N1O2O0O101N1000000000O10000000010O01O0010O0000001O000000O0100O10O01000O00100O10001N1000O100000O10O2O000O100O1000001O0000001O00001O00001O0O2O00001O0O2O1N2O0O2N100M30N3N2N100O10O001O010000000O1O1O01N2O1O2OO0100000O100000000O1O1O100O01000O101N1O1000O0011O2MeUZ10\\jeN1O0000OPPeU1"}, {"size": [1080, 1920], "counts": "Ym`c02cQ14M3N1O1O2O0O10000O1O101N1O2O0O101N1000000000O10000000010O01O0010O0000001O000000O0100O10O01000O00100O10001N1000O100000O10O2O000O100O1000001O0000001O00001O00001O0O2O00001O0O2O1N2O0O2N100M30N3N2N100O10O001O010000000O1O1O01N2O1O2OO0100000O100000000O1O1O100O01000O101N1O1000O0011O2MeUZ10\\jeN1O0000OPPeU1"}, {"size": [1080, 1920], "counts": "Ym`c02cQ14M3N1O1O2O0O10000O1O101N1O2O0O101N1000000000O10000000010O01O0010O0000001O000000O0100O10O01000O00100O10001N1000O100000O10O2O000O100O1000001O0000001O00001O00001O0O2O00001O0O2O1N2O0O2N100M30N3N2N100O10O001O010000000O1O1O01N2O1O2OO0100000O100000000O1O1O100O01000O101N1O1000O0011O2MeUZ10\\jeN1O0000OPPeU1"}, {"size": [1080, 1920], "counts": "Ym`c02cQ14M3N1O1O2O0O10000O1O101N1O2O0O101N1000000000O10000000010O01O0010O0000001O000000O0100O10O01000O00100O10001N1000O100000O10O2O000O100O1000001O0000001O00001O00001O0O2O00001O0O2O1N2O0O2N100M30N3N2N100O10O001O010000000O1O1O01N2O1O2OO0100000O100000000O1O1O100O01000O101N1O1000O0011O2MeUZ10\\jeN1O0000OPPeU1"}, {"size": [1080, 1920], "counts": "Ym`c02cQ14M3N1O1O2O0O10000O1O101N1O2O0O101N1000000000O10000000010O01O0010O0000001O000000O0100O10O01000O00100O10001N1000O100000O10O2O000O100O1000001O0000001O00001O00001O0O2O00001O0O2O1N2O0O2N100M30N3N2N100O10O001O010000000O1O1O01N2O1O2OO0100000O100000000O1O1O100O01000O101N1O1000O0011O2MeUZ10\\jeN1O0000OPPeU1"}, {"size": [1080, 1920],