{"labels": [12, 0, 2, 3, 4, 6, 7, 8, 10, 11, 0, 1, 2, 3, 4, 6, 7, 8, 10, 11, 12, 19, 2, 4, 10, 2, 4, 10, 12, 2, 10, 2, 10, 4, 10, 4, 7, 10, 12, 7, 10, 1, 2, 3, 4, 7, 8, 10, 10, 10, 7, 22, 10, 1, 2, 3, 4, 8, 10, 14, 19, 10, 7, 10, 12, 1, 19, 4, 10, 12, 1, 3, 4, 7, 8, 10, 12, 19, 10, 2, 3, 4, 7, 8, 10, 14, 10, 2, 2, 4, 7, 10, 2, 7, 8, 12, 19, 11, 12, 10], "scores": [0.0004125377454329282, 0.0, 0.0, 0.0, 0.0, 0.0, 0.0, 0.0, 0.0, 0.0, 0.0, 0.0, 0.0, 0.0, 0.0, 0.0, 0.0, 0.0, 0.0, 0.0, 0.0, 0.0, 0.0, 0.0, 0.0, 0.0, 0.0, 0.0, 0.0, 0.0, 0.0, 0.0, 0.0, 0.0, 0.0, 0.0, 0.0, 0.0, 0.0, 0.0, 0.0, 0.0005907320301048458, 0.0006462410092353821, 0.5749894380569458, 0.010043335147202015, 0.00044499285286292434, 0.0007176367216743529, 0.002172862645238638, 0.00038086381391622126, 0.0, 0.0013734969543293118, 0.00021359410311561078, 0.0009940998861566186, 0.0004750634543597698, 0.17278724908828735, 0.0004058400518260896, 0.007094350177794695, 0.00024189261603169143, 0.0027900668792426586, 0.0002713411522563547, 0.0003169788105878979, 0.0, 0.0, 0.0, 0.0, 0.00025226749130524695, 0.984817385673523, 0.00032703400938771665, 0.0008240261231549084, 0.000284787907730788, 0.0014307756209746003, 0.00021691514120902866, 0.001062879804521799, 0.00043542045750655234, 0.032229233533144, 0.004687238018959761, 0.001753325341269374, 0.0002854533668141812, 0.0, 0.016217544674873352, 0.0011689083185046911, 0.47838982939720154, 0.0004100173828192055, 0.0002302939974470064, 0.006607473362237215, 0.00024247985857073218, 0.0006958545418456197, 0.0, 0.0, 0.0, 0.0, 0.0, 0.0, 0.0, 0.0, 0.0, 0.0, 0.0, 0.0, 0.0], "bboxes": [[1229.0, 513.0, 1279.0, 528.0], [0.0, 0.0, 0.0, 0.0], [0.0, 0.0, 0.0, 0.0], [0.0, 0.0, 0.0, 0.0], [0.0, 0.0, 0.0, 0.0], [0.0, 0.0, 0.0, 0.0], [0.0, 0.0, 0.0, 0.0], [0.0, 0.0, 0.0, 0.0], [0.0, 0.0, 0.0, 0.0], [0.0, 0.0, 0.0, 0.0], [0.0, 0.0, 0.0, 0.0], [0.0, 0.0, 0.0, 0.0], [0.0, 0.0, 0.0, 0.0], [0.0, 0.0, 0.0, 0.0], [0.0, 0.0, 0.0, 0.0], [0.0, 0.0, 0.0, 0.0], [0.0, 0.0, 0.0, 0.0], [0.0, 0.0, 0.0, 0.0], [0.0, 0.0, 0.0, 0.0], [0.0, 0.0, 0.0, 0.0], [0.0, 0.0, 0.0, 0.0], [0.0, 0.0, 0.0, 0.0], [0.0, 0.0, 0.0, 0.0], [0.0, 0.0, 0.0, 0.0], [0.0, 0.0, 0.0, 0.0], [0.0, 0.0, 0.0, 0.0], [0.0, 0.0, 0.0, 0.0], [0.0, 0.0, 0.0, 0.0], [0.0, 0.0, 0.0, 0.0], [0.0, 0.0, 0.0, 0.0], [0.0, 0.0, 0.0, 0.0], [0.0, 0.0, 0.0, 0.0], [0.0, 0.0, 0.0, 0.0], [0.0, 0.0, 0.0, 0.0], [0.0, 0.0, 0.0, 0.0], [0.0, 0.0, 0.0, 0.0], [0.0, 0.0, 0.0, 0.0], [0.0, 0.0, 0.0, 0.0], [0.0, 0.0, 0.0, 0.0], [0.0, 0.0, 0.0, 0.0], [0.0, 0.0, 0.0, 0.0], [470.0, 508.0, 724.0, 538.0], [470.0, 508.0, 724.0, 538.0], [470.0, 508.0, 724.0, 538.0], [470.0, 508.0, 724.0, 538.0], [470.0, 508.0, 724.0, 538.0], [470.0, 508.0, 724.0, 538.0], [470.0, 508.0, 724.0, 538.0], [576.0, 521.0, 635.0, 541.0], [0.0, 0.0, 0.0, 0.0], [548.0, 915.0, 771.0, 1080.0], [548.0, 915.0, 771.0, 1080.0], [616.0, 521.0, 629.0, 530.0], [536.0, 518.0, 627.0, 532.0], [536.0, 518.0, 627.0, 532.0], [536.0, 518.0, 627.0, 532.0], [536.0, 518.0, 627.0, 532.0], [536.0, 518.0, 627.0, 532.0], [536.0, 518.0, 627.0, 532.0], [536.0, 518.0, 627.0, 532.0], [536.0, 518.0, 627.0, 532.0], [0.0, 0.0, 0.0, 0.0], [0.0, 0.0, 0.0, 0.0], [0.0, 0.0, 0.0, 0.0], [0.0, 0.0, 0.0, 0.0], [1245.0, 454.0, 1496.0, 527.0], [400.0, 431.0, 1610.0, 1080.0], [559.0, 522.0, 629.0, 535.0], [559.0, 522.0, 629.0, 535.0], [559.0, 522.0, 629.0, 535.0], [425.0, 504.0, 644.0, 545.0], [425.0, 504.0, 644.0, 545.0], [425.0, 504.0, 644.0, 545.0], [425.0, 504.0, 644.0, 545.0], [425.0, 504.0, 644.0, 545.0], [425.0, 504.0, 644.0, 545.0], [425.0, 504.0, 644.0, 545.0], [425.0, 504.0, 644.0, 545.0], [0.0, 0.0, 0.0, 0.0], [610.0, 516.0, 629.0, 532.0], [610.0, 516.0, 629.0, 532.0], [610.0, 516.0, 629.0, 532.0], [610.0, 516.0, 629.0, 532.0], [610.0, 516.0, 629.0, 532.0], [610.0, 516.0, 629.0, 532.0], [610.0, 516.0, 629.0, 532.0], [559.0, 521.0, 634.0, 539.0], [0.0, 0.0, 0.0, 0.0], [0.0, 0.0, 0.0, 0.0], [0.0, 0.0, 0.0, 0.0], [0.0, 0.0, 0.0, 0.0], [0.0, 0.0, 0.0, 0.0], [0.0, 0.0, 0.0, 0.0], [0.0, 0.0, 0.0, 0.0], [0.0, 0.0, 0.0, 0.0], [0.0, 0.0, 0.0, 0.0], [0.0, 0.0, 0.0, 0.0], [0.0, 0.0, 0.0, 0.0], [0.0, 0.0, 0.0, 0.0], [0.0, 0.0, 0.0, 0.0]], "masks": [{"size": [1080, 1920], "counts": "Vg`X12fQ10`Z6O`eI11OWU31fjL3N1000O010N2O100O2OoV40PiK1O1O2N010O010O10O100O10O010O01O101O0O10faSe0"}, {"size": [1080, 1920], "counts": "PPYo1"}, {"size": [1080, 1920], "counts": "PPYo1"}, {"size": [1080, 1920], "counts": "PPYo1"}, {"size": [1080, 1920], "counts": "PPYo1"}, {"size": [1080, 1920], "counts": "PPYo1"}, {"size": [1080, 1920], "counts": "PPYo1"}, {"size": [1080, 1920], "counts": "PPYo1"}, {"size": [1080, 1920], "counts": "PPYo1"}, {"size": [1080, 1920], "counts": "PPYo1"}, {"size": [1080, 1920], "counts": "PPYo1"}, {"size": [1080, 1920], "counts": "PPYo1"}, {"size": [1080, 1920], "counts": "PPYo1"}, {"size": [1080, 1920], "counts": "PPYo1"}, {"size": [1080, 1920], "counts": "PPYo1"}, {"size": [1080, 1920], "counts": "PPYo1"}, {"size": [1080, 1920], "counts": "PPYo1"}, {"size": [1080, 1920], "counts": "PPYo1"}, {"size": [1080, 1920], "counts": "PPYo1"}, {"size": [1080, 1920], "counts": "PPYo1"}, {"size": [1080, 1920], "counts": "PPYo1"}, {"size": [1080, 1920], "counts": "PPYo1"}, {"size": [1080, 1920], "counts": "PPYo1"}, {"size": [1080, 1920], "counts": "PPYo1"}, {"size": [1080, 1920], "counts": "PPYo1"}, {"size": [1080, 1920], "counts": "PPYo1"}, {"size": [1080, 1920], "counts": "PPYo1"}, {"size": [1080, 1920], "counts": "PPYo1"}, {"size": [1080, 1920], "counts": "PPYo1"}, {"size": [1080, 1920], "counts": "PPYo1"}, {"size": [1080, 1920], "counts": "PPYo1"}, {"size": [1080, 1920], "counts": "PPYo1"}, {"size": [1080, 1920], "counts": "PPYo1"}, {"size": [1080, 1920], "counts": "PPYo1"}, {"size": [1080, 1920], "counts": "PPYo1"}, {"size": [1080, 1920], "counts": "PPYo1"}, {"size": [1080, 1920], "counts": "PPYo1"}, {"size": [1080, 1920], "counts": "PPYo1"}, {"size": [1080, 1920], "counts": "PPYo1"}, {"size": [1080, 1920], "counts": "PPYo1"}, {"size": [1080, 1920], "counts": "PPYo1"}, {"size": [1080, 1920], "counts": "]V`?2fQ10O2O00001O1O1O01O000O110O0010O001O001O01N2N1Oe[]10\\dbN0000000ea:O[^E3M2N1O1O2N1O1O1O1O1O01O001000O10O02O000000001O010O000100O1O1O3M4L2N1O0000002MI342N1O100O101N4M1N3N1N1O1O100O1O100O10000O10000000O101O0O101N101N101N101O1N101O1O001O1O001N2O001N1OmYc2NVf\\M00OPm\\W1"}, {"size": [1080, 1920], "counts": "]V`?2fQ10O2O00001O1O1O01O000O110O0010O001O001O01N2N1Oe[]10\\dbN0000000ea:O[^E3M2N1O1O2N1O1O1O1O1O01O001000O10O02O000000001O010O000100O1O1O3M4L2N1O0000002MI342N1O100O101N4M1N3N1N1O1O100O1O100O10000O10000000O101O0O101N101N101N101O1N101O1O001O1O001N2O001N1OmYc2NVf\\M00OPm\\W1"}, {"size": [1080, 1920], "counts": "]V`?2fQ10O2O00001O1O1O01O000O110O0010O001O001O01N2N1Oe[]10\\dbN0000000ea:O[^E3M2N1O1O2N1O1O1O1O1O01O001000O10O02O000000001O010O000100O1O1O3M4L2N1O0000002MI342N1O100O101N4M1N3N1N1O1O100O1O100O10000O10000000O101O0O101N101N101N101O1N101O1O001O1O001N2O001N1OmYc2NVf\\M00OPm\\W1"}, {"size": [1080, 1920], "counts": "]V`?2fQ10O2O00001O1O1O01O000O110O0010O001O001O01N2N1Oe[]10\\dbN0000000ea:O[^E3M2N1O1O2N1O1O1O1O1O01O001000O10O02O000000001O010O000100O1O1O3M4L2N1O0000002MI342N1O100O101N4M1N3N1N1O1O100O1O100O10000O10000000O101O0O101N101N101N101O1N101O1O001O1O001N2O001N1OmYc2NVf\\M00OPm\\W1"}, {"size": [1080, 1920], "counts": "]V`?2fQ10O2O00001O1O1O01O000O110O0010O001O001O01N2N1Oe[]10\\dbN0000000ea:O[^E3M2N1O1O2N1O1O1O1O1O01O001000O10O02O000000001O010O000100O1O1O3M4L2N1O0000002MI342N1O100O101N4M1N3N1N1O1O100O1O100O10000O10000000O101O0O101N101N101N101O1N101O1O001O1O001N2O001N1OmYc2NVf\\M00OPm\\W1"}, {"size": [1080, 1920], "counts": "]V`?2fQ10O2O00001O1O1O01O000O110O0010O001O001O01N2N1Oe[]10\\dbN0000000ea:O[^E3M2N1O1O2N1O1O1O1O1O01O001000O10O02O000000001O010O000100O1O1O3M4L2N1O0000002MI342N1O100O101N4M1N3N1N1O1O100O1O100O10000O10000000O101O0O101N101N101N101O1N101O1O001O1O001N2O001N1OmYc2NVf\\M00OPm\\W1"}, {"size": [1080, 1920],