{"labels": [12, 2, 3, 4, 6, 7, 8, 10, 11, 10, 10, 10, 1, 2, 3, 4, 6, 7, 10, 11, 12, 19, 2, 4, 10, 10, 10, 1, 6, 10, 10, 4, 8, 10, 10, 4, 7, 8, 10, 12, 3, 4, 12, 12, 10, 0, 10, 2, 3, 4, 10, 12, 19, 10, 2, 4, 7, 8, 10, 12, 1, 10, 19, 12, 4, 8, 10, 12, 1, 3, 4, 6, 7, 8, 10, 11, 12, 19, 10, 2, 3, 4, 7, 10, 19, 10, 10, 4, 2, 4, 7, 8, 10, 12, 19, 1, 10, 11, 12, 12], "scores": [0.0, 0.0, 0.0, 0.0, 0.0, 0.0, 0.0, 0.0, 0.0, 0.0006373421638272703, 0.0011224844492971897, 0.00019376764248590916, 0.0, 0.0, 0.0, 0.0, 0.0, 0.0, 0.0, 0.0, 0.0, 0.0, 0.0, 0.0, 0.0, 0.0005085558514110744, 0.0, 0.0008813359891064465, 0.0002728797553572804, 0.00033497600816190243, 0.0, 0.0005169403739273548, 0.0006716100033372641, 0.00326373684220016, 0.0, 0.0, 0.0, 0.0, 0.0, 0.0, 0.6298608183860779, 0.0010589425219222903, 0.0, 0.00036868007737211883, 0.0, 0.0002963650622405112, 0.00020791184215340763, 0.0, 0.0, 0.0, 0.0, 0.0, 0.0, 0.0, 0.0, 0.0, 0.0, 0.0, 0.0, 0.0, 0.0, 0.0, 0.9758463501930237, 0.0007540667429566383, 0.0023998043034225702, 0.0007215221412479877, 0.0059495531022548676, 0.00032340403413400054, 0.0, 0.0, 0.0, 0.0, 0.0, 0.0, 0.0, 0.0, 0.0, 0.0, 0.0002910970360971987, 0.005441657267510891, 0.0011832938762381673, 0.058800529688596725, 0.00019515331950969994, 0.002386483596637845, 0.00023528086603619158, 0.0, 0.0008603151654824615, 0.0, 0.0, 0.0, 0.0, 0.0, 0.0, 0.0, 0.0, 0.0, 0.0, 0.0, 0.0, 0.00021198761533014476], "bboxes": [[0.0, 0.0, 0.0, 0.0], [0.0, 0.0, 0.0, 0.0], [0.0, 0.0, 0.0, 0.0], [0.0, 0.0, 0.0, 0.0], [0.0, 0.0, 0.0, 0.0], [0.0, 0.0, 0.0, 0.0], [0.0, 0.0, 0.0, 0.0], [0.0, 0.0, 0.0, 0.0], [0.0, 0.0, 0.0, 0.0], [561.0, 545.0, 625.0, 563.0], [576.0, 552.0, 590.0, 563.0], [583.0, 557.0, 586.0, 561.0], [0.0, 0.0, 0.0, 0.0], [0.0, 0.0, 0.0, 0.0], [0.0, 0.0, 0.0, 0.0], [0.0, 0.0, 0.0, 0.0], [0.0, 0.0, 0.0, 0.0], [0.0, 0.0, 0.0, 0.0], [0.0, 0.0, 0.0, 0.0], [0.0, 0.0, 0.0, 0.0], [0.0, 0.0, 0.0, 0.0], [0.0, 0.0, 0.0, 0.0], [0.0, 0.0, 0.0, 0.0], [0.0, 0.0, 0.0, 0.0], [0.0, 0.0, 0.0, 0.0], [576.0, 544.0, 624.0, 563.0], [0.0, 0.0, 0.0, 0.0], [1229.0, 477.0, 1346.0, 529.0], [1229.0, 477.0, 1346.0, 529.0], [1229.0, 477.0, 1346.0, 529.0], [0.0, 0.0, 0.0, 0.0], [571.0, 537.0, 664.0, 565.0], [571.0, 537.0, 664.0, 565.0], [571.0, 537.0, 664.0, 565.0], [0.0, 0.0, 0.0, 0.0], [0.0, 0.0, 0.0, 0.0], [0.0, 0.0, 0.0, 0.0], [0.0, 0.0, 0.0, 0.0], [0.0, 0.0, 0.0, 0.0], [0.0, 0.0, 0.0, 0.0], [716.0, 496.0, 1322.0, 536.0], [716.0, 496.0, 1322.0, 536.0], [0.0, 0.0, 0.0, 0.0], [406.0, 598.0, 443.0, 751.0], [0.0, 0.0, 0.0, 0.0], [422.0, 496.0, 1292.0, 719.0], [585.0, 557.0, 586.0, 559.0], [0.0, 0.0, 0.0, 0.0], [0.0, 0.0, 0.0, 0.0], [0.0, 0.0, 0.0, 0.0], [0.0, 0.0, 0.0, 0.0], [0.0, 0.0, 0.0, 0.0], [0.0, 0.0, 0.0, 0.0], [0.0, 0.0, 0.0, 0.0], [0.0, 0.0, 0.0, 0.0], [0.0, 0.0, 0.0, 0.0], [0.0, 0.0, 0.0, 0.0], [0.0, 0.0, 0.0, 0.0], [0.0, 0.0, 0.0, 0.0], [0.0, 0.0, 0.0, 0.0], [0.0, 0.0, 0.0, 0.0], [0.0, 0.0, 0.0, 0.0], [399.0, 434.0, 1606.0, 1080.0], [407.0, 618.0, 437.0, 736.0], [505.0, 543.0, 639.0, 566.0], [505.0, 543.0, 639.0, 566.0], [505.0, 543.0, 639.0, 566.0], [505.0, 543.0, 639.0, 566.0], [0.0, 0.0, 0.0, 0.0], [0.0, 0.0, 0.0, 0.0], [0.0, 0.0, 0.0, 0.0], [0.0, 0.0, 0.0, 0.0], [0.0, 0.0, 0.0, 0.0], [0.0, 0.0, 0.0, 0.0], [0.0, 0.0, 0.0, 0.0], [0.0, 0.0, 0.0, 0.0], [0.0, 0.0, 0.0, 0.0], [0.0, 0.0, 0.0, 0.0], [581.0, 556.0, 588.0, 562.0], [614.0, 550.0, 623.0, 555.0], [614.0, 550.0, 623.0, 555.0], [614.0, 550.0, 623.0, 555.0], [614.0, 550.0, 623.0, 555.0], [614.0, 550.0, 623.0, 555.0], [614.0, 550.0, 623.0, 555.0], [0.0, 0.0, 0.0, 0.0], [584.0, 557.0, 586.0, 560.0], [0.0, 0.0, 0.0, 0.0], [0.0, 0.0, 0.0, 0.0], [0.0, 0.0, 0.0, 0.0], [0.0, 0.0, 0.0, 0.0], [0.0, 0.0, 0.0, 0.0], [0.0, 0.0, 0.0, 0.0], [0.0, 0.0, 0.0, 0.0], [0.0, 0.0, 0.0, 0.0], [0.0, 0.0, 0.0, 0.0], [0.0, 0.0, 0.0, 0.0], [0.0, 0.0, 0.0, 0.0], [0.0, 0.0, 0.0, 0.0], [576.0, 552.0, 590.0, 563.0]], "masks": [{"size": [1080, 1920], "counts": "PPYo1"}, {"size": [1080, 1920], "counts": "PPYo1"}, {"size": [1080, 1920], "counts": "PPYo1"}, {"size": [1080, 1920], "counts": "PPYo1"}, {"size": [1080, 1920], "counts": "PPYo1"}, {"size": [1080, 1920], "counts": "PPYo1"}, {"size": [1080, 1920], "counts": "PPYo1"}, {"size": [1080, 1920], "counts": "PPYo1"}, {"size": [1080, 1920], "counts": "PPYo1"}, {"size": [1080, 1920], "counts": "QW`b02fQ1000001OQ^82kaG2O2N102N1O0011N1O00001O2N1O2N1O000O10PQd00Po[O0\\S21blM100O1N2001O3LTYeZ1"}, {"size": [1080, 1920], "counts": "ZQPc01fQ12N2O3M2OO1O01O0001O2N2N2MPVj[1"}, {"size": [1080, 1920], "counts": "f]Wc01gQ11N2R]n[1"}, {"size": [1080, 1920], "counts": "PPYo1"}, {"size": [1080, 1920], "counts": "PPYo1"}, {"size": [1080, 1920], "counts": "PPYo1"}, {"size": [1080, 1920], "counts": "PPYo1"}, {"size": [1080, 1920], "counts": "PPYo1"}, {"size": [1080, 1920], "counts": "PPYo1"}, {"size": [1080, 1920], "counts": "PPYo1"}, {"size": [1080, 1920], "counts": "PPYo1"}, {"size": [1080, 1920], "counts": "PPYo1"}, {"size": [1080, 1920], "counts": "PPYo1"}, {"size": [1080, 1920], "counts": "PPYo1"}, {"size": [1080, 1920], "counts": "PPYo1"}, {"size": [1080, 1920], "counts": "PPYo1"}, {"size": [1080, 1920], "counts": "YQPc04cQ12O3M1O0011N00001O1O1O2N1O1O000O10lWh01RhWO1O1N2O11O1NoZfZ1"}, {"size": [1080, 1920], "counts": "PPYo1"}, {"size": [1080, 1920], "counts": "Ug`X12fQ11N1N2O10001O000000ON30O0100O010O0010O0100O2N101N100O010O1O1O010O10O1000O100O1O100O1000000O2O0O3M10000O1000O1O00100001N1000O100N3N101N101L3L30100O1O2N1O1N2M3M30deP10[ZoN11O0000bmlb0"}, {"size": [1080, 1920], "counts": "Ug`X12fQ11N1N2O10001O000000ON30O0100O010O0010O0100O2N101N100O010O1O1O010O10O1000O100O1O100O1000000O2O0O3M10000O1000O1O00100001N1000O100N3N101N101L3L30100O1O2N1O1N2M3M30deP10[ZoN11O0000bmlb0"}, {"size": [1080, 1920], "counts": "Ug`X12fQ11N1N2O10001O000000ON30O0100O010O0010O0100O2N101N100O010O1O1O010O10O1000O100O1O100O1000000O2O0O3M10000O1000O1O00100001N1000O100N3N101N101L3L30100O1O2N1O1N2M3M30deP10[ZoN11O0000bmlb0"}, {"size": [1080, 1920], "counts": "PPYo1"}, {"size": [1080, 1920], "counts": "ahjb03bQ15M2O1O1N2O001O0O101O01O1O100O1N2O2N1O000000000O100O1O1O2NNO40\\Z60deI0TU31jjL4L1O1O100O101OO2O002N001O0O100000000000001N1NRXh00ogWO11OVU\\Y1"}, {"size": [1080, 1920], "counts": "ahjb03bQ15M2O1O1N2O001O0O101O01O1O100O1N2O2N1O000000000O100O1O1O2NNO40\\Z60deI0TU31jjL4L1O1O100O101OO2O002N001O0O100000000000001N1NRXh00ogWO11OVU\\Y1"}, {"size": [1080, 1920], "counts": "ahjb03bQ15M2O1O1N2O001O0O101O01O1O100O1N2O2N1O000000000O100O1O1O2NNO40\\Z60deI0TU31jjL4L1O1O100O101OO2O002N001O0O100000000000001N1NRXh00ogWO11OVU\\Y1"}, {"size": [1080, 1920], "counts": "PPYo1"}, {"size": [1080, 1920], "counts": "PPYo1"}, {"size": [1080, 1920], "counts": "PPYo1"}, {"size": [1080, 1920], "counts": "PPYo1"}, {"size": [1080, 1920], "counts": "PPYo1"}, {"size": [1080, 1920], "counts": "PPYo1"}, {"size": [1080, 1920], "counts": "fecg01gQ1000_Z61`eI000O100O100O101N1000O0100O1O1O10000O1000O01000O10O1000O1000000000000000O010000000000000001O0000001O00001O1O1O1O1O1O0OVoj=0jPUB100XU3OhjL2M2000O1N101000O1N3O0000O1000O1O2O0O1O1O100O1000000O1O1O100O1O100O00100O10O0102M3M2O000O10O01O1000O01000000O100O10O02O1O001O0O2O0O100O100O0100001N1000O1000000O1O1N2O2N100O1O1O1O1O1O10O0100O1O010O10000O1O1O1O3L3O1N2N3L4LiVfc0"}, {"size": [1080, 1920], "counts": "fecg01gQ1000_Z61`eI000O100O100O101N1000O0100O1O1O10000O1000O01000O10O1000O1000000000000000O010000000000000001O0000001O00001O1O1O1O1O1O0OVoj=0jPUB100XU3OhjL2M2000O1N101000O1N3O0000O1000O1O2O0O1O1O100O1000000O1O1O100O1O100O00100O10O0102M3M2O000O10O01O1000O01000000O100O10O02O1O001O0O2O0O100O100O0100001N1000O1000000O1O1N2O2N100O1O1O1O1O1O10O0100O1O010O10000O1O1O1O3L3O1N2N3L4LiVfc0"}, {"size": [1080, 1920], "counts": "PPYo1"}, {"size": [1080, 1920], "counts": "Vi\\=2388LGLgP1P1M6J3N6I8I3MYNVPOf1jo04L2N3M6K3M2N013MTNmPOS1Zo0^NnPO`1Uo0ZNSQOb1fo0cNioNQ1^P15J2O2N3L3M2N1O3N1O01020N07XOQPOUOSP16loNE?0go04jPOIWo03nSe`1"}, {"size": [1080, 1920], "counts": "PPYo1"}, {"size": [1080, 1920],