{"labels": [10, 12, 10, 2, 3, 4, 7, 8, 11, 10, 0, 1, 2, 3, 4, 6, 7, 10, 11, 12, 15, 19, 10, 8, 10, 2, 10, 7, 10, 2, 10, 4, 8, 10, 3, 4, 7, 10, 12, 8, 10, 1, 3, 4, 7, 8, 10, 3, 7, 12, 12, 10, 10, 10, 2, 3, 4, 10, 12, 19, 10, 3, 7, 10, 12, 1, 10, 2, 10, 19, 10, 12, 1, 3, 4, 6, 8, 10, 2, 3, 4, 7, 10, 19, 10, 2, 10, 12, 2, 2, 7, 10, 0, 1, 6, 7, 10, 11, 12, 12], "scores": [0.0001916002220241353, 0.00022969541896600276, 0.0004684741434175521, 0.0, 0.0, 0.0, 0.0, 0.0, 0.0, 0.0005253073177300394, 0.0, 0.0, 0.0, 0.0, 0.0, 0.0, 0.0, 0.0, 0.0, 0.0, 0.0, 0.0, 0.0, 0.0002470848266966641, 0.0004921486834064126, 0.0, 0.0, 0.0, 0.00029328447999432683, 0.0, 0.0, 0.0, 0.0, 0.0, 0.0, 0.0, 0.0, 0.0, 0.0, 0.0, 0.0, 0.000731136417016387, 0.6019780039787292, 0.006990395486354828, 0.0005501051782630384, 0.0014238193398341537, 0.0015136846341192722, 0.0, 0.0, 0.0, 0.0003901527379639447, 0.0, 0.0, 0.0, 0.0, 0.0, 0.0, 0.0, 0.0, 0.0, 0.0, 0.0, 0.0, 0.0, 0.0, 0.002101780381053686, 0.003085062373429537, 0.0, 0.0, 0.9785686135292053, 0.0, 0.0, 0.001141420449130237, 0.00018948530487250537, 0.0010244573932141066, 0.00023366605455521494, 0.4142841398715973, 0.0013427286176010966, 0.0, 0.0, 0.0, 0.0, 0.0, 0.0, 0.0, 0.0, 0.0009040074655786157, 0.00024195469450205564, 0.0, 0.0, 0.0, 0.0, 0.0, 0.0, 0.0, 0.0, 0.0, 0.0, 0.0, 0.0], "bboxes": [[432.0, 566.0, 615.0, 602.0], [432.0, 566.0, 615.0, 602.0], [413.0, 557.0, 667.0, 612.0], [0.0, 0.0, 0.0, 0.0], [0.0, 0.0, 0.0, 0.0], [0.0, 0.0, 0.0, 0.0], [0.0, 0.0, 0.0, 0.0], [0.0, 0.0, 0.0, 0.0], [0.0, 0.0, 0.0, 0.0], [458.0, 558.0, 723.0, 579.0], [0.0, 0.0, 0.0, 0.0], [0.0, 0.0, 0.0, 0.0], [0.0, 0.0, 0.0, 0.0], [0.0, 0.0, 0.0, 0.0], [0.0, 0.0, 0.0, 0.0], [0.0, 0.0, 0.0, 0.0], [0.0, 0.0, 0.0, 0.0], [0.0, 0.0, 0.0, 0.0], [0.0, 0.0, 0.0, 0.0], [0.0, 0.0, 0.0, 0.0], [0.0, 0.0, 0.0, 0.0], [0.0, 0.0, 0.0, 0.0], [0.0, 0.0, 0.0, 0.0], [722.0, 552.0, 753.0, 558.0], [722.0, 552.0, 753.0, 558.0], [0.0, 0.0, 0.0, 0.0], [0.0, 0.0, 0.0, 0.0], [0.0, 0.0, 0.0, 0.0], [725.0, 553.0, 750.0, 555.0], [0.0, 0.0, 0.0, 0.0], [0.0, 0.0, 0.0, 0.0], [0.0, 0.0, 0.0, 0.0], [0.0, 0.0, 0.0, 0.0], [0.0, 0.0, 0.0, 0.0], [0.0, 0.0, 0.0, 0.0], [0.0, 0.0, 0.0, 0.0], [0.0, 0.0, 0.0, 0.0], [0.0, 0.0, 0.0, 0.0], [0.0, 0.0, 0.0, 0.0], [0.0, 0.0, 0.0, 0.0], [0.0, 0.0, 0.0, 0.0], [709.0, 536.0, 874.0, 560.0], [709.0, 536.0, 874.0, 560.0], [709.0, 536.0, 874.0, 560.0], [709.0, 536.0, 874.0, 560.0], [709.0, 536.0, 874.0, 560.0], [709.0, 536.0, 874.0, 560.0], [0.0, 0.0, 0.0, 0.0], [0.0, 0.0, 0.0, 0.0], [0.0, 0.0, 0.0, 0.0], [645.0, 558.0, 647.0, 559.0], [0.0, 0.0, 0.0, 0.0], [0.0, 0.0, 0.0, 0.0], [0.0, 0.0, 0.0, 0.0], [0.0, 0.0, 0.0, 0.0], [0.0, 0.0, 0.0, 0.0], [0.0, 0.0, 0.0, 0.0], [0.0, 0.0, 0.0, 0.0], [0.0, 0.0, 0.0, 0.0], [0.0, 0.0, 0.0, 0.0], [0.0, 0.0, 0.0, 0.0], [0.0, 0.0, 0.0, 0.0], [0.0, 0.0, 0.0, 0.0], [0.0, 0.0, 0.0, 0.0], [0.0, 0.0, 0.0, 0.0], [725.0, 553.0, 727.0, 555.0], [725.0, 553.0, 727.0, 555.0], [0.0, 0.0, 0.0, 0.0], [0.0, 0.0, 0.0, 0.0], [403.0, 438.0, 1605.0, 1080.0], [0.0, 0.0, 0.0, 0.0], [0.0, 0.0, 0.0, 0.0], [739.0, 545.0, 872.0, 564.0], [739.0, 545.0, 872.0, 564.0], [739.0, 545.0, 872.0, 564.0], [739.0, 545.0, 872.0, 564.0], [739.0, 545.0, 872.0, 564.0], [739.0, 545.0, 872.0, 564.0], [0.0, 0.0, 0.0, 0.0], [0.0, 0.0, 0.0, 0.0], [0.0, 0.0, 0.0, 0.0], [0.0, 0.0, 0.0, 0.0], [0.0, 0.0, 0.0, 0.0], [0.0, 0.0, 0.0, 0.0], [0.0, 0.0, 0.0, 0.0], [0.0, 0.0, 0.0, 0.0], [431.0, 566.0, 563.0, 598.0], [431.0, 566.0, 563.0, 598.0], [0.0, 0.0, 0.0, 0.0], [0.0, 0.0, 0.0, 0.0], [0.0, 0.0, 0.0, 0.0], [0.0, 0.0, 0.0, 0.0], [0.0, 0.0, 0.0, 0.0], [0.0, 0.0, 0.0, 0.0], [0.0, 0.0, 0.0, 0.0], [0.0, 0.0, 0.0, 0.0], [0.0, 0.0, 0.0, 0.0], [0.0, 0.0, 0.0, 0.0], [0.0, 0.0, 0.0, 0.0], [0.0, 0.0, 0.0, 0.0]], "masks": [{"size": [1080, 1920], "counts": "^VX>7`Q13M2O1O1O0000O2N2N4HPW41QiK4N2O0O1N1O2O1O001O00100010O0000O0101O1O2N4L2M2N`Z60aeI1O0IOgnN2WQ10hnN0XQ1800O00100O100O100000O101O00001O0O2O000O01O1O010000000O0010O100O2N1O2N1001O001N10O1O001001O001O000O10000O2O001N100O100000001O11N1N2N1N2000000001O10O01O0O010O0102M2MPW40RiKNY[]1Oi^bY1"}, {"size": [1080, 1920], "counts": "^VX>7`Q13M2O1O1O0000O2N2N4HPW41QiK4N2O0O1N1O2O1O001O00100010O0000O0101O1O2N4L2M2N`Z60aeI1O0IOgnN2WQ10hnN0XQ1800O00100O100O100000O101O00001O0O2O000O01O1O010000000O0010O100O2N1O2N1001O001N10O1O001001O001O000O10000O2O001N100O100000001O11N1N2N1N2000000001O10O01O0O010O0102M2MPW40RiKNY[]1Oi^bY1"}, {"size": [1080, 1920], "counts": "]Ud=3dQ13O0O1O000O3M5L1N10O1O0DlnN5UQ1LlnN1SQ18lnNEnP1=RoNElP1<ToNEjP1=UoNCgP1i0O1O100O0100O1N3M2O3N0O00OO2L5O0101O0O1O100O001O1O100O10000O10O2O001O0000001O0000O10000O1O101O0O10000O10O1000O10000O1001O0000000O1000001O1O000O01O0010000000000001O000O100O2OO100O10000O10O010O110O000000O1000001O001O00O100000000001OO2O000O2O00000000000000000000000001O00000000000001O1O0O100O1O1O02N2N2O1N1O0010O1000000CSoNOmP11SoNNoP1<101N10O01M3O0011O0O1000O1O0010000O2OO1000001O00O1000O01O10O01000001N100O001O101O0000001O1O1N10O0000100O2O0000000001O0000001O001O0O101O01O000001O00000NXoXY1"}, {"size": [1080, 1920], "counts": "PPYo1"}, {"size": [1080, 1920], "counts": "PPYo1"}, {"size": [1080, 1920], "counts": "PPYo1"}, {"size": [1080, 1920], "counts": "PPYo1"}, {"size": [1080, 1920], "counts": "PPYo1"}, {"size": [1080, 1920], "counts": "PPYo1"}, {"size": [1080, 1920], "counts": "bcS?1okT41fUlK2O00O101NmV[40^fRS1"}, {"size": [1080, 1920], "counts": "PPYo1"}, {"size": [1080, 1920], "counts": "PPYo1"}, {"size": [1080, 1920], "counts": "PPYo1"}, {"size": [1080, 1920], "counts": "PPYo1"}, {"size": [1080, 1920], "counts": "PPYo1"}, {"size": [1080, 1920], "counts": "PPYo1"}, {"size": [1080, 1920], "counts": "PPYo1"}, {"size": [1080, 1920], "counts": "PPYo1"}, {"size": [1080, 1920], "counts": "PPYo1"}, {"size": [1080, 1920], "counts": "PPYo1"}, {"size": [1080, 1920], "counts": "PPYo1"}, {"size": [1080, 1920], "counts": "PPYo1"}, {"size": [1080, 1920], "counts": "PPYo1"}, {"size": [1080, 1920], "counts": "jPjg03dQ12N1000O1O100O101O000000Y\\7OgcH100O100000000001O0OPY^V1"}, {"size": [1080, 1920], "counts": "jPjg03dQ12N1000O1O100O101O000000Y\\7OgcH100O100000000001O0OPY^V1"}, {"size": [1080, 1920], "counts": "PPYo1"}, {"size": [1080, 1920], "counts": "PPYo1"}, {"size": [1080, 1920], "counts": "PPYo1"}, {"size": [1080, 1920], "counts": "RVmg01gQ10_Vg01gWjU1"}, {"size": [1080, 1920], "counts": "PPYo1"}, {"size": [1080, 1920], "counts": "PPYo1"}, {"size": [1080, 1920], "counts": "PPYo1"}, {"size": [1080, 1920], "counts": "PPYo1"}, {"size": [1080, 1920], "counts": "PPYo1"}, {"size": [1080, 1920], "counts": "PPYo1"}, {"size": [1080, 1920], "counts": "PPYo1"}, {"size": [1080, 1920], "counts": "PPYo1"}, {"size": [1080, 1920], "counts": "PPYo1"}, {"size": [1080, 1920], "counts": "PPYo1"}, {"size": [1080, 1920], "counts": "PPYo1"}, {"size": [1080, 1920], "counts": "PPYo1"}, {"size": [1080, 1920], "counts": "TZ\\g02dQ120MbS21]lM4N3M1O2N1O1000000O1000000O0100000O100000000000001O001N10000000000O01000O10O10O100000000000O2O0000000000000000000000000O010000O0100000O1010O0000001O0000001O00000O100000000O10000O10O1001O00000000O10O100000001O0O101O0000000000000O1000O1000000001O0O2O00O100000000000001O000010O0010O0000000000O101N100000O11O010O00010O0000_e^R1"}, {"size": [1080, 1920], "counts": "TZ\\g02dQ120MbS21]lM4N3M1O2N1O1000000O1000000O0100000O100000000000001O001N10000000000O01000O10O10O100000000000O2O0000000000000000000000000O010000O0100000O1010O0000001O0000001O00000O100000000O10000O10O1001O00000000O10O100000001O0O101O0000000000000O1000O1000000001O0O2O00O100000000000001O000010O0010O0000000000O101N100000O11O010O00010O0000_e^R1"}, {"size": [1080, 1920], "counts": "TZ\\g02dQ120MbS21]lM4N3M1O2N1O1000000O1000000O0100000O100000000000001O001N10000000000O01000O10O10O100000000000O2O0000000000000000000000000O010000O0100000O1010O0000001O0000001O00000O100000000O10000O10O1001O00000000O10O100000001O0O101O0000000000000O1000O1000000001O0O2O00O100000000000001O000010O0010O0000000000O101N100000O11O010O00010O0000_e^R1"}, {"size": [1080, 1920],