{"labels": [12, 10, 2, 3, 4, 7, 8, 10, 11, 10, 0, 1, 2, 3, 4, 6, 7, 10, 11, 12, 19, 10, 10, 10, 12, 1, 4, 10, 7, 10, 12, 8, 10, 1, 3, 4, 7, 8, 10, 3, 6, 7, 10, 12, 12, 12, 10, 2, 3, 4, 10, 12, 19, 10, 3, 7, 10, 12, 1, 10, 2, 10, 19, 10, 12, 1, 3, 4, 7, 8, 10, 11, 12, 19, 10, 2, 3, 4, 7, 10, 19, 2, 10, 12, 2, 2, 4, 7, 8, 10, 12, 19, 0, 1, 6, 7, 10, 11, 12, 10], "scores": [0.0, 0.0001887916587293148, 0.0, 0.0, 0.0, 0.0, 0.0, 0.0, 0.0, 0.00018667936092242599, 0.0, 0.0, 0.0, 0.0, 0.0, 0.0, 0.0, 0.0, 0.0, 0.0, 0.0, 0.0, 0.00025203198310919106, 0.0, 0.0, 0.0007598636439070106, 0.00016577495262026787, 0.00028950345586054027, 0.0, 0.0, 0.0, 0.0, 0.0, 0.00036658436874859035, 0.713414192199707, 0.003945577424019575, 0.00022498196631204337, 0.0006151269190013409, 0.00037921618786640465, 0.0, 0.0, 0.0, 0.0, 0.0, 0.0, 0.00035040796501562, 0.00017686080536805093, 0.0, 0.0, 0.0, 0.0, 0.0, 0.0, 0.000248781027039513, 0.0, 0.0, 0.0, 0.0, 0.006031842902302742, 0.00034301605774089694, 0.0, 0.0, 0.98128342628479, 0.0, 0.0, 0.0, 0.0, 0.0, 0.0, 0.0, 0.0, 0.0, 0.0, 0.0, 0.0, 0.0, 0.0, 0.0, 0.0, 0.0, 0.0, 0.0, 0.0, 0.0, 0.0, 0.0, 0.0, 0.0, 0.0, 0.0, 0.0, 0.0, 0.0, 0.0, 0.0, 0.0, 0.0, 0.0, 0.0, 0.0], "bboxes": [[0.0, 0.0, 0.0, 0.0], [429.0, 574.0, 547.0, 588.0], [0.0, 0.0, 0.0, 0.0], [0.0, 0.0, 0.0, 0.0], [0.0, 0.0, 0.0, 0.0], [0.0, 0.0, 0.0, 0.0], [0.0, 0.0, 0.0, 0.0], [0.0, 0.0, 0.0, 0.0], [0.0, 0.0, 0.0, 0.0], [709.0, 553.0, 746.0, 564.0], [0.0, 0.0, 0.0, 0.0], [0.0, 0.0, 0.0, 0.0], [0.0, 0.0, 0.0, 0.0], [0.0, 0.0, 0.0, 0.0], [0.0, 0.0, 0.0, 0.0], [0.0, 0.0, 0.0, 0.0], [0.0, 0.0, 0.0, 0.0], [0.0, 0.0, 0.0, 0.0], [0.0, 0.0, 0.0, 0.0], [0.0, 0.0, 0.0, 0.0], [0.0, 0.0, 0.0, 0.0], [0.0, 0.0, 0.0, 0.0], [697.0, 549.0, 758.0, 567.0], [0.0, 0.0, 0.0, 0.0], [0.0, 0.0, 0.0, 0.0], [724.0, 546.0, 840.0, 562.0], [713.0, 551.0, 753.0, 562.0], [713.0, 551.0, 753.0, 562.0], [0.0, 0.0, 0.0, 0.0], [0.0, 0.0, 0.0, 0.0], [0.0, 0.0, 0.0, 0.0], [0.0, 0.0, 0.0, 0.0], [0.0, 0.0, 0.0, 0.0], [692.0, 540.0, 827.0, 567.0], [692.0, 540.0, 827.0, 567.0], [692.0, 540.0, 827.0, 567.0], [692.0, 540.0, 827.0, 567.0], [692.0, 540.0, 827.0, 567.0], [692.0, 540.0, 827.0, 567.0], [0.0, 0.0, 0.0, 0.0], [0.0, 0.0, 0.0, 0.0], [0.0, 0.0, 0.0, 0.0], [0.0, 0.0, 0.0, 0.0], [0.0, 0.0, 0.0, 0.0], [0.0, 0.0, 0.0, 0.0], [1545.0, 413.0, 1601.0, 467.0], [716.0, 557.0, 720.0, 560.0], [0.0, 0.0, 0.0, 0.0], [0.0, 0.0, 0.0, 0.0], [0.0, 0.0, 0.0, 0.0], [0.0, 0.0, 0.0, 0.0], [0.0, 0.0, 0.0, 0.0], [0.0, 0.0, 0.0, 0.0], [710.0, 553.0, 751.0, 563.0], [0.0, 0.0, 0.0, 0.0], [0.0, 0.0, 0.0, 0.0], [0.0, 0.0, 0.0, 0.0], [0.0, 0.0, 0.0, 0.0], [716.0, 553.0, 752.0, 563.0], [716.0, 553.0, 752.0, 563.0], [0.0, 0.0, 0.0, 0.0], [0.0, 0.0, 0.0, 0.0], [403.0, 445.0, 1605.0, 1080.0], [0.0, 0.0, 0.0, 0.0], [0.0, 0.0, 0.0, 0.0], [0.0, 0.0, 0.0, 0.0], [0.0, 0.0, 0.0, 0.0], [0.0, 0.0, 0.0, 0.0], [0.0, 0.0, 0.0, 0.0], [0.0, 0.0, 0.0, 0.0], [0.0, 0.0, 0.0, 0.0], [0.0, 0.0, 0.0, 0.0], [0.0, 0.0, 0.0, 0.0], [0.0, 0.0, 0.0, 0.0], [0.0, 0.0, 0.0, 0.0], [0.0, 0.0, 0.0, 0.0], [0.0, 0.0, 0.0, 0.0], [0.0, 0.0, 0.0, 0.0], [0.0, 0.0, 0.0, 0.0], [0.0, 0.0, 0.0, 0.0], [0.0, 0.0, 0.0, 0.0], [0.0, 0.0, 0.0, 0.0], [0.0, 0.0, 0.0, 0.0], [0.0, 0.0, 0.0, 0.0], [0.0, 0.0, 0.0, 0.0], [0.0, 0.0, 0.0, 0.0], [0.0, 0.0, 0.0, 0.0], [0.0, 0.0, 0.0, 0.0], [0.0, 0.0, 0.0, 0.0], [0.0, 0.0, 0.0, 0.0], [0.0, 0.0, 0.0, 0.0], [0.0, 0.0, 0.0, 0.0], [0.0, 0.0, 0.0, 0.0], [0.0, 0.0, 0.0, 0.0], [0.0, 0.0, 0.0, 0.0], [0.0, 0.0, 0.0, 0.0], [0.0, 0.0, 0.0, 0.0], [0.0, 0.0, 0.0, 0.0], [0.0, 0.0, 0.0, 0.0], [0.0, 0.0, 0.0, 0.0]], "masks": [{"size": [1080, 1920], "counts": "PPYo1"}, {"size": [1080, 1920], "counts": "mPU>2fQ12N1N2O1O0000000001N100O1O2N1OW\\73fcH2N2N1000000O101O0O11O0000001O00000O1O2N2N2N11O0O11O1Nef=0[YB20N10`S20`lM1O0000000O2O000000O10N3O1O1O10N2O0O1001O001OO1O2N100O1001O01OcZ6O^eI000YU30fjL10000c`W]1"}, {"size": [1080, 1920], "counts": "PPYo1"}, {"size": [1080, 1920], "counts": "PPYo1"}, {"size": [1080, 1920], "counts": "PPYo1"}, {"size": [1080, 1920], "counts": "PPYo1"}, {"size": [1080, 1920], "counts": "PPYo1"}, {"size": [1080, 1920], "counts": "PPYo1"}, {"size": [1080, 1920], "counts": "PPYo1"}, {"size": [1080, 1920], "counts": "YZ\\g01eQ13N1O1O1O1O100O2O000000O11O000000000001O000O1000000O2N1O100O0100000O1N2OWeeV1"}, {"size": [1080, 1920], "counts": "PPYo1"}, {"size": [1080, 1920], "counts": "PPYo1"}, {"size": [1080, 1920], "counts": "PPYo1"}, {"size": [1080, 1920], "counts": "PPYo1"}, {"size": [1080, 1920], "counts": "PPYo1"}, {"size": [1080, 1920], "counts": "PPYo1"}, {"size": [1080, 1920], "counts": "PPYo1"}, {"size": [1080, 1920], "counts": "PPYo1"}, {"size": [1080, 1920], "counts": "PPYo1"}, {"size": [1080, 1920], "counts": "PPYo1"}, {"size": [1080, 1920], "counts": "PPYo1"}, {"size": [1080, 1920], "counts": "PPYo1"}, {"size": [1080, 1920], "counts": "]eof02fQ1O^Z60`eI5M1N2N200O100000000O2O00000000000000O100000000000000000000O100O10O010O010O10O1000000O10000O1O2O0O1O1O1M]PYV1"}, {"size": [1080, 1920], "counts": "PPYo1"}, {"size": [1080, 1920], "counts": "PPYo1"}, {"size": [1080, 1920], "counts": "^Tlg02eQ13N01O1O1O001OeQ10ZnN101N10000O1O1O100O010O10000O1000O2O0O101N2Nmm[20SRdM2N2N10000000000001O2Lm`bS1"}, {"size": [1080, 1920], "counts": "Va`g01eQ14M1O1O100001O0O1001O1N11O001O3M00N10001001O0O1000O1O10000O0100O100O01001N2O0OPY^V1"}, {"size": [1080, 1920], "counts": "Va`g01eQ14M1O1O100001O0O1001O1N11O001O3M00N10001001O0O1000O1O10000O0100O100O01001N2O0OPY^V1"}, {"size": [1080, 1920], "counts": "PPYo1"}, {"size": [1080, 1920], "counts": "PPYo1"}, {"size": [1080, 1920], "counts": "PPYo1"}, {"size": [1080, 1920], "counts": "PPYo1"}, {"size": [1080, 1920], "counts": "PPYo1"}, {"size": [1080, 1920], "counts": "e\\jf01fQ12N11N101On[75kcH4M1O1N3O00O100000O1000001O00000O1000000O101O0O1000001N10000O01000O10O10O10O10000O0100000O10000O100O100O10000O101N10000O1000000O100000000O11O0000O1000000O1000000000000O100000000O01000000000O1000000O1000000000000O2O0000000O10001O1OZU3NhjL000gWPT1"}, {"size": [1080, 1920], "counts": "e\\jf01fQ12N11N101On[75kcH4M1O1N3O00O100000O1000001O00000O1000000O101O0O1000001N10000O01000O10O10O10O10000O0100000O10000O100O100O10000O101N10000O1000000O100000000O11O0000O1000000O1000000000000O100000000O01000000000O1000000O1000000000000O2O0000000O10001O1OZU3NhjL000gWPT1"}, {"size": [1080, 1920], "counts": "e\\jf01fQ12N11N101On[75kcH4M1O1N3O00O100000O1000001O00000O1000000O101O0O1000001N10000O01000O10O10O10O10000O0100000O10000O100O100O10000O101N10000O1000000O100000000O11O0000O1000000O1000000000000O100000000O01000000000O1000000O1000000000000O2O0000000O10001O1OZU3NhjL000gWPT1"}, {"size": [1080, 1920], "counts": "e\\jf01fQ12N11N101On[75kcH4M1O1N3O00O100000O1000001O00000O1000000O101O0O1000001N10000O01000O10O10O10O10000O0100000O10000O100O100O10000O101N10000O1000000O100000000O11O0000O1000000O1000000000000O100000000O01000000000O1000000O1000000000000O2O0000000O10001O1OZU3NhjL000gWPT1"}, {"size": [1080, 1920], "counts": "e\\jf01fQ12N11N101On[75kcH4M1O1N3O00O100000O1000001O00000O1000000O101O0O1000001N10000O01000O10O10O10O10000O0100000O10000O100O100O10000O101N10000O1000000O100000000O11O0000O1000000O1000000000000O100000000O01000000000O1000000O1000000000000O2O0000000O10001O1OZU3NhjL000gWPT1"}, {"size": [1080, 1920], "counts": "e\\jf01fQ12N11N101On[75kcH4M1O1N3O00O100000O1000001O00000O1000000O101O0O1000001N10000O01000O10O10O10O10000O0100000O10000O100O100O10000O101N10000O1000000O100000000O11O0000O1000000O1000000000000O100000000O01000000000O1000000O1000000000000O2O0000000O10001O1OZU3NhjL000gWPT1"}, {"size": [1080, 1920], "counts": "PPYo1"}, {"size": [1080, 1920], "counts": "PPYo1"}, {"size": [1080, 1920], "counts": "PPYo1"}, {"size": [1080, 1920], "counts": "PPYo1"}, {"size": [1080, 1920], "counts": "PPYo1"}, {"size": [1080, 1920], "counts": "PPYo1"}, {"size": [1080, 1920], "counts": "jmmb12eQ16J4K5M1N2O0O2M2O1O1O2N1000000000O00O2O001O1O0000001O1N2O1O2N101N100O1O1O2N100O1O100O1000O0O200O2M4M3N3L5K4K:EgP`:"}, {"size": [1080, 1920],