{"labels": [12, 2, 3, 4, 6, 7, 8, 10, 11, 12, 10, 10, 10, 0, 1, 2, 3, 4, 6, 7, 10, 11, 12, 19, 10, 10, 12, 10, 10, 4, 10, 12, 7, 10, 12, 1, 3, 4, 8, 10, 2, 10, 12, 10, 12, 10, 0, 12, 10, 1, 2, 3, 4, 7, 10, 12, 19, 10, 3, 7, 10, 12, 1, 10, 10, 19, 12, 3, 10, 12, 1, 3, 6, 7, 8, 10, 11, 12, 19, 2, 3, 4, 10, 10, 10, 12, 2, 4, 7, 8, 10, 12, 19, 1, 6, 7, 10, 11, 12, 8], "scores": [0.0, 0.0, 0.0, 0.0, 0.0, 0.0, 0.0, 0.0, 0.0, 0.0, 0.0, 0.0002072966453852132, 0.0, 0.0, 0.0, 0.0, 0.0, 0.0, 0.0, 0.0, 0.0, 0.0, 0.0, 0.0, 0.0, 0.0, 0.0, 0.0, 0.0, 0.0, 0.0, 0.0, 0.0, 0.0, 0.0, 0.00032090424792841077, 0.64586341381073, 0.004121814388781786, 0.00021107905195094645, 0.0007109149591997266, 0.000249200442340225, 0.00032051093876361847, 0.001103052287362516, 0.0, 0.00021928761270828545, 0.0, 0.001450965297408402, 0.00041554225026629865, 0.0, 0.0, 0.0, 0.0, 0.0, 0.0, 0.0, 0.0, 0.0, 0.0, 0.0003460769075900316, 0.00024082815798465163, 0.0005767588154412806, 0.00032229654607363045, 0.0028638457879424095, 0.00015736797649879009, 0.0, 0.9741445779800415, 0.0004900265485048294, 0.0001468723639845848, 0.0006520430324599147, 0.0005642423639073968, 0.0, 0.0, 0.0, 0.0, 0.0, 0.0, 0.0, 0.0, 0.0, 0.0, 0.0, 0.0, 0.0, 0.0002934626827482134, 0.0, 0.0, 0.0, 0.0, 0.0, 0.0, 0.0, 0.0, 0.0, 0.0, 0.0, 0.0, 0.0, 0.0, 0.0, 0.0], "bboxes": [[0.0, 0.0, 0.0, 0.0], [0.0, 0.0, 0.0, 0.0], [0.0, 0.0, 0.0, 0.0], [0.0, 0.0, 0.0, 0.0], [0.0, 0.0, 0.0, 0.0], [0.0, 0.0, 0.0, 0.0], [0.0, 0.0, 0.0, 0.0], [0.0, 0.0, 0.0, 0.0], [0.0, 0.0, 0.0, 0.0], [0.0, 0.0, 0.0, 0.0], [0.0, 0.0, 0.0, 0.0], [709.0, 557.0, 742.0, 567.0], [0.0, 0.0, 0.0, 0.0], [0.0, 0.0, 0.0, 0.0], [0.0, 0.0, 0.0, 0.0], [0.0, 0.0, 0.0, 0.0], [0.0, 0.0, 0.0, 0.0], [0.0, 0.0, 0.0, 0.0], [0.0, 0.0, 0.0, 0.0], [0.0, 0.0, 0.0, 0.0], [0.0, 0.0, 0.0, 0.0], [0.0, 0.0, 0.0, 0.0], [0.0, 0.0, 0.0, 0.0], [0.0, 0.0, 0.0, 0.0], [0.0, 0.0, 0.0, 0.0], [0.0, 0.0, 0.0, 0.0], [0.0, 0.0, 0.0, 0.0], [0.0, 0.0, 0.0, 0.0], [0.0, 0.0, 0.0, 0.0], [0.0, 0.0, 0.0, 0.0], [0.0, 0.0, 0.0, 0.0], [0.0, 0.0, 0.0, 0.0], [0.0, 0.0, 0.0, 0.0], [0.0, 0.0, 0.0, 0.0], [0.0, 0.0, 0.0, 0.0], [690.0, 538.0, 816.0, 567.0], [690.0, 538.0, 816.0, 567.0], [690.0, 538.0, 816.0, 567.0], [690.0, 538.0, 816.0, 567.0], [690.0, 538.0, 816.0, 567.0], [1557.0, 425.0, 1599.0, 469.0], [1557.0, 425.0, 1599.0, 469.0], [1557.0, 425.0, 1599.0, 469.0], [0.0, 0.0, 0.0, 0.0], [1558.0, 428.0, 1599.0, 474.0], [0.0, 0.0, 0.0, 0.0], [421.0, 424.0, 1599.0, 749.0], [421.0, 424.0, 1599.0, 749.0], [0.0, 0.0, 0.0, 0.0], [0.0, 0.0, 0.0, 0.0], [0.0, 0.0, 0.0, 0.0], [0.0, 0.0, 0.0, 0.0], [0.0, 0.0, 0.0, 0.0], [0.0, 0.0, 0.0, 0.0], [0.0, 0.0, 0.0, 0.0], [0.0, 0.0, 0.0, 0.0], [0.0, 0.0, 0.0, 0.0], [0.0, 0.0, 0.0, 0.0], [477.0, 565.0, 484.0, 570.0], [477.0, 565.0, 484.0, 570.0], [477.0, 565.0, 484.0, 570.0], [477.0, 565.0, 484.0, 570.0], [716.0, 559.0, 734.0, 565.0], [716.0, 559.0, 734.0, 565.0], [0.0, 0.0, 0.0, 0.0], [402.0, 502.0, 1598.0, 1080.0], [1557.0, 426.0, 1599.0, 475.0], [493.0, 570.0, 495.0, 571.0], [493.0, 570.0, 495.0, 571.0], [493.0, 570.0, 495.0, 571.0], [0.0, 0.0, 0.0, 0.0], [0.0, 0.0, 0.0, 0.0], [0.0, 0.0, 0.0, 0.0], [0.0, 0.0, 0.0, 0.0], [0.0, 0.0, 0.0, 0.0], [0.0, 0.0, 0.0, 0.0], [0.0, 0.0, 0.0, 0.0], [0.0, 0.0, 0.0, 0.0], [0.0, 0.0, 0.0, 0.0], [0.0, 0.0, 0.0, 0.0], [0.0, 0.0, 0.0, 0.0], [0.0, 0.0, 0.0, 0.0], [0.0, 0.0, 0.0, 0.0], [707.0, 553.0, 748.0, 568.0], [0.0, 0.0, 0.0, 0.0], [0.0, 0.0, 0.0, 0.0], [0.0, 0.0, 0.0, 0.0], [0.0, 0.0, 0.0, 0.0], [0.0, 0.0, 0.0, 0.0], [0.0, 0.0, 0.0, 0.0], [0.0, 0.0, 0.0, 0.0], [0.0, 0.0, 0.0, 0.0], [0.0, 0.0, 0.0, 0.0], [0.0, 0.0, 0.0, 0.0], [0.0, 0.0, 0.0, 0.0], [0.0, 0.0, 0.0, 0.0], [0.0, 0.0, 0.0, 0.0], [0.0, 0.0, 0.0, 0.0], [0.0, 0.0, 0.0, 0.0], [0.0, 0.0, 0.0, 0.0]], "masks": [{"size": [1080, 1920], "counts": "PPYo1"}, {"size": [1080, 1920], "counts": "PPYo1"}, {"size": [1080, 1920], "counts": "PPYo1"}, {"size": [1080, 1920], "counts": "PPYo1"}, {"size": [1080, 1920], "counts": "PPYo1"}, {"size": [1080, 1920], "counts": "PPYo1"}, {"size": [1080, 1920], "counts": "PPYo1"}, {"size": [1080, 1920], "counts": "PPYo1"}, {"size": [1080, 1920], "counts": "PPYo1"}, {"size": [1080, 1920], "counts": "PPYo1"}, {"size": [1080, 1920], "counts": "PPYo1"}, {"size": [1080, 1920], "counts": "\\Z\\g03eQ10O1O1O0O2O2N10000001O0O2O00O100000O100O1000000O100O1000ON300O10SliV1"}, {"size": [1080, 1920], "counts": "PPYo1"}, {"size": [1080, 1920], "counts": "PPYo1"}, {"size": [1080, 1920], "counts": "PPYo1"}, {"size": [1080, 1920], "counts": "PPYo1"}, {"size": [1080, 1920], "counts": "PPYo1"}, {"size": [1080, 1920], "counts": "PPYo1"}, {"size": [1080, 1920], "counts": "PPYo1"}, {"size": [1080, 1920], "counts": "PPYo1"}, {"size": [1080, 1920], "counts": "PPYo1"}, {"size": [1080, 1920], "counts": "PPYo1"}, {"size": [1080, 1920], "counts": "PPYo1"}, {"size": [1080, 1920], "counts": "PPYo1"}, {"size": [1080, 1920], "counts": "PPYo1"}, {"size": [1080, 1920], "counts": "PPYo1"}, {"size": [1080, 1920], "counts": "PPYo1"}, {"size": [1080, 1920], "counts": "PPYo1"}, {"size": [1080, 1920], "counts": "PPYo1"}, {"size": [1080, 1920], "counts": "PPYo1"}, {"size": [1080, 1920], "counts": "PPYo1"}, {"size": [1080, 1920], "counts": "PPYo1"}, {"size": [1080, 1920], "counts": "PPYo1"}, {"size": [1080, 1920], "counts": "PPYo1"}, {"size": [1080, 1920], "counts": "PPYo1"}, {"size": [1080, 1920], "counts": "UYhf01fQ12M2O1O10000O100000O10O1M3N2O1O1O101N1000O100000000001O000O0100001O0000000000000O1000O10000O10O0100O1O010O1000O0100O10000000000O1000000O100000000O10000000O100000000000O10000000O010000O100000O1000O01000000O0100000O10O3N1O0O2O000O101O0O2O00001O00000000oj[T1"}, {"size": [1080, 1920], "counts": "UYhf01fQ12M2O1O10000O100000O10O1M3N2O1O1O101N1000O100000000001O000O0100001O0000000000000O1000O10000O10O0100O1O010O1000O0100O10000000000O1000000O100000000O10000000O100000000000O10000000O010000O100000O1000O01000000O0100000O10O3N1O0O2O000O101O0O2O00001O00000000oj[T1"}, {"size": [1080, 1920], "counts": "UYhf01fQ12M2O1O10000O100000O10O1M3N2O1O1O101N1000O100000000001O000O0100001O0000000000000O1000O10000O10O0100O1O010O1000O0100O10000000000O1000000O100000000O10000000O100000000000O10000000O010000O100000O1000O01000000O0100000O10O3N1O0O2O000O101O0O2O00001O00000000oj[T1"}, {"size": [1080, 1920], "counts": "UYhf01fQ12M2O1O10000O100000O10O1M3N2O1O1O101N1000O100000000001O000O0100001O0000000000000O1000O10000O10O0100O1O010O1000O0100O10000000000O1000000O100000000O10000000O100000000000O10000000O010000O100000O1000O01000000O0100000O10O3N1O0O2O000O101O0O2O00001O00000000oj[T1"}, {"size": [1080, 1920], "counts": "UYhf01fQ12M2O1O10000O100000O10O1M3N2O1O1O101N1000O100000000001O000O0100001O0000000000000O1000O10000O10O0100O1O010O1000O0100O10000000000O1000000O100000000O10000000O100000000000O10000000O010000O100000O1000O01000000O0100000O10O3N1O0O2O000O101O0O2O00001O00000000oj[T1"}, {"size": [1080, 1920], "counts": "QcZc12dQ13N101O0O10001N2O0O1N3N101M2O1O1O2O0O3N0O2M2O1L4O1000O010000O1N2N2O1O01O4L3M4K5_OVoNLQQ1J`Tb:"}, {"size": [1080, 1920], "counts": "QcZc12dQ13N101O0O10001N2O0O1N3N101M2O1O1O2O0O3N0O2M2O1L4O1000O010000O1N2N2O1O01O4L3M4K5_OVoNLQQ1J`Tb:"}, {"size": [1080, 1920], "counts": "QcZc12dQ13N101O0O10001N2O0O1N3N101M2O1O1O2O0O3N0O2M2O1L4O1000O010000O1N2N2O1O01O4L3M4K5_OVoNLQQ1J`Tb:"}, {"size": [1080, 1920], "counts": "PPYo1"}, {"size": [1080, 1920], "counts": "id[c12dQ1201N100O101N2O1N1O1N3O0N3N1O1O101O1N2N2N1O2N1M3O2O0O4MO1O000100O1O0011N3M3L4L6\\OToN1PUc:"}, {"size": [1080, 1920], "counts": "PPYo1"}, {"size": [1080, 1920], "counts": "\\fl=4dQ122M1O^nNO[Q1;O1OL;MI7J10O4MO3M2ON7JcnNJZQ1:1N3L2L^cRT11b\\mkN2O1N4M1N2O001O1O0O1N2O1O100N101O1O100O2M3O0000001O0O10000O10O01N110O2N2N2N1O100O1O2N101N2O1N101O1O1N1N2N3N1TVOWNic0i1R601O3FQPOeNTP1W19L4K8GVTb:"}, {"size": [1080, 1920], "counts": "\\fl=4dQ122M1O^nNO[Q1;O1OL;MI7J10O4MO3M2ON7JcnNJZQ1:1N3L2L^cRT11b\\mkN2O1N4M1N2O001O1O0O1N2O1O100N101O1O100O2M3O0000001O0O10000O10O01N110O2N2N2N1O100O1O2N101N2O1N101O1O1N1N2N3N1TVOWNic0i1R601O3FQPOeNTP1W19L4K8GVTb:"}, {"size": [1080, 1920],