{"labels": [10, 12, 2, 3, 4, 6, 7, 8, 10, 11, 2, 10, 10, 10, 10, 10, 10, 1, 2, 3, 4, 6, 7, 10, 11, 12, 19, 10, 10, 2, 10, 10, 10, 10, 12, 7, 10, 12, 2, 10, 3, 1, 3, 7, 10, 12, 10, 10, 10, 10, 10, 2, 3, 4, 10, 19, 3, 7, 10, 12, 1, 10, 2, 10, 19, 10, 4, 10, 1, 3, 4, 6, 7, 8, 10, 10, 10, 2, 3, 4, 7, 10, 10, 2, 10, 12, 2, 2, 7, 10, 12, 19, 10, 10, 1, 6, 10, 11, 12, 4], "scores": [0.0002656516735441983, 0.0, 0.0, 0.0, 0.0, 0.0, 0.0, 0.0, 0.0, 0.0, 0.0001468726113671437, 0.0002328443224541843, 0.0004367937508504838, 0.00015355931827798486, 0.0003939754096791148, 0.00024136614229064435, 0.00020167081675026566, 0.0, 0.0, 0.0, 0.0, 0.0, 0.0, 0.0, 0.0, 0.0, 0.0, 0.00012014933599857613, 0.0002692550770007074, 0.0, 0.00019932279246859252, 0.00013575611228588969, 0.0006582991918548942, 0.00015106685168575495, 0.0, 0.00013959512580186129, 0.00010903128713835031, 0.00012549317034427077, 0.00013795671111438423, 0.0002470357285346836, 0.0, 0.0, 0.0, 0.0, 0.0, 0.0, 0.0007033092551864684, 0.0004012500576209277, 0.0, 0.0, 0.0, 0.0, 0.0, 0.0, 0.0, 0.0, 0.00016341122682206333, 0.00014597091649193317, 0.00022996684128884226, 0.00018580289906822145, 0.00046402632142417133, 0.002448362298309803, 0.0, 0.0, 0.9854744672775269, 0.0002586958871688694, 0.00015042538871057332, 0.0004746266349684447, 0.0011564996093511581, 0.00024975065025500953, 0.000619870494119823, 0.0002123998274328187, 0.00029663514578714967, 0.08568126708269119, 0.002486097626388073, 0.0, 0.0, 0.0, 0.0, 0.0, 0.0, 0.0, 0.000393081660149619, 0.0, 0.00016969871649052948, 0.00011654327681753784, 0.0, 0.0, 0.0, 0.0, 0.0, 0.0, 0.0005247023655101657, 0.00013605374260805547, 0.0, 0.0, 0.0, 0.0, 0.0, 0.0], "bboxes": [[448.0, 553.0, 668.0, 580.0], [0.0, 0.0, 0.0, 0.0], [0.0, 0.0, 0.0, 0.0], [0.0, 0.0, 0.0, 0.0], [0.0, 0.0, 0.0, 0.0], [0.0, 0.0, 0.0, 0.0], [0.0, 0.0, 0.0, 0.0], [0.0, 0.0, 0.0, 0.0], [0.0, 0.0, 0.0, 0.0], [0.0, 0.0, 0.0, 0.0], [446.0, 564.0, 581.0, 584.0], [446.0, 564.0, 581.0, 584.0], [445.0, 554.0, 667.0, 582.0], [545.0, 565.0, 564.0, 571.0], [533.0, 551.0, 673.0, 576.0], [664.0, 550.0, 751.0, 558.0], [416.0, 570.0, 465.0, 587.0], [0.0, 0.0, 0.0, 0.0], [0.0, 0.0, 0.0, 0.0], [0.0, 0.0, 0.0, 0.0], [0.0, 0.0, 0.0, 0.0], [0.0, 0.0, 0.0, 0.0], [0.0, 0.0, 0.0, 0.0], [0.0, 0.0, 0.0, 0.0], [0.0, 0.0, 0.0, 0.0], [0.0, 0.0, 0.0, 0.0], [0.0, 0.0, 0.0, 0.0], [543.0, 564.0, 556.0, 568.0], [541.0, 558.0, 579.0, 571.0], [0.0, 0.0, 0.0, 0.0], [560.0, 569.0, 564.0, 570.0], [482.0, 563.0, 579.0, 573.0], [449.0, 560.0, 580.0, 579.0], [544.0, 554.0, 667.0, 573.0], [0.0, 0.0, 0.0, 0.0], [546.0, 566.0, 554.0, 567.0], [546.0, 566.0, 554.0, 567.0], [546.0, 566.0, 554.0, 567.0], [553.0, 566.0, 555.0, 567.0], [553.0, 566.0, 555.0, 567.0], [0.0, 0.0, 0.0, 0.0], [0.0, 0.0, 0.0, 0.0], [0.0, 0.0, 0.0, 0.0], [0.0, 0.0, 0.0, 0.0], [0.0, 0.0, 0.0, 0.0], [0.0, 0.0, 0.0, 0.0], [541.0, 552.0, 669.0, 575.0], [543.0, 562.0, 579.0, 572.0], [0.0, 0.0, 0.0, 0.0], [0.0, 0.0, 0.0, 0.0], [0.0, 0.0, 0.0, 0.0], [0.0, 0.0, 0.0, 0.0], [0.0, 0.0, 0.0, 0.0], [0.0, 0.0, 0.0, 0.0], [0.0, 0.0, 0.0, 0.0], [0.0, 0.0, 0.0, 0.0], [447.0, 558.0, 582.0, 580.0], [447.0, 558.0, 582.0, 580.0], [447.0, 558.0, 582.0, 580.0], [447.0, 558.0, 582.0, 580.0], [441.0, 560.0, 582.0, 580.0], [441.0, 560.0, 582.0, 580.0], [0.0, 0.0, 0.0, 0.0], [0.0, 0.0, 0.0, 0.0], [404.0, 475.0, 1605.0, 1080.0], [435.0, 571.0, 463.0, 586.0], [506.0, 550.0, 681.0, 578.0], [506.0, 550.0, 681.0, 578.0], [738.0, 550.0, 878.0, 563.0], [738.0, 550.0, 878.0, 563.0], [738.0, 550.0, 878.0, 563.0], [738.0, 550.0, 878.0, 563.0], [738.0, 550.0, 878.0, 563.0], [738.0, 550.0, 878.0, 563.0], [738.0, 550.0, 878.0, 563.0], [0.0, 0.0, 0.0, 0.0], [0.0, 0.0, 0.0, 0.0], [0.0, 0.0, 0.0, 0.0], [0.0, 0.0, 0.0, 0.0], [0.0, 0.0, 0.0, 0.0], [0.0, 0.0, 0.0, 0.0], [0.0, 0.0, 0.0, 0.0], [437.0, 563.0, 580.0, 583.0], [0.0, 0.0, 0.0, 0.0], [450.0, 577.0, 457.0, 579.0], [450.0, 577.0, 457.0, 579.0], [0.0, 0.0, 0.0, 0.0], [0.0, 0.0, 0.0, 0.0], [0.0, 0.0, 0.0, 0.0], [0.0, 0.0, 0.0, 0.0], [0.0, 0.0, 0.0, 0.0], [0.0, 0.0, 0.0, 0.0], [551.0, 565.0, 582.0, 572.0], [417.0, 565.0, 579.0, 587.0], [0.0, 0.0, 0.0, 0.0], [0.0, 0.0, 0.0, 0.0], [0.0, 0.0, 0.0, 0.0], [0.0, 0.0, 0.0, 0.0], [0.0, 0.0, 0.0, 0.0], [0.0, 0.0, 0.0, 0.0]], "masks": [{"size": [1080, 1920], "counts": "QRi>2fQ1001O00000000O1Om`g20R_XM3O001O1O1O1O0O100O1000001O01O00001O01O01O0001O0001O00001O000001O0000001O01O0O2O1N1O101OXVa2Nji^M0O100001OfmWY1"}, {"size": [1080, 1920], "counts": "PPYo1"}, {"size": [1080, 1920], "counts": "PPYo1"}, {"size": [1080, 1920], "counts": "PPYo1"}, {"size": [1080, 1920], "counts": "PPYo1"}, {"size": [1080, 1920], "counts": "PPYo1"}, {"size": [1080, 1920], "counts": "PPYo1"}, {"size": [1080, 1920], "counts": "PPYo1"}, {"size": [1080, 1920], "counts": "PPYo1"}, {"size": [1080, 1920], "counts": "PPYo1"}, {"size": [1080, 1920], "counts": "anf>4dQ11N101O0000001OO100O1O2N1OjRe0OWmZO10001O01O0O]``10c__N1001OhQ13TnN1O10001O1O1O00000000000000001O0001O1O000001O0000010O01O00000000001O01O0000000001O1O]eS\\1"}, {"size": [1080, 1920], "counts": "anf>4dQ11N101O0000001OO100O1O2N1OjRe0OWmZO10001O01O0O]``10c__N1001OhQ13TnN1O10001O1O1O00000000000000001O0001O1O000001O0000010O01O00000000001O01O0000000001O1O]eS\\1"}, {"size": [1080, 1920], "counts": "ile>1gQ11N2N2O00001O000000O1O100O3NPQd00Po[O0O101O01O000O\\Vg00ciXO11N2000[c;1d\\D000000O10O2N100O1O101O000O101O00001O1O1O000000000O2O00010O01O00001O010O000001O0001O001O0000000001O01O00001O1O001N101O002M2N^T`20ck_M000^oXY1"}, {"size": [1080, 1920], "counts": "^[oa01gQ100000`S20`lM0O11OcS20]lM00001O0000OXce\\1"}, {"size": [1080, 1920], "counts": "]fba01fQ12N1N20000O2O000O2O1N2O1O000000000000001O01O1O001O01O01O0001O000001O001O000010O0000000001O1O1N101N101O101MQjY20nUfM2O1O1O1000000O11O00001O00001OndRY1"}, {"size": [1080, 1920], "counts": "Ykle01gQ11O00O10lo\\20_SeM2blM100O0100Nd\\`V1"}, {"size": [1080, 1920], "counts": "TZg=4cQ12O0010O014JYa:2f^E4J4M1M3O10O10000O110O000000000000000000001N100O101N1O2N2N2O1NXPn_1"}, {"size": [1080, 1920], "counts": "PPYo1"}, {"size": [1080, 1920], "counts": "PPYo1"}, {"size": [1080, 1920], "counts": "PPYo1"}, {"size": [1080, 1920], "counts": "PPYo1"}, {"size": [1080, 1920], "counts": "PPYo1"}, {"size": [1080, 1920], "counts": "PPYo1"}, {"size": [1080, 1920], "counts": "PPYo1"}, {"size": [1080, 1920], "counts": "PPYo1"}, {"size": [1080, 1920], "counts": "PPYo1"}, {"size": [1080, 1920], "counts": "PPYo1"}, {"size": [1080, 1920], "counts": "mWma02fQ1001O0O100000000001O001N[Qn\\1"}, {"size": [1080, 1920], "counts": "ZTka02fQ12O0O001JLfnN4]Q12O1O2O0000000100O001O1O10O0001O00001O1O1O00000000001O0000000000ohU\\1"}, {"size": [1080, 1920], "counts": "PPYo1"}, {"size": [1080, 1920], "counts": "iU_b01gQ100000Wce\\1"}, {"size": [1080, 1920], "counts": "Yml?1gQ10dSl10[lSN2O001O1O1O0O10O1001O0001O00100O00000000001O1O1O00000001O0000000000000010MPiU\\1"}, {"size": [1080, 1920], "counts": "iSj>1gQ11O000000OUmn21jRQM2N1O1O10001N101O01O00010O00010O000000001O001O1O00000000001O1O001O1NWgT\\1"}, {"size": [1080, 1920], "counts": "eYna02fQ11O1O00000000001O000002O0O0000O100001O001O000000000000000001O000010NQfj2OQZUM0^oXY1"}, {"size": [1080, 1920], "counts": "PPYo1"}, {"size": [1080, 1920], "counts": "V]Pb01gQ100000hQ10XnN000jTP]1"}, {"size": [1080, 1920], "counts": "V]Pb01gQ100000hQ10XnN000jTP]1"}, {"size": [1080, 1920], "counts": "V]Pb01gQ100000hQ10XnN000jTP]1"}, {"size": [1080, 1920], "counts": "^iWb01gQ10RSo\\1"}, {"size": [1080, 1920], "counts": "^iWb01gQ10RSo\\1"}, {"size": [1080, 1920], "counts": "PPYo1"}, {"size": [1080, 1920], "counts": "PPYo1"}, {"size": [1080, 1920], "counts": "PPYo1"}, {"size": [1080, 1920], "counts": "PPYo1"}, {"size": [1080, 1920], "counts": "PPYo1"}, {"size": [1080, 1920], "counts": "PPYo1"}, {"size": [1080, 1920], "counts": "\\Tka02eQ12O001O1O0O2O0O1000000O20O001O00010O0000001O01O0001O001O00000001O00001O0001N2N2N101NXVa21hi^M00001N11O0O10okVY1"}, {"size": [1080, 1920],