{"labels": [10, 12, 2, 3, 7, 8, 10, 11, 10, 10, 10, 1, 2, 3, 4, 6, 7, 8, 10, 11, 12, 15, 19, 10, 10, 10, 12, 2, 10, 2, 3, 10, 10, 12, 12, 2, 10, 12, 1, 3, 4, 7, 10, 3, 6, 7, 10, 12, 12, 10, 10, 10, 10, 2, 3, 4, 10, 19, 3, 7, 10, 12, 1, 10, 2, 10, 19, 4, 10, 1, 3, 4, 6, 7, 8, 10, 12, 2, 3, 4, 7, 10, 10, 2, 10, 12, 2, 3, 7, 8, 10, 12, 19, 1, 6, 7, 10, 11, 12, 4], "scores": [0.00029157643439248204, 0.00015601216000504792, 0.0, 0.0, 0.0, 0.0, 0.0, 0.0, 0.00028843170730397105, 0.00018046662444248796, 0.0007860351470299065, 0.0, 0.0, 0.0, 0.0, 0.0, 0.0, 0.0, 0.0, 0.0, 0.0, 0.0, 0.0, 0.00016470970876980573, 0.00023410518770106137, 0.0003765547589864582, 0.00015510607045143843, 0.0, 0.00019710397464223206, 0.00014732756244484335, 0.00017274626588914543, 0.00016658823005855083, 0.0008490831824019551, 0.0, 0.0, 0.00016830876120366156, 0.0002925896260421723, 0.00017103586287703365, 0.00017146248137578368, 0.550828754901886, 0.000548672629520297, 0.00018243995145894587, 0.00026960292598232627, 0.0, 0.0, 0.0, 0.0, 0.0, 0.00016185393906198442, 0.00024374497297685593, 0.00040474324487149715, 0.00019331969087943435, 0.00019192788749933243, 0.0, 0.0, 0.0, 0.0, 0.0, 0.00025241466937586665, 0.00017325479711871594, 0.0002939425758086145, 0.00027378759114071727, 0.00030641918419860303, 0.002842503832653165, 0.0, 0.0, 0.9838327169418335, 0.00018146050570067018, 0.001701833913102746, 0.00184952886775136, 0.00040432633250020444, 0.0009593421127647161, 0.00018807903688866645, 0.00024746457347646356, 0.09799227863550186, 0.004188408609479666, 0.00020094506908208132, 0.0, 0.0, 0.0, 0.0, 0.0, 0.0006153138820081949, 0.0, 0.0, 0.0, 0.0, 0.0, 0.0, 0.0, 0.0, 0.0, 0.0, 0.0, 0.0, 0.0, 0.0, 0.0, 0.0, 0.0], "bboxes": [[525.0, 555.0, 751.0, 578.0], [434.0, 566.0, 540.0, 578.0], [0.0, 0.0, 0.0, 0.0], [0.0, 0.0, 0.0, 0.0], [0.0, 0.0, 0.0, 0.0], [0.0, 0.0, 0.0, 0.0], [0.0, 0.0, 0.0, 0.0], [0.0, 0.0, 0.0, 0.0], [526.0, 557.0, 743.0, 577.0], [529.0, 567.0, 536.0, 571.0], [432.0, 560.0, 691.0, 579.0], [0.0, 0.0, 0.0, 0.0], [0.0, 0.0, 0.0, 0.0], [0.0, 0.0, 0.0, 0.0], [0.0, 0.0, 0.0, 0.0], [0.0, 0.0, 0.0, 0.0], [0.0, 0.0, 0.0, 0.0], [0.0, 0.0, 0.0, 0.0], [0.0, 0.0, 0.0, 0.0], [0.0, 0.0, 0.0, 0.0], [0.0, 0.0, 0.0, 0.0], [0.0, 0.0, 0.0, 0.0], [0.0, 0.0, 0.0, 0.0], [527.0, 565.0, 539.0, 571.0], [741.0, 557.0, 743.0, 558.0], [529.0, 565.0, 538.0, 570.0], [529.0, 565.0, 538.0, 570.0], [0.0, 0.0, 0.0, 0.0], [684.0, 555.0, 751.0, 563.0], [526.0, 557.0, 674.0, 575.0], [526.0, 557.0, 674.0, 575.0], [526.0, 557.0, 674.0, 575.0], [408.0, 564.0, 558.0, 584.0], [0.0, 0.0, 0.0, 0.0], [0.0, 0.0, 0.0, 0.0], [530.0, 568.0, 536.0, 571.0], [530.0, 568.0, 536.0, 571.0], [530.0, 568.0, 536.0, 571.0], [673.0, 537.0, 1210.0, 570.0], [673.0, 537.0, 1210.0, 570.0], [673.0, 537.0, 1210.0, 570.0], [673.0, 537.0, 1210.0, 570.0], [673.0, 537.0, 1210.0, 570.0], [0.0, 0.0, 0.0, 0.0], [0.0, 0.0, 0.0, 0.0], [0.0, 0.0, 0.0, 0.0], [0.0, 0.0, 0.0, 0.0], [0.0, 0.0, 0.0, 0.0], [524.0, 558.0, 673.0, 577.0], [517.0, 557.0, 674.0, 578.0], [528.0, 565.0, 570.0, 575.0], [532.0, 569.0, 535.0, 570.0], [726.0, 554.0, 751.0, 567.0], [0.0, 0.0, 0.0, 0.0], [0.0, 0.0, 0.0, 0.0], [0.0, 0.0, 0.0, 0.0], [0.0, 0.0, 0.0, 0.0], [0.0, 0.0, 0.0, 0.0], [461.0, 562.0, 572.0, 576.0], [461.0, 562.0, 572.0, 576.0], [461.0, 562.0, 572.0, 576.0], [461.0, 562.0, 572.0, 576.0], [424.0, 554.0, 745.0, 580.0], [424.0, 554.0, 745.0, 580.0], [0.0, 0.0, 0.0, 0.0], [0.0, 0.0, 0.0, 0.0], [402.0, 465.0, 1606.0, 1080.0], [430.0, 558.0, 695.0, 582.0], [430.0, 558.0, 695.0, 582.0], [724.0, 552.0, 762.0, 568.0], [724.0, 552.0, 762.0, 568.0], [724.0, 552.0, 762.0, 568.0], [724.0, 552.0, 762.0, 568.0], [724.0, 552.0, 762.0, 568.0], [724.0, 552.0, 762.0, 568.0], [724.0, 552.0, 762.0, 568.0], [724.0, 552.0, 762.0, 568.0], [0.0, 0.0, 0.0, 0.0], [0.0, 0.0, 0.0, 0.0], [0.0, 0.0, 0.0, 0.0], [0.0, 0.0, 0.0, 0.0], [0.0, 0.0, 0.0, 0.0], [432.0, 565.0, 570.0, 579.0], [0.0, 0.0, 0.0, 0.0], [0.0, 0.0, 0.0, 0.0], [0.0, 0.0, 0.0, 0.0], [0.0, 0.0, 0.0, 0.0], [0.0, 0.0, 0.0, 0.0], [0.0, 0.0, 0.0, 0.0], [0.0, 0.0, 0.0, 0.0], [0.0, 0.0, 0.0, 0.0], [0.0, 0.0, 0.0, 0.0], [0.0, 0.0, 0.0, 0.0], [0.0, 0.0, 0.0, 0.0], [0.0, 0.0, 0.0, 0.0], [0.0, 0.0, 0.0, 0.0], [0.0, 0.0, 0.0, 0.0], [0.0, 0.0, 0.0, 0.0], [0.0, 0.0, 0.0, 0.0], [0.0, 0.0, 0.0, 0.0]], "masks": [{"size": [1080, 1920], "counts": "]XZa02fQ11O2M2O1O000000000001O00001O001O1O0O2OPW40PiK00001N10000O2O001O001O1O001O000010O001N2O0O2Nkno21UQPM001O00000000000001O001O2M10M4O1O001O0001O01O000O1000000010O1N101O0O1000001MmnU13QQjN1O10000000O10000O101N]\\`V1"}, {"size": [1080, 1920], "counts": "aYZ>1W]k00`dUO1O00O`\\Q21^cnM3O1O1O1O00O2O001O001N101NWm^]1"}, {"size": [1080, 1920], "counts": "PPYo1"}, {"size": [1080, 1920], "counts": "PPYo1"}, {"size": [1080, 1920], "counts": "PPYo1"}, {"size": [1080, 1920], "counts": "PPYo1"}, {"size": [1080, 1920], "counts": "PPYo1"}, {"size": [1080, 1920], "counts": "PPYo1"}, {"size": [1080, 1920], "counts": "UZ[a02fQ12N2N1N10000001O00001O001O1O0O2OYc;Og\\D101O0O20O01O1O001O000010N2O1O002MjUT32UjkL000010N101OP^81oaG00001O00000000O2O00cec11gTUU1"}, {"size": [1080, 1920], "counts": "a_^a01eQ13O01O00001OWTc]1"}, {"size": [1080, 1920], "counts": "QVX>1dQ14O01Ofil2O[VSM2N1O0O2O2N000000000001O00001O001O001O1N1O2N1001N10001O0O1000001O001O001O1O1O000010O001O1O001N2NUTS3MoklL0O2O01O00000OY\\71gcH0000001O00O2O00Ve_X1"}, {"size": [1080, 1920], "counts": "PPYo1"}, {"size": [1080, 1920], "counts": "PPYo1"}, {"size": [1080, 1920], "counts": "PPYo1"}, {"size": [1080, 1920], "counts": "PPYo1"}, {"size": [1080, 1920], "counts": "PPYo1"}, {"size": [1080, 1920], "counts": "PPYo1"}, {"size": [1080, 1920], "counts": "PPYo1"}, {"size": [1080, 1920], "counts": "PPYo1"}, {"size": [1080, 1920], "counts": "PPYo1"}, {"size": [1080, 1920], "counts": "PPYo1"}, {"size": [1080, 1920], "counts": "PPYo1"}, {"size": [1080, 1920], "counts": "PPYo1"}, {"size": [1080, 1920], "counts": "n[\\a02eQ13N1O0000000001O1O1O1NPo_]1"}, {"size": [1080, 1920], "counts": "UR^h01gQ10[jhV1"}, {"size": [1080, 1920], "counts": "]_^a05cQ10000000001O1O1OhPa]1"}, {"size": [1080, 1920], "counts": "]_^a05cQ10000000001O1O1OhPa]1"}, {"size": [1080, 1920], "counts": "PPYo1"}, {"size": [1080, 1920], "counts": "anaf01gQ11O000000000000000001OT[]10kdbN2M3O0000O100O1000002M\\\\`V1"}, {"size": [1080, 1920], "counts": "VZ[a01fQ12O2N1O0000000001O002N1O`ob00`P]O01OPW42nhK1O12L10TmT10hRkN6N00O2NMN600Om\\^10ScaN1001O[U30cjL2O1010O00001O001O0OPcQY1"}, {"size": [1080, 1920], "counts": "VZ[a01fQ12O2N1O0000000001O002N1O`ob00`P]O01OPW42nhK1O12L10TmT10hRkN6N00O2NMN600Om\\^10ScaN1001O[U30cjL2O1010O00001O001O0OPcQY1"}, {"size": [1080, 1920], "counts": "VZ[a01fQ12O2N1O0000000001O002N1O`ob00`P]O01OPW42nhK1O12L10TmT10hRkN6N00O2NMN600Om\\^10ScaN1001O[U30cjL2O1010O00001O001O0OPcQY1"}, {"size": [1080, 1920], "counts": "ik^=2dQ14M3O0O2N100O1O1O1N100N11000010O01O0O100000000000000000O1000O01O1O1O2IjnNIWQ167N2OO010O10001O001N11O00000000000O100001O01O0O3N1O0OfSl13WlSN2O0001O01O00O2O001O1O00Ql`0OfQ[\\1"}, {"size": [1080, 1920], "counts": "PPYo1"}, {"size": [1080, 1920], "counts": "PPYo1"}, {"size": [1080, 1920], "counts": "Xa_a02fQ1001O0001NXTc]1"}, {"size": [1080, 1920], "counts": "Xa_a02fQ1001O0001NXTc]1"}, {"size": [1080, 1920], "counts": "Xa_a02fQ1001O0001NXTc]1"}, {"size": [1080, 1920], "counts": "U[Vf01gQ10PW41nhK101O0001O000001N101O00000010O00010O00001O00010N2O0O2OX\\71gcH1N2O1O0O2N2O0O2OO01N2O1O1O100O1O10O0100O001O00100O01000O010000O10O10O100O10O10O2O000O2OO10O100O01000000O10O100000O1000000O100000000010O1O001O000001O000001O00000O101N10001O00000000000O100000O100000O10O100000000O01000000000000O1000O01000O1000O10000O0100O10O2O0000001O001O00000O2O00000001O0O1000001O1O1O0010O1O1O001O01O01O0100O00001O0001O00010O001O1Nah_9KdW`F11O000000\\a:0c^E1000000000000000000O101OO10001NPY\\g0"}, {"size": [1080, 1920],