{"labels": [12, 2, 3, 7, 8, 11, 12, 10, 12, 1, 2, 3, 4, 6, 7, 10, 11, 12, 19, 2, 10, 10, 2, 10, 1, 10, 10, 2, 3, 10, 7, 12, 10, 12, 1, 2, 3, 4, 7, 8, 10, 7, 10, 12, 12, 2, 3, 4, 10, 12, 19, 3, 7, 10, 12, 1, 10, 2, 19, 2, 3, 10, 12, 1, 3, 4, 6, 7, 8, 10, 12, 2, 3, 4, 6, 7, 10, 19, 10, 2, 10, 12, 2, 2, 10, 2, 3, 4, 7, 8, 10, 12, 19, 10, 1, 6, 10, 11, 12, 7], "scores": [0.0, 0.0, 0.0, 0.0, 0.0, 0.0, 0.0, 0.00024215341545641422, 0.0, 0.0, 0.0, 0.0, 0.0, 0.0, 0.0, 0.0, 0.0, 0.0, 0.0, 0.0, 0.000682709738612175, 0.00016609975136816502, 0.0, 0.0, 0.00045157509157434106, 0.0002731786807999015, 0.00019990737200714648, 0.0, 0.0, 0.0006528772646561265, 0.0, 0.0, 0.00017730741819832474, 0.0, 0.0005524802254512906, 0.00020733226847369224, 0.637039303779602, 0.004358372651040554, 0.00041097018402069807, 0.0006711921887472272, 0.001020396244712174, 0.0003192434669472277, 0.00015359795361291617, 0.0006312222103588283, 0.00018166020163334906, 0.0, 0.0, 0.0, 0.0, 0.0, 0.0, 0.00026392750442028046, 0.0002389553701505065, 0.000274376681772992, 0.0002390583831584081, 0.0019176637288182974, 0.003982638008892536, 0.0, 0.9832525849342346, 0.0001527296262793243, 0.00015911734953988343, 0.00019800472364295274, 0.0003299167728982866, 0.0026890686713159084, 0.0005231479881331325, 0.001208561472594738, 0.00021030630159657449, 0.00028163628303445876, 0.22638282179832458, 0.004318237770348787, 0.000524183502420783, 0.0, 0.0, 0.0, 0.0, 0.0, 0.0, 0.0, 0.0006858017877675593, 0.0, 0.0, 0.0, 0.0, 0.00022959487978368998, 0.00038362990017049015, 0.0, 0.0, 0.0, 0.0, 0.0, 0.0, 0.0, 0.0, 0.00036663669743575156, 0.0, 0.0, 0.0, 0.0, 0.0, 0.0], "bboxes": [[0.0, 0.0, 0.0, 0.0], [0.0, 0.0, 0.0, 0.0], [0.0, 0.0, 0.0, 0.0], [0.0, 0.0, 0.0, 0.0], [0.0, 0.0, 0.0, 0.0], [0.0, 0.0, 0.0, 0.0], [0.0, 0.0, 0.0, 0.0], [481.0, 542.0, 782.0, 562.0], [0.0, 0.0, 0.0, 0.0], [0.0, 0.0, 0.0, 0.0], [0.0, 0.0, 0.0, 0.0], [0.0, 0.0, 0.0, 0.0], [0.0, 0.0, 0.0, 0.0], [0.0, 0.0, 0.0, 0.0], [0.0, 0.0, 0.0, 0.0], [0.0, 0.0, 0.0, 0.0], [0.0, 0.0, 0.0, 0.0], [0.0, 0.0, 0.0, 0.0], [0.0, 0.0, 0.0, 0.0], [0.0, 0.0, 0.0, 0.0], [717.0, 544.0, 776.0, 561.0], [486.0, 545.0, 769.0, 560.0], [0.0, 0.0, 0.0, 0.0], [0.0, 0.0, 0.0, 0.0], [718.0, 538.0, 879.0, 560.0], [718.0, 538.0, 879.0, 560.0], [719.0, 548.0, 774.0, 560.0], [0.0, 0.0, 0.0, 0.0], [0.0, 0.0, 0.0, 0.0], [409.0, 528.0, 544.0, 562.0], [0.0, 0.0, 0.0, 0.0], [0.0, 0.0, 0.0, 0.0], [721.0, 548.0, 767.0, 558.0], [0.0, 0.0, 0.0, 0.0], [711.0, 528.0, 1235.0, 561.0], [711.0, 528.0, 1235.0, 561.0], [711.0, 528.0, 1235.0, 561.0], [711.0, 528.0, 1235.0, 561.0], [711.0, 528.0, 1235.0, 561.0], [711.0, 528.0, 1235.0, 561.0], [711.0, 528.0, 1235.0, 561.0], [1192.0, 496.0, 1420.0, 571.0], [487.0, 548.0, 540.0, 559.0], [487.0, 548.0, 540.0, 559.0], [489.0, 549.0, 527.0, 558.0], [0.0, 0.0, 0.0, 0.0], [0.0, 0.0, 0.0, 0.0], [0.0, 0.0, 0.0, 0.0], [0.0, 0.0, 0.0, 0.0], [0.0, 0.0, 0.0, 0.0], [0.0, 0.0, 0.0, 0.0], [506.0, 549.0, 510.0, 551.0], [506.0, 549.0, 510.0, 551.0], [506.0, 549.0, 510.0, 551.0], [506.0, 549.0, 510.0, 551.0], [719.0, 546.0, 768.0, 559.0], [719.0, 546.0, 768.0, 559.0], [0.0, 0.0, 0.0, 0.0], [399.0, 464.0, 1607.0, 1080.0], [585.0, 549.0, 588.0, 554.0], [585.0, 549.0, 588.0, 554.0], [585.0, 549.0, 588.0, 554.0], [585.0, 549.0, 588.0, 554.0], [717.0, 542.0, 784.0, 563.0], [717.0, 542.0, 784.0, 563.0], [717.0, 542.0, 784.0, 563.0], [717.0, 542.0, 784.0, 563.0], [717.0, 542.0, 784.0, 563.0], [717.0, 542.0, 784.0, 563.0], [717.0, 542.0, 784.0, 563.0], [717.0, 542.0, 784.0, 563.0], [0.0, 0.0, 0.0, 0.0], [0.0, 0.0, 0.0, 0.0], [0.0, 0.0, 0.0, 0.0], [0.0, 0.0, 0.0, 0.0], [0.0, 0.0, 0.0, 0.0], [0.0, 0.0, 0.0, 0.0], [0.0, 0.0, 0.0, 0.0], [440.0, 534.0, 544.0, 562.0], [0.0, 0.0, 0.0, 0.0], [0.0, 0.0, 0.0, 0.0], [0.0, 0.0, 0.0, 0.0], [0.0, 0.0, 0.0, 0.0], [465.0, 541.0, 590.0, 561.0], [465.0, 541.0, 590.0, 561.0], [0.0, 0.0, 0.0, 0.0], [0.0, 0.0, 0.0, 0.0], [0.0, 0.0, 0.0, 0.0], [0.0, 0.0, 0.0, 0.0], [0.0, 0.0, 0.0, 0.0], [0.0, 0.0, 0.0, 0.0], [0.0, 0.0, 0.0, 0.0], [0.0, 0.0, 0.0, 0.0], [472.0, 538.0, 778.0, 562.0], [0.0, 0.0, 0.0, 0.0], [0.0, 0.0, 0.0, 0.0], [0.0, 0.0, 0.0, 0.0], [0.0, 0.0, 0.0, 0.0], [0.0, 0.0, 0.0, 0.0], [0.0, 0.0, 0.0, 0.0]], "masks": [{"size": [1080, 1920], "counts": "PPYo1"}, {"size": [1080, 1920], "counts": "PPYo1"}, {"size": [1080, 1920], "counts": "PPYo1"}, {"size": [1080, 1920], "counts": "PPYo1"}, {"size": [1080, 1920], "counts": "PPYo1"}, {"size": [1080, 1920], "counts": "PPYo1"}, {"size": [1080, 1920], "counts": "PPYo1"}, {"size": [1080, 1920], "counts": "fjk?4dQ11O1O2N001O01O001O0001O00000O1001O000O101O01O001O1O0001N110O0010O001O100O01O0010O00O2O00001O003MiSS60VllI2N1O2N1O2O0O10O10O0101O001O0000O1O1O0100000O101O001O00000000O1000000O10000000O10000000O010O10O0100O010O10O0001000000O1O1O1N2O100000bf_U1"}, {"size": [1080, 1920], "counts": "PPYo1"}, {"size": [1080, 1920], "counts": "PPYo1"}, {"size": [1080, 1920], "counts": "PPYo1"}, {"size": [1080, 1920], "counts": "PPYo1"}, {"size": [1080, 1920], "counts": "PPYo1"}, {"size": [1080, 1920], "counts": "PPYo1"}, {"size": [1080, 1920], "counts": "PPYo1"}, {"size": [1080, 1920], "counts": "PPYo1"}, {"size": [1080, 1920], "counts": "PPYo1"}, {"size": [1080, 1920], "counts": "PPYo1"}, {"size": [1080, 1920], "counts": "PPYo1"}, {"size": [1080, 1920], "counts": "PPYo1"}, {"size": [1080, 1920], "counts": "Uhdg02eQ12N1O2N1O10O10O0101O1O1O1N3NQU35jjL0O2O001O1O001O000000O10000000000000O10O1000000O0010O10O10O10O1O1O010O100000001MQQfU1"}, {"size": [1080, 1920], "counts": "eSQ`01fQ1100O101N1000000O10000000O2N1NcS23\\lM001O01O00001O01O001O1O011N11N001O000O1O101N\\^Y61cafI1O2N100O10O100O10_a:Mc^E3N1O1O0O100000000000000000000000O100O010O10O010000O10O02N2NT]mU1"}, {"size": [1080, 1920], "counts": "PPYo1"}, {"size": [1080, 1920], "counts": "PPYo1"}, {"size": [1080, 1920], "counts": "mieg01fQ12N1O2N1O010000O101O1LiX52WgJ2N101O1O1O00000O100000O2O00O10000000O10O100000O01O10O10O10O10O001O010O100000O100O1O1O0100O010000O2O0O0001000O4L^lZ20bSeM1N3O1O010O0001O00dS2L_lM2N11Od\\YR1"}, {"size": [1080, 1920], "counts": "mieg01fQ12N1O2N1O010000O101O1LiX52WgJ2N101O1O1O00000O100000O2O00O10000000O10O100000O01O10O10O10O10O001O010O100000O100O1O1O0100O010000O2O0O0001000O4L^lZ20bSeM1N3O1O010O0001O00dS2L_lM2N11Od\\YR1"}, {"size": [1080, 1920], "counts": "ekfg02eQ11O2O0O0100O1MZj?1hU@001O00000O1000000000000000O10O1O001000O10O1000O1O2O0OaS20`lM0[ThU1"}, {"size": [1080, 1920], "counts": "PPYo1"}, {"size": [1080, 1920], "counts": "PPYo1"}, {"size": [1080, 1920], "counts": "^l_=1fQ13N3M1O10O003M4L00O1O1O1O1O1000000000O2O0001O00001O0000000O2O0O10000000000O1O1O100O10000O100O2N1001O00001O0010O010O01O01O0O101M2010O10O00001O00001N100O101O01O0001O000000001O01O00001O1N110O0010O01O001O010O101N01O00000100O1O1O1O00000000001O001O00010O000000O10O2O002N2M3MefZ]1"}, {"size": [1080, 1920], "counts": "PPYo1"}, {"size": [1080, 1920], "counts": "PPYo1"}, {"size": [1080, 1920], "counts": "Uohg01gQ1000lk`01RT_O2N101O0000000O0100000000000000O10O0100O10O10O100O2Nd`oU1"}, {"size": [1080, 1920], "counts": "PPYo1"}, {"size": [1080, 1920], "counts": "]]^g04dQ12M4L101N10001O00000O10000O1001O000000O10000000000000001O000000000000O100O2OO100O100O1O010O100O10O10O1O10O01O10O01O0100000000O100O10O010O010O010O010O0100O100O100O10000O2O000000000000000000001O0O10001O0000001O0O2O0O2O1N2O1NfY\\10[fcN0hRS<0bj^:"}, {"size": [1080, 1920], "counts": "]]^g04dQ12M4L101N10001O00000O10000O1001O000000O10000000000000001O000000000000O100O2OO100O100O1O010O100O10O10O1O10O01O10O01O0100000000O100O10O010O010O010O010O0100O100O100O10000O2O000000000000000000001O0O10001O0000001O0O2O0O2O1N2O1NfY\\10[fcN0hRS<0bj^:"}, {"size": [1080, 1920], "counts": "]]^g04dQ12M4L101N10001O00000O10000O1001O000000O10000000000000001O000000000000O100O2OO100O100O1O010O100O10O10O1O10O01O10O01O0100000000O100O10O010O010O010O010O0100O100O100O10000O2O000000000000000000001O0O10001O0000001O0O2O0O2O1N2O1NfY\\10[fcN0hRS<0bj^:"}, {"size": [1080, 1920],