{"labels": [12, 10, 2, 3, 6, 7, 8, 11, 10, 12, 10, 1, 2, 3, 4, 6, 7, 10, 11, 12, 19, 10, 10, 1, 10, 2, 3, 2, 4, 8, 10, 3, 7, 12, 10, 2, 12, 2, 3, 4, 7, 8, 10, 7, 12, 2, 10, 10, 10, 2, 3, 4, 10, 19, 3, 7, 10, 12, 1, 10, 10, 19, 10, 12, 1, 3, 4, 7, 8, 10, 12, 2, 3, 4, 6, 7, 10, 19, 10, 2, 10, 12, 2, 4, 10, 19, 2, 10, 2, 7, 10, 12, 19, 1, 6, 7, 10, 11, 12, 8], "scores": [0.0, 0.00019543834787327796, 0.0, 0.0, 0.0, 0.0, 0.0, 0.0, 0.00025762669974938035, 0.0001720468862913549, 0.0001888537808554247, 0.0, 0.0, 0.0, 0.0, 0.0, 0.0, 0.0, 0.0, 0.0, 0.0, 0.0002887128503061831, 0.0, 0.0003583597135730088, 0.0002923842694144696, 0.0, 0.0, 0.0005156605038791895, 0.0003876409027725458, 0.0005545991007238626, 0.003926952835172415, 0.00030284904642030597, 0.0, 0.0, 0.00017406743427272886, 0.0, 0.0, 0.00023236978449858725, 0.5224480628967285, 0.00199045124463737, 0.00020392940496094525, 0.0004648111353162676, 0.00043014533002860844, 0.00025248530437238514, 0.0, 0.00017779784684535116, 0.00031411825329996645, 0.00026988890022039413, 0.0, 0.0, 0.0, 0.0, 0.0, 0.0, 0.0, 0.0, 0.0, 0.0, 0.0005443934351205826, 0.0016580584924668074, 0.0, 0.9866114854812622, 0.00022196273494046181, 0.0002870217722374946, 0.001875407062470913, 0.00047626032028347254, 0.0010916157625615597, 0.00028351356741040945, 0.08607876300811768, 0.004933837801218033, 0.00044633480138145387, 0.0, 0.0, 0.0, 0.0, 0.0, 0.0, 0.0, 0.0005461344262585044, 0.0, 0.0, 0.0, 0.0011961562559008598, 0.0007642689161002636, 0.0013399184681475163, 0.0005345663521438837, 0.00021530748927034438, 0.00034868367947638035, 0.0, 0.0, 0.0, 0.0, 0.0, 0.0, 0.0, 0.0, 0.0, 0.0, 0.0, 0.0], "bboxes": [[0.0, 0.0, 0.0, 0.0], [718.0, 540.0, 1299.0, 566.0], [0.0, 0.0, 0.0, 0.0], [0.0, 0.0, 0.0, 0.0], [0.0, 0.0, 0.0, 0.0], [0.0, 0.0, 0.0, 0.0], [0.0, 0.0, 0.0, 0.0], [0.0, 0.0, 0.0, 0.0], [721.0, 557.0, 723.0, 558.0], [721.0, 557.0, 723.0, 558.0], [718.0, 546.0, 773.0, 559.0], [0.0, 0.0, 0.0, 0.0], [0.0, 0.0, 0.0, 0.0], [0.0, 0.0, 0.0, 0.0], [0.0, 0.0, 0.0, 0.0], [0.0, 0.0, 0.0, 0.0], [0.0, 0.0, 0.0, 0.0], [0.0, 0.0, 0.0, 0.0], [0.0, 0.0, 0.0, 0.0], [0.0, 0.0, 0.0, 0.0], [0.0, 0.0, 0.0, 0.0], [482.0, 542.0, 747.0, 559.0], [0.0, 0.0, 0.0, 0.0], [718.0, 545.0, 1228.0, 566.0], [718.0, 545.0, 1228.0, 566.0], [0.0, 0.0, 0.0, 0.0], [0.0, 0.0, 0.0, 0.0], [441.0, 527.0, 546.0, 561.0], [441.0, 527.0, 546.0, 561.0], [441.0, 527.0, 546.0, 561.0], [441.0, 527.0, 546.0, 561.0], [720.0, 553.0, 726.0, 559.0], [0.0, 0.0, 0.0, 0.0], [0.0, 0.0, 0.0, 0.0], [722.0, 550.0, 763.0, 555.0], [0.0, 0.0, 0.0, 0.0], [0.0, 0.0, 0.0, 0.0], [716.0, 535.0, 1299.0, 569.0], [716.0, 535.0, 1299.0, 569.0], [716.0, 535.0, 1299.0, 569.0], [716.0, 535.0, 1299.0, 569.0], [716.0, 535.0, 1299.0, 569.0], [716.0, 535.0, 1299.0, 569.0], [1181.0, 494.0, 1421.0, 571.0], [0.0, 0.0, 0.0, 0.0], [495.0, 545.0, 649.0, 559.0], [495.0, 545.0, 649.0, 559.0], [719.0, 549.0, 768.0, 559.0], [0.0, 0.0, 0.0, 0.0], [0.0, 0.0, 0.0, 0.0], [0.0, 0.0, 0.0, 0.0], [0.0, 0.0, 0.0, 0.0], [0.0, 0.0, 0.0, 0.0], [0.0, 0.0, 0.0, 0.0], [0.0, 0.0, 0.0, 0.0], [0.0, 0.0, 0.0, 0.0], [0.0, 0.0, 0.0, 0.0], [0.0, 0.0, 0.0, 0.0], [719.0, 548.0, 769.0, 558.0], [719.0, 548.0, 769.0, 558.0], [0.0, 0.0, 0.0, 0.0], [400.0, 464.0, 1609.0, 1080.0], [585.0, 550.0, 587.0, 554.0], [585.0, 550.0, 587.0, 554.0], [719.0, 545.0, 777.0, 560.0], [719.0, 545.0, 777.0, 560.0], [719.0, 545.0, 777.0, 560.0], [719.0, 545.0, 777.0, 560.0], [719.0, 545.0, 777.0, 560.0], [719.0, 545.0, 777.0, 560.0], [719.0, 545.0, 777.0, 560.0], [0.0, 0.0, 0.0, 0.0], [0.0, 0.0, 0.0, 0.0], [0.0, 0.0, 0.0, 0.0], [0.0, 0.0, 0.0, 0.0], [0.0, 0.0, 0.0, 0.0], [0.0, 0.0, 0.0, 0.0], [0.0, 0.0, 0.0, 0.0], [448.0, 532.0, 588.0, 562.0], [0.0, 0.0, 0.0, 0.0], [0.0, 0.0, 0.0, 0.0], [0.0, 0.0, 0.0, 0.0], [425.0, 531.0, 658.0, 563.0], [425.0, 531.0, 658.0, 563.0], [425.0, 531.0, 658.0, 563.0], [425.0, 531.0, 658.0, 563.0], [495.0, 545.0, 647.0, 559.0], [495.0, 545.0, 647.0, 559.0], [0.0, 0.0, 0.0, 0.0], [0.0, 0.0, 0.0, 0.0], [0.0, 0.0, 0.0, 0.0], [0.0, 0.0, 0.0, 0.0], [0.0, 0.0, 0.0, 0.0], [0.0, 0.0, 0.0, 0.0], [0.0, 0.0, 0.0, 0.0], [0.0, 0.0, 0.0, 0.0], [0.0, 0.0, 0.0, 0.0], [0.0, 0.0, 0.0, 0.0], [0.0, 0.0, 0.0, 0.0], [0.0, 0.0, 0.0, 0.0]], "masks": [{"size": [1080, 1920], "counts": "PPYo1"}, {"size": [1080, 1920], "counts": "iieg05bQ12O0O2O0O0100O10000O1O10O1000000O100O101O00001O0001O00000O2O000000O100000000000000O10O01000O010O100O1O2OO010001NYTa>Mjk^A3M10001O0000O1O10001N1On]80SbG0gX50YgJ1OORj?0oU@00000000000dX50\\gJ0Tj?0kU@101N1000O101Nl]^d0"}, {"size": [1080, 1920], "counts": "PPYo1"}, {"size": [1080, 1920], "counts": "PPYo1"}, {"size": [1080, 1920], "counts": "PPYo1"}, {"size": [1080, 1920], "counts": "PPYo1"}, {"size": [1080, 1920], "counts": "PPYo1"}, {"size": [1080, 1920], "counts": "PPYo1"}, {"size": [1080, 1920], "counts": "Uohg01gQ10[m]W1"}, {"size": [1080, 1920], "counts": "Uohg01gQ10[m]W1"}, {"size": [1080, 1920], "counts": "jieg01fQ14L2O000O10O100O100O2N10O100O100O101N1000001O000000000001O00000000000000000000O0100000O10O10O0100O2N101N101NTViU1"}, {"size": [1080, 1920], "counts": "PPYo1"}, {"size": [1080, 1920], "counts": "PPYo1"}, {"size": [1080, 1920], "counts": "PPYo1"}, {"size": [1080, 1920], "counts": "PPYo1"}, {"size": [1080, 1920], "counts": "PPYo1"}, {"size": [1080, 1920], "counts": "PPYo1"}, {"size": [1080, 1920], "counts": "PPYo1"}, {"size": [1080, 1920], "counts": "PPYo1"}, {"size": [1080, 1920], "counts": "PPYo1"}, {"size": [1080, 1920], "counts": "PPYo1"}, {"size": [1080, 1920], "counts": "all?1fQ12O000O1000010N3N0O2O0000001O01O00000O20O001O10O0001O00001O001O01O1O1O10O001O01O001N2O0O2O0O2Na\\X60_cgI4M00O1O1O10od<0Q[C1N1001O00001N`cdV1"}, {"size": [1080, 1920], "counts": "PPYo1"}, {"size": [1080, 1920], "counts": "iieg04cQ12N2O0O2OO10O10O100O1000000000O100O100000001O000001O00000O101O000000O1000000000000O010O100O010000O1O100O100O10000O1MlP_>OWo`A2O1O001O0000O1O100O2O^Yif0"}, {"size": [1080, 1920], "counts": "iieg04cQ12N2O0O2OO10O10O100O1000000000O100O100000001O000001O00000O101O000000O1000000000000O010O100O010000O1O100O100O10000O1MlP_>OWo`A2O1O001O0000O1O100O2O^Yif0"}, {"size": [1080, 1920], "counts": "PPYo1"}, {"size": [1080, 1920], "counts": "PPYo1"}, {"size": [1080, 1920], "counts": "ada>2fQ10000000O1N2O1O2O001N2N10001O00000001O000001O0O11O01O00001O001N1O2O1O001O001O00001O000000001N10001O0001O0000O101O000000000O10001O01O010O01O001O01O002O1N1O0010O01O001O1O3L2O00100N2O1O001O00O1000O2O1O1O0O2O0N4MXcX]1"}, {"size": [1080, 1920], "counts": "ada>2fQ10000000O1N2O1O2O001N2N10001O00000001O000001O0O11O01O00001O001N1O2O1O001O001O00001O000000001N10001O0001O0000O101O000000000O10001O01O010O01O001O01O002O1N1O0010O01O001O1O3L2O00100N2O1O001O00O1000O2O1O1O0O2O0N4MXcX]1"}, {"size": [1080, 1920], "counts": "ada>2fQ10000000O1N2O1O2O001N2N10001O00000001O000001O0O11O01O00001O001N1O2O1O001O001O00001O000000001N10001O0001O0000O101O000000000O10001O01O010O01O001O01O002O1N1O0010O01O001O1O3L2O00100N2O1O001O00O1000O2O1O1O0O2O0N4MXcX]1"}, {"size": [1080, 1920], "counts": "ada>2fQ10000000O1N2O1O2O001N2N10001O00000001O000001O0O11O01O00001O001N1O2O1O001O001O00001O000000001N10001O0001O0000O101O000000000O10001O01O010O01O001O01O002O1N1O0010O01O001O1O3L2O00100N2O1O001O00O1000O2O1O1O0O2O0N4MXcX]1"}, {"size": [1080, 1920], "counts": "\\mgg02dQ13N02N1N20VhZW1"}, {"size": [1080, 1920], "counts": "PPYo1"}, {"size": [1080, 1920], "counts": "PPYo1"}, {"size": [1080, 1920], "counts": "jPjg01gQ10ok`00PT_O2O01Oema0O\\R^O0bgSV1"}, {"size": [1080, 1920], "counts": "PPYo1"}, {"size": [1080, 1920], "counts": "PPYo1"}, {"size": [1080, 1920], "counts": "Yfcg01cQ16M2O1N1O2O000O010O100O01000O1000000001O00000O100000001O0O2O000O2O1N2N10000O11O000O2N1O1O100O1O1O10O01O1O010000O2OO10O1O010O10000O1000O01000000O10000O10O10O2O0O2M[ed=2eZ[B0O101N101N1000001OO01000O100O100O10000O010O10000O100O1O1000O100000O100OgQ1O[nN00000000000O10OnV40SiK1O0O10O101Ol]80blM1_eI110O0100000O1O1O0100O1N2Oo]^d0"}, {"size": [1080, 1920],