{"labels": [12, 2, 3, 6, 7, 8, 11, 10, 0, 1, 2, 3, 4, 6, 7, 8, 10, 11, 12, 19, 2, 10, 12, 2, 10, 12, 2, 2, 8, 10, 7, 12, 2, 7, 8, 10, 12, 1, 2, 3, 4, 7, 8, 10, 7, 12, 2, 3, 4, 10, 12, 19, 10, 3, 7, 10, 12, 4, 10, 2, 19, 4, 10, 12, 1, 3, 4, 7, 8, 10, 12, 10, 2, 2, 3, 4, 6, 7, 10, 12, 19, 10, 2, 12, 2, 2, 3, 4, 7, 8, 10, 12, 19, 1, 6, 7, 10, 11, 12, 12], "scores": [0.000529174052644521, 0.0, 0.0, 0.0, 0.0, 0.0, 0.0, 0.0003391719365026802, 0.0, 0.0, 0.0, 0.0, 0.0, 0.0, 0.0, 0.0, 0.0, 0.0, 0.0, 0.0, 0.0, 0.0, 0.0002753050357569009, 0.0, 0.0, 0.0, 0.0, 0.0, 0.00028112964355386794, 0.004700415767729282, 0.00033125089248642325, 0.0002574665122665465, 0.0, 0.0, 0.0, 0.0, 0.0, 0.0006264194380491972, 0.00020408000273164362, 0.5371313691139221, 0.0036532296799123287, 0.0004985568812116981, 0.0005328613333404064, 0.0008925714646466076, 0.001254466362297535, 0.0003072192193940282, 0.0, 0.0, 0.0, 0.0, 0.0, 0.0, 0.0001991812459891662, 0.00027637777384370565, 0.0003639412752818316, 0.0002983340236824006, 0.00037551618879660964, 0.0, 0.0, 0.0, 0.9852951169013977, 0.00027546810451895, 0.0005723247304558754, 0.0003051219682674855, 0.0016553523018956184, 0.0003189737326465547, 0.0005739501211792231, 0.0002489390899427235, 0.07442864775657654, 0.004027947783470154, 0.0004400149919092655, 0.00019732172950170934, 0.0, 0.0, 0.0, 0.0, 0.0, 0.0, 0.0, 0.0, 0.0, 0.0005125898169353604, 0.0, 0.0, 0.0, 0.0, 0.0, 0.0, 0.0, 0.0, 0.0, 0.0, 0.0, 0.0, 0.0, 0.0, 0.0, 0.0, 0.0, 0.0], "bboxes": [[716.0, 557.0, 721.0, 560.0], [0.0, 0.0, 0.0, 0.0], [0.0, 0.0, 0.0, 0.0], [0.0, 0.0, 0.0, 0.0], [0.0, 0.0, 0.0, 0.0], [0.0, 0.0, 0.0, 0.0], [0.0, 0.0, 0.0, 0.0], [455.0, 535.0, 790.0, 562.0], [0.0, 0.0, 0.0, 0.0], [0.0, 0.0, 0.0, 0.0], [0.0, 0.0, 0.0, 0.0], [0.0, 0.0, 0.0, 0.0], [0.0, 0.0, 0.0, 0.0], [0.0, 0.0, 0.0, 0.0], [0.0, 0.0, 0.0, 0.0], [0.0, 0.0, 0.0, 0.0], [0.0, 0.0, 0.0, 0.0], [0.0, 0.0, 0.0, 0.0], [0.0, 0.0, 0.0, 0.0], [0.0, 0.0, 0.0, 0.0], [0.0, 0.0, 0.0, 0.0], [0.0, 0.0, 0.0, 0.0], [709.0, 533.0, 1313.0, 563.0], [0.0, 0.0, 0.0, 0.0], [0.0, 0.0, 0.0, 0.0], [0.0, 0.0, 0.0, 0.0], [0.0, 0.0, 0.0, 0.0], [0.0, 0.0, 0.0, 0.0], [403.0, 512.0, 534.0, 562.0], [403.0, 512.0, 534.0, 562.0], [718.0, 557.0, 719.0, 558.0], [718.0, 557.0, 719.0, 558.0], [0.0, 0.0, 0.0, 0.0], [0.0, 0.0, 0.0, 0.0], [0.0, 0.0, 0.0, 0.0], [0.0, 0.0, 0.0, 0.0], [0.0, 0.0, 0.0, 0.0], [683.0, 522.0, 1307.0, 566.0], [683.0, 522.0, 1307.0, 566.0], [683.0, 522.0, 1307.0, 566.0], [683.0, 522.0, 1307.0, 566.0], [683.0, 522.0, 1307.0, 566.0], [683.0, 522.0, 1307.0, 566.0], [683.0, 522.0, 1307.0, 566.0], [1208.0, 512.0, 1366.0, 567.0], [486.0, 545.0, 723.0, 561.0], [0.0, 0.0, 0.0, 0.0], [0.0, 0.0, 0.0, 0.0], [0.0, 0.0, 0.0, 0.0], [0.0, 0.0, 0.0, 0.0], [0.0, 0.0, 0.0, 0.0], [0.0, 0.0, 0.0, 0.0], [715.0, 537.0, 787.0, 559.0], [447.0, 532.0, 508.0, 555.0], [447.0, 532.0, 508.0, 555.0], [447.0, 532.0, 508.0, 555.0], [447.0, 532.0, 508.0, 555.0], [0.0, 0.0, 0.0, 0.0], [0.0, 0.0, 0.0, 0.0], [0.0, 0.0, 0.0, 0.0], [399.0, 467.0, 1608.0, 1080.0], [441.0, 531.0, 723.0, 561.0], [441.0, 531.0, 723.0, 561.0], [441.0, 531.0, 723.0, 561.0], [444.0, 528.0, 795.0, 564.0], [444.0, 528.0, 795.0, 564.0], [444.0, 528.0, 795.0, 564.0], [444.0, 528.0, 795.0, 564.0], [444.0, 528.0, 795.0, 564.0], [444.0, 528.0, 795.0, 564.0], [444.0, 528.0, 795.0, 564.0], [711.0, 533.0, 792.0, 562.0], [0.0, 0.0, 0.0, 0.0], [0.0, 0.0, 0.0, 0.0], [0.0, 0.0, 0.0, 0.0], [0.0, 0.0, 0.0, 0.0], [0.0, 0.0, 0.0, 0.0], [0.0, 0.0, 0.0, 0.0], [0.0, 0.0, 0.0, 0.0], [0.0, 0.0, 0.0, 0.0], [0.0, 0.0, 0.0, 0.0], [412.0, 526.0, 525.0, 561.0], [0.0, 0.0, 0.0, 0.0], [0.0, 0.0, 0.0, 0.0], [0.0, 0.0, 0.0, 0.0], [0.0, 0.0, 0.0, 0.0], [0.0, 0.0, 0.0, 0.0], [0.0, 0.0, 0.0, 0.0], [0.0, 0.0, 0.0, 0.0], [0.0, 0.0, 0.0, 0.0], [0.0, 0.0, 0.0, 0.0], [0.0, 0.0, 0.0, 0.0], [0.0, 0.0, 0.0, 0.0], [0.0, 0.0, 0.0, 0.0], [0.0, 0.0, 0.0, 0.0], [0.0, 0.0, 0.0, 0.0], [0.0, 0.0, 0.0, 0.0], [0.0, 0.0, 0.0, 0.0], [0.0, 0.0, 0.0, 0.0], [0.0, 0.0, 0.0, 0.0]], "masks": [{"size": [1080, 1920], "counts": "^fcg01fQ1101OO10kP`W1"}, {"size": [1080, 1920], "counts": "PPYo1"}, {"size": [1080, 1920], "counts": "PPYo1"}, {"size": [1080, 1920], "counts": "PPYo1"}, {"size": [1080, 1920], "counts": "PPYo1"}, {"size": [1080, 1920], "counts": "PPYo1"}, {"size": [1080, 1920], "counts": "PPYo1"}, {"size": [1080, 1920], "counts": "U]P?1gQ1001O000000001N100000001N2O1O0000O2M2011O000O0001O01O1O001O00001O001O0000O2L3032K1O01O00100O01O001O0001N100O101N2OPnb64kQ]I101N2O0O1001O01OO101N1O2O001O2N0OVU34gjL1N2O0000000O2O00000O10O2O0O1O100001O000000O0100000O2N01O001O1O01O1O001O1O100M_S21blM2O0O1O1N1100O010O010O1O1OjXWU1"}, {"size": [1080, 1920], "counts": "PPYo1"}, {"size": [1080, 1920], "counts": "PPYo1"}, {"size": [1080, 1920], "counts": "PPYo1"}, {"size": [1080, 1920], "counts": "PPYo1"}, {"size": [1080, 1920], "counts": "PPYo1"}, {"size": [1080, 1920], "counts": "PPYo1"}, {"size": [1080, 1920], "counts": "PPYo1"}, {"size": [1080, 1920], "counts": "PPYo1"}, {"size": [1080, 1920], "counts": "PPYo1"}, {"size": [1080, 1920], "counts": "PPYo1"}, {"size": [1080, 1920], "counts": "PPYo1"}, {"size": [1080, 1920], "counts": "PPYo1"}, {"size": [1080, 1920], "counts": "PPYo1"}, {"size": [1080, 1920], "counts": "PPYo1"}, {"size": [1080, 1920], "counts": "TZ\\g03dQ11O2N1O2O1N1O10000000001OO1000000O110O0000000000000001O000O1000O10000000001N100O2N1001O0000O10O10O100O2N01N2O1O1O01O0010O0000100O10N100010O1O1O010O010O01O010O100O1O100O1O2OTjZ>MnUeA10000e_9O\\`F1N10000000O100000ik`0OXT_O0O101O00O0100O1O001000000O100O10O01O10O10O10O10O100O10O010N11O01O010O1N101O100O1O10ceoc0"}, {"size": [1080, 1920], "counts": "PPYo1"}, {"size": [1080, 1920], "counts": "PPYo1"}, {"size": [1080, 1920], "counts": "PPYo1"}, {"size": [1080, 1920], "counts": "PPYo1"}, {"size": [1080, 1920], "counts": "PPYo1"}, {"size": [1080, 1920], "counts": "faY=9]Q13M3F910O001O01O001O001O00010O1O00001O001O1O01O000000001O0000000O100O101N100O2N1O100O2O1N1O2O001N10001O00001O00001O00000010O0001O001O00010O0000000001O0001O01O00001O0001O00010O01O1O0001O01O00010O002N100O001O001O00001O00100O002M7J2N3L2O001N10000O2O001O0O1O2N101N[Xe]1"}, {"size": [1080, 1920], "counts": "faY=9]Q13M3F910O001O01O001O001O00010O1O00001O001O1O01O000000001O0000000O100O101N100O2N1O100O2O1N1O2O001N10001O00001O00001O00000010O0001O001O00010O0000000001O0001O01O00001O0001O00010O01O1O0001O01O00010O002N100O001O001O00001O00100O002M7J2N3L2O001N10000O2O001O0O1O2N101N[Xe]1"}, {"size": [1080, 1920], "counts": "mieg01RVcW1"}, {"size": [1080, 1920], "counts": "mieg01RVcW1"}, {"size": [1080, 1920], "counts": "PPYo1"}, {"size": [1080, 1920], "counts": "PPYo1"}, {"size": [1080, 1920], "counts": "PPYo1"}, {"size": [1080, 1920], "counts": "PPYo1"}, {"size": [1080, 1920], "counts": "PPYo1"}, {"size": [1080, 1920], "counts": "Zl`f01gQ12N1O1OO101O1OnV4OSiK001O2M2O1N2N1O2O0O101N101O1O1N101O001O0O101O01O001O0000000O2O01O00000001O000000001O00001N3N1O000O10000O1O2N3N001O00O1M3N3N1O1O1O10O01O1O1O100O001O0010O010O010O000000010O01O0100O010O1O1O001O100O100O100000O0100O1O101O0O100O2O0O100O101O001O0O1Nncc=2Q\\\\B010O10O2O0OmZ]10TebN0O1O1O1O1000O010O010O10O1000O01000O100O00100O10001NloUd0"}, {"size": [1080, 1920], "counts": "Zl`f01gQ12N1O1OO101O1OnV4OSiK001O2M2O1N2N1O2O0O101N101O1O1N101O001O0O101O01O001O0000000O2O01O00000001O000000001O00001N3N1O000O10000O1O2N3N001O00O1M3N3N1O1O1O10O01O1O1O100O001O0010O010O010O000000010O01O0100O010O1O1O001O100O100O100000O0100O1O101O0O100O2O0O100O101O001O0O1Nncc=2Q\\\\B010O10O2O0OmZ]10TebN0O1O1O1O1000O010O010O10O1000O01000O100O00100O10001NloUd0"}, {"size": [1080, 1920], "counts": "Zl`f01gQ12N1O1OO101O1OnV4OSiK001O2M2O1N2N1O2O0O101N101O1O1N101O001O0O101O01O001O0000000O2O01O00000001O000000001O00001N3N1O000O10000O1O2N3N001O00O1M3N3N1O1O1O10O01O1O1O100O001O0010O010O010O000000010O01O0100O010O1O1O001O100O100O100000O0100O1O101O0O100O2O0O100O101O001O0O1Nncc=2Q\\\\B010O10O2O0OmZ]10TebN0O1O1O1O1000O010O010O10O1000O01000O100O00100O10001NloUd0"}, {"size": [1080, 1920],