{"labels": [12, 2, 3, 4, 6, 7, 8, 10, 11, 10, 10, 10, 1, 2, 3, 4, 6, 7, 10, 11, 12, 10, 10, 2, 7, 10, 10, 3, 4, 10, 7, 7, 7, 10, 1, 2, 3, 4, 7, 10, 3, 6, 7, 12, 1, 10, 10, 7, 10, 10, 2, 3, 4, 10, 19, 3, 7, 10, 12, 1, 10, 10, 2, 10, 19, 10, 1, 8, 10, 12, 10, 7, 2, 3, 4, 6, 7, 10, 10, 2, 10, 12, 2, 2, 4, 7, 10, 19, 1, 10, 1, 4, 10, 1, 6, 7, 10, 11, 12, 3], "scores": [0.00019995582988485694, 0.0, 0.0, 0.0, 0.0, 0.0, 0.0, 0.0, 0.0, 0.00014154889504425228, 0.00013101425429340452, 0.0001741450687404722, 0.0, 0.0, 0.0, 0.0, 0.0, 0.0, 0.0, 0.0, 0.0, 0.00015064921171870083, 0.0, 0.0, 0.00010993092291755602, 0.00016600228263996542, 0.001883039833046496, 0.0, 0.00011241980246268213, 0.00022063184587750584, 0.0, 0.0, 0.0, 0.00021178914175834507, 0.0001349687372567132, 0.00011542999709490687, 0.49333062767982483, 0.0013665682636201382, 0.0002906420559156686, 0.00036944489693269134, 0.0, 0.0, 0.0, 0.0, 0.00015732987958472222, 0.0007542567327618599, 0.0001995547499973327, 0.0, 0.000334664509864524, 0.00012581219198182225, 0.0, 0.0, 0.0, 0.0, 0.0, 0.00011836073099402711, 0.0001691945653874427, 0.00017801838112063706, 0.00014742037456016988, 0.00013382805627770722, 0.00024917654809542, 0.00011666418140521273, 0.0, 0.0, 0.9863404035568237, 0.00031409654184244573, 0.00025900625041686, 0.0005980039713904262, 0.0014425558038055897, 0.00016165142005775124, 0.0002402726822765544, 0.0, 0.0, 0.0, 0.0, 0.0, 0.0, 0.0, 0.0002836794883478433, 0.0, 0.0, 0.0, 0.0, 0.0, 0.0, 0.0, 0.0, 0.0, 0.0001640997506910935, 0.0004641967243514955, 0.0001236506359418854, 0.0001809022796805948, 0.00017969711916521192, 0.0, 0.0, 0.0, 0.0, 0.0, 0.0, 0.0], "bboxes": [[457.0, 545.0, 459.0, 547.0], [0.0, 0.0, 0.0, 0.0], [0.0, 0.0, 0.0, 0.0], [0.0, 0.0, 0.0, 0.0], [0.0, 0.0, 0.0, 0.0], [0.0, 0.0, 0.0, 0.0], [0.0, 0.0, 0.0, 0.0], [0.0, 0.0, 0.0, 0.0], [0.0, 0.0, 0.0, 0.0], [451.0, 542.0, 762.0, 559.0], [452.0, 542.0, 720.0, 558.0], [413.0, 525.0, 1338.0, 560.0], [0.0, 0.0, 0.0, 0.0], [0.0, 0.0, 0.0, 0.0], [0.0, 0.0, 0.0, 0.0], [0.0, 0.0, 0.0, 0.0], [0.0, 0.0, 0.0, 0.0], [0.0, 0.0, 0.0, 0.0], [0.0, 0.0, 0.0, 0.0], [0.0, 0.0, 0.0, 0.0], [0.0, 0.0, 0.0, 0.0], [453.0, 543.0, 761.0, 558.0], [0.0, 0.0, 0.0, 0.0], [0.0, 0.0, 0.0, 0.0], [453.0, 543.0, 480.0, 554.0], [445.0, 540.0, 760.0, 559.0], [406.0, 516.0, 527.0, 562.0], [0.0, 0.0, 0.0, 0.0], [445.0, 540.0, 760.0, 559.0], [445.0, 540.0, 760.0, 559.0], [0.0, 0.0, 0.0, 0.0], [0.0, 0.0, 0.0, 0.0], [0.0, 0.0, 0.0, 0.0], [412.0, 524.0, 514.0, 560.0], [705.0, 525.0, 805.0, 559.0], [705.0, 525.0, 805.0, 559.0], [705.0, 525.0, 805.0, 559.0], [705.0, 525.0, 805.0, 559.0], [705.0, 525.0, 805.0, 559.0], [705.0, 525.0, 805.0, 559.0], [0.0, 0.0, 0.0, 0.0], [0.0, 0.0, 0.0, 0.0], [0.0, 0.0, 0.0, 0.0], [0.0, 0.0, 0.0, 0.0], [421.0, 526.0, 513.0, 559.0], [421.0, 526.0, 513.0, 559.0], [444.0, 540.0, 760.0, 558.0], [0.0, 0.0, 0.0, 0.0], [410.0, 522.0, 513.0, 560.0], [456.0, 545.0, 503.0, 554.0], [0.0, 0.0, 0.0, 0.0], [0.0, 0.0, 0.0, 0.0], [0.0, 0.0, 0.0, 0.0], [0.0, 0.0, 0.0, 0.0], [0.0, 0.0, 0.0, 0.0], [454.0, 538.0, 478.0, 552.0], [454.0, 538.0, 478.0, 552.0], [454.0, 538.0, 478.0, 552.0], [454.0, 538.0, 478.0, 552.0], [436.0, 528.0, 1340.0, 557.0], [436.0, 528.0, 1340.0, 557.0], [455.0, 527.0, 1346.0, 554.0], [0.0, 0.0, 0.0, 0.0], [0.0, 0.0, 0.0, 0.0], [398.0, 467.0, 1608.0, 1080.0], [406.0, 521.0, 535.0, 563.0], [410.0, 521.0, 513.0, 561.0], [410.0, 521.0, 513.0, 561.0], [410.0, 521.0, 513.0, 561.0], [410.0, 521.0, 513.0, 561.0], [410.0, 523.0, 513.0, 560.0], [0.0, 0.0, 0.0, 0.0], [0.0, 0.0, 0.0, 0.0], [0.0, 0.0, 0.0, 0.0], [0.0, 0.0, 0.0, 0.0], [0.0, 0.0, 0.0, 0.0], [0.0, 0.0, 0.0, 0.0], [0.0, 0.0, 0.0, 0.0], [420.0, 528.0, 511.0, 560.0], [0.0, 0.0, 0.0, 0.0], [0.0, 0.0, 0.0, 0.0], [0.0, 0.0, 0.0, 0.0], [0.0, 0.0, 0.0, 0.0], [0.0, 0.0, 0.0, 0.0], [0.0, 0.0, 0.0, 0.0], [0.0, 0.0, 0.0, 0.0], [0.0, 0.0, 0.0, 0.0], [0.0, 0.0, 0.0, 0.0], [425.0, 526.0, 1341.0, 559.0], [425.0, 526.0, 1341.0, 559.0], [452.0, 543.0, 759.0, 557.0], [452.0, 543.0, 759.0, 557.0], [452.0, 543.0, 759.0, 557.0], [0.0, 0.0, 0.0, 0.0], [0.0, 0.0, 0.0, 0.0], [0.0, 0.0, 0.0, 0.0], [0.0, 0.0, 0.0, 0.0], [0.0, 0.0, 0.0, 0.0], [0.0, 0.0, 0.0, 0.0], [0.0, 0.0, 0.0, 0.0]], "masks": [{"size": [1080, 1920], "counts": "i`R?2fQ10g[T`1"}, {"size": [1080, 1920], "counts": "PPYo1"}, {"size": [1080, 1920], "counts": "PPYo1"}, {"size": [1080, 1920], "counts": "PPYo1"}, {"size": [1080, 1920], "counts": "PPYo1"}, {"size": [1080, 1920], "counts": "PPYo1"}, {"size": [1080, 1920], "counts": "PPYo1"}, {"size": [1080, 1920], "counts": "PPYo1"}, {"size": [1080, 1920], "counts": "PPYo1"}, {"size": [1080, 1920], "counts": "YVl>1fQ12O1O1N2O00001O0O1001O000010O00010O1O01O10O0000000O2O01O000O2O001O10O0O10000O10000O1001N101N1010O01O000O0N30kVh64PiWI2N10000O10000000O1O1O1000O1000000001O01O1O001O00O100001O01O001O000O2O000000000O0100O10O10O1000O1O1M]iTV1"}, {"size": [1080, 1920], "counts": "QXm>2eQ12O1N2O001O00000O11O0010O0000100O01O010O00000001O0000000001O1O1O000000O100O101N100O02O1O000O20O0000O10000O1O2MVUg61jjXI3N0O10000001MiRaW1"}, {"size": [1080, 1920], "counts": "]Sd=2fQ10000000O2O0O2O1O1O2N1O1O1O1O00001O1N101O0O2O1O0O100O100000001O0O10000O2O00010O001O0000000000001O0001O01O0000001O00010O00001O0O1001O001O0000O10000010O000000001O001O2M2O2N000O101O1O1O1N101N101N2O1N4K4M]oli00dPSVO000O1O1O010O1O001O00100O010O0001O001O100O001000O1O01000000O1N2OXU30ijL0oYUc0"}, {"size": [1080, 1920], "counts": "PPYo1"}, {"size": [1080, 1920], "counts": "PPYo1"}, {"size": [1080, 1920], "counts": "PPYo1"}, {"size": [1080, 1920], "counts": "PPYo1"}, {"size": [1080, 1920], "counts": "PPYo1"}, {"size": [1080, 1920], "counts": "PPYo1"}, {"size": [1080, 1920], "counts": "PPYo1"}, {"size": [1080, 1920], "counts": "PPYo1"}, {"size": [1080, 1920], "counts": "PPYo1"}, {"size": [1080, 1920], "counts": "iYn>2eQ1101O1N101OO1000010O0001O01O00010O10O01O01O000O20O0O101O003Mj`a7OV_^H2O1O1N1001N1NbS2OalM1N1000000000001O1O1N10000000000001O0000001O000000000000O01000O010O1000O2NRkUV1"}, {"size": [1080, 1920], "counts": "PPYo1"}, {"size": [1080, 1920], "counts": "PPYo1"}, {"size": [1080, 1920], "counts": "iYn>1gQ11N2O1N101O0000O20O01O01O0001O2N1O0001O00001O1O01O3MgV^_1"}, {"size": [1080, 1920], "counts": "ike>1eQ12O1O2O00001O1O001O1O0O100000001O0001O10O001O010O000001O00O2O00000001O000000001O0000010OO100O1001O0O101O0O20O0001N10000O1O2NUUg61jjXI2O000O2O0000O2N2M2000O10000000000000001O2N00000O1001O001O000000001O0000`S2MblM2O00000O010001NhlVV1"}, {"size": [1080, 1920], "counts": "Tg\\=2bQ15M3M3O1O01O01O001N10001N101N1O2O1O1O1O001O00001N101O1O0O2O000O2O0O100000000000001O00000O2O0000001O000000001O0001O010O0010O0001O01O001O0000001O000001O00O10000000001O0001O00001N101O1O1N2O1O0O2O1O1O1O1N2O1O1N2O2M2N2N100O10001N1O101N10002N3M2Ncdl]1"}, {"size": [1080, 1920], "counts": "PPYo1"}, {"size": [1080, 1920], "counts": "ike>1fQ1100N3O0O110O1O1O001N100000000O2O01O1O010O01O0010O001O0010N100O1001O000000001O1O0001O000O1O1000000001N101O00000000000O101N101O3MRnb62kQ]I2N100O100O10000001N2N1O0100O10O101O000010O002N000O100001O001O00001O0000003M]S20blM2O0000000O0101NhlVV1"}, {"size": [1080, 1920], "counts": "ike>1fQ1100N3O0O110O1O1O001N100000000O2O01O1O010O01O0010O001O0010N100O1001O000000001O1O0001O000O1O1000000001N101O00000000000O101N101O3MRnb62kQ]I2N100O100O10000001N2N1O0100O10O101O000010O002N000O100001O001O00001O0000003M]S20blM2O0000000O0101NhlVV1"}, {"size": [1080, 1920], "counts": "PPYo1"}, {"size": [1080, 1920], "counts": "PPYo1"}, {"size": [1080, 1920], "counts": "PPYo1"}, {"size": [1080, 1920], "counts": "eQc=2eQ1101O00000O2O1N101O1O1O2N1O1O00001O001O0O2O1N101O001N100O100000000O10001N10001O01O01O000000000O2O01O0010O0000001O0000010O001O000O11O0010O000000000000000001O0000001O1O1O2M2O001O0O3N1O001N2O0O2O0O2O2M3L4M\\[Z^1"}, {"size": [1080, 1920], "counts": "nRXg01fQ13M3M2N2O1N101N100000000O100000O100000O100001O00000001O01O1O001O1N2O1O1N2N2NQ^8OoaG3N1O1O1O1O10O0010O0O2N101O10O01O010O010O0000010O00100O10O10O0100O1O100O10O01O1O00101N101O0O10001O000O2Nh^gT1"}, {"size": [1080, 1920],