{"labels": [12, 2, 3, 4, 6, 7, 8, 11, 2, 7, 12, 10, 10, 1, 2, 3, 4, 6, 7, 10, 11, 12, 19, 10, 2, 1, 10, 10, 1, 3, 4, 10, 4, 10, 10, 7, 12, 10, 1, 2, 4, 10, 10, 2, 10, 3, 4, 7, 10, 12, 10, 7, 10, 10, 2, 3, 4, 19, 10, 3, 7, 10, 12, 2, 10, 19, 4, 10, 1, 3, 7, 8, 10, 11, 12, 19, 12, 2, 3, 4, 6, 7, 10, 19, 10, 2, 10, 12, 2, 2, 4, 7, 4, 10, 10, 1, 6, 11, 12, 4], "scores": [0.00033815723145380616, 0.0, 0.0, 0.0, 0.0, 0.0, 0.0, 0.0, 0.0, 0.0, 0.0, 0.0004464366938918829, 0.00024014008522499353, 0.0, 0.0, 0.0, 0.0, 0.0, 0.0, 0.0, 0.0, 0.0, 0.0, 0.00027597363805398345, 0.0, 0.0002929624170064926, 0.00015159686154220253, 0.001635999302379787, 0.00041889504063874483, 0.00019640527898445725, 0.0007633881759829819, 0.0002910397306550294, 0.00030744285322725773, 0.0005728815449401736, 0.0, 0.0, 0.0, 0.00019135451293550432, 0.00016913755098357797, 0.00018649594858288765, 0.0001885417732410133, 0.00017582492728251964, 0.0002622015599627048, 0.0, 0.0, 0.5323697924613953, 0.0010400479659438133, 0.0002532005019020289, 0.00021850252232979983, 0.0001877873728517443, 0.00036446258309297264, 0.0, 0.00027664913795888424, 0.0003310756292194128, 0.0, 0.0, 0.0, 0.0, 0.00016376121493522078, 0.00013884296640753746, 0.00020089764439035207, 0.00018885100143961608, 0.00021253844897728413, 0.0, 0.0, 0.986542284488678, 0.00029891415033489466, 0.00025211586034856737, 0.0025638812221586704, 0.000346015760442242, 0.0006286603747867048, 0.015072079375386238, 0.010979109443724155, 0.00037879226147197187, 0.0011693645501509309, 0.0005442981491796672, 0.0, 0.0, 0.0, 0.0, 0.0, 0.0, 0.0, 0.0, 0.00026516502839513123, 0.0, 0.00014310787082649767, 0.00023425054678227752, 0.0, 0.0, 0.0, 0.0, 0.00016315208631567657, 0.0001627575111342594, 0.00016059406334534287, 0.0, 0.0, 0.0, 0.0, 0.00021704893151763827], "bboxes": [[465.0, 549.0, 475.0, 554.0], [0.0, 0.0, 0.0, 0.0], [0.0, 0.0, 0.0, 0.0], [0.0, 0.0, 0.0, 0.0], [0.0, 0.0, 0.0, 0.0], [0.0, 0.0, 0.0, 0.0], [0.0, 0.0, 0.0, 0.0], [0.0, 0.0, 0.0, 0.0], [0.0, 0.0, 0.0, 0.0], [0.0, 0.0, 0.0, 0.0], [0.0, 0.0, 0.0, 0.0], [425.0, 532.0, 747.0, 560.0], [438.0, 540.0, 763.0, 561.0], [0.0, 0.0, 0.0, 0.0], [0.0, 0.0, 0.0, 0.0], [0.0, 0.0, 0.0, 0.0], [0.0, 0.0, 0.0, 0.0], [0.0, 0.0, 0.0, 0.0], [0.0, 0.0, 0.0, 0.0], [0.0, 0.0, 0.0, 0.0], [0.0, 0.0, 0.0, 0.0], [0.0, 0.0, 0.0, 0.0], [0.0, 0.0, 0.0, 0.0], [405.0, 525.0, 524.0, 560.0], [0.0, 0.0, 0.0, 0.0], [711.0, 533.0, 840.0, 559.0], [711.0, 533.0, 840.0, 559.0], [402.0, 516.0, 512.0, 560.0], [702.0, 546.0, 771.0, 561.0], [702.0, 546.0, 771.0, 561.0], [702.0, 546.0, 771.0, 561.0], [702.0, 546.0, 771.0, 561.0], [437.0, 534.0, 797.0, 563.0], [437.0, 534.0, 797.0, 563.0], [0.0, 0.0, 0.0, 0.0], [0.0, 0.0, 0.0, 0.0], [0.0, 0.0, 0.0, 0.0], [437.0, 538.0, 780.0, 562.0], [705.0, 552.0, 736.0, 559.0], [705.0, 552.0, 736.0, 559.0], [705.0, 552.0, 736.0, 559.0], [705.0, 552.0, 736.0, 559.0], [426.0, 536.0, 485.0, 557.0], [0.0, 0.0, 0.0, 0.0], [0.0, 0.0, 0.0, 0.0], [700.0, 526.0, 802.0, 562.0], [700.0, 526.0, 802.0, 562.0], [700.0, 526.0, 802.0, 562.0], [700.0, 526.0, 802.0, 562.0], [703.0, 553.0, 735.0, 559.0], [456.0, 539.0, 737.0, 558.0], [0.0, 0.0, 0.0, 0.0], [440.0, 538.0, 780.0, 562.0], [403.0, 521.0, 512.0, 559.0], [0.0, 0.0, 0.0, 0.0], [0.0, 0.0, 0.0, 0.0], [0.0, 0.0, 0.0, 0.0], [0.0, 0.0, 0.0, 0.0], [456.0, 546.0, 736.0, 556.0], [458.0, 541.0, 496.0, 551.0], [458.0, 541.0, 496.0, 551.0], [458.0, 541.0, 496.0, 551.0], [458.0, 541.0, 496.0, 551.0], [0.0, 0.0, 0.0, 0.0], [0.0, 0.0, 0.0, 0.0], [400.0, 465.0, 1609.0, 1080.0], [457.0, 541.0, 746.0, 561.0], [457.0, 541.0, 746.0, 561.0], [403.0, 513.0, 510.0, 561.0], [403.0, 513.0, 510.0, 561.0], [403.0, 513.0, 510.0, 561.0], [403.0, 513.0, 510.0, 561.0], [403.0, 513.0, 510.0, 561.0], [403.0, 513.0, 510.0, 561.0], [403.0, 513.0, 510.0, 561.0], [403.0, 513.0, 510.0, 561.0], [0.0, 0.0, 0.0, 0.0], [0.0, 0.0, 0.0, 0.0], [0.0, 0.0, 0.0, 0.0], [0.0, 0.0, 0.0, 0.0], [0.0, 0.0, 0.0, 0.0], [0.0, 0.0, 0.0, 0.0], [0.0, 0.0, 0.0, 0.0], [0.0, 0.0, 0.0, 0.0], [411.0, 531.0, 551.0, 559.0], [0.0, 0.0, 0.0, 0.0], [457.0, 547.0, 477.0, 555.0], [457.0, 547.0, 477.0, 555.0], [0.0, 0.0, 0.0, 0.0], [0.0, 0.0, 0.0, 0.0], [0.0, 0.0, 0.0, 0.0], [0.0, 0.0, 0.0, 0.0], [705.0, 553.0, 738.0, 559.0], [705.0, 553.0, 738.0, 559.0], [441.0, 541.0, 763.0, 560.0], [0.0, 0.0, 0.0, 0.0], [0.0, 0.0, 0.0, 0.0], [0.0, 0.0, 0.0, 0.0], [0.0, 0.0, 0.0, 0.0], [403.0, 513.0, 510.0, 561.0]], "masks": [{"size": [1080, 1920], "counts": "mnZ?2fQ101O0001O2NO100000b_c_1"}, {"size": [1080, 1920], "counts": "PPYo1"}, {"size": [1080, 1920], "counts": "PPYo1"}, {"size": [1080, 1920], "counts": "PPYo1"}, {"size": [1080, 1920], "counts": "PPYo1"}, {"size": [1080, 1920], "counts": "PPYo1"}, {"size": [1080, 1920], "counts": "PPYo1"}, {"size": [1080, 1920], "counts": "PPYo1"}, {"size": [1080, 1920], "counts": "PPYo1"}, {"size": [1080, 1920], "counts": "PPYo1"}, {"size": [1080, 1920], "counts": "PPYo1"}, {"size": [1080, 1920], "counts": "ehP>2eQ1101N101O001O001O001O0O2O001O1N2O001N101N1O100O011O01O0001N1000001O0O10001O0000000010O000000000O101O0010OO10O100001O1O1O001N100O2O00001O001O0O2O1N2N2M3LY\\74gcHOala6NaS^I00000ok`01PT_O1O1N2O00000001O010O001O000O101O\\cdV1"}, {"size": [1080, 1920], "counts": "a_^>1gQ11N2O1O1O01O000001N10001O00000O2O001O0O101N10000001O0010O0001O0000O100O10O1000O100O10O101O001O00001N2O000001O0002M2O1N2MZUg60fjXI3N1O10000O2O00O10O1001O1O4Km]82QbG3N1N10001O0000000O101O01O001O1O000O10000O2O3LVU30oV40kcH1cgSV1"}, {"size": [1080, 1920], "counts": "PPYo1"}, {"size": [1080, 1920], "counts": "PPYo1"}, {"size": [1080, 1920], "counts": "PPYo1"}, {"size": [1080, 1920], "counts": "PPYo1"}, {"size": [1080, 1920], "counts": "PPYo1"}, {"size": [1080, 1920], "counts": "PPYo1"}, {"size": [1080, 1920], "counts": "PPYo1"}, {"size": [1080, 1920], "counts": "PPYo1"}, {"size": [1080, 1920], "counts": "PPYo1"}, {"size": [1080, 1920], "counts": "PPYo1"}, {"size": [1080, 1920], "counts": "^e[=5`Q1301O001O1N101O000010O1O0001O0010O00100O01N1O2O0O2O00001N10001O001O1N10001O0000000O100O10001O0O10001O000O2O0O10001O01O0001O000O1001O0000001O001N1000O1O11O1O1O2N0000O010001O1N2O1O000O2O001N2N1O1O100O100000000000001O001O1O1O00001O1N2N2N2Noio]1"}, {"size": [1080, 1920], "counts": "PPYo1"}, {"size": [1080, 1920], "counts": "b]^g01gQ10O11Ogf=3UYB2O1O00000000000001O001O1O1O000O2OQSl10nlSN10000001O[Qd01dn[O00000000000000000001OVabS1"}, {"size": [1080, 1920], "counts": "b]^g01gQ10O11Ogf=3UYB2O1O00000000000001O001O1O1O000O2OQSl10nlSN10000001O[Qd01dn[O00000000000000000001OVabS1"}, {"size": [1080, 1920], "counts": "Q`X=>XQ12J6L4O101O0010O1O100O1O1O3M001O1O010O00010O01O0O101O000O2O0000001O001O0O2O001O000O10001N100O100O10000O101O00001O0001O01O00001O000001O000000000000000O1000001O002N2N1O1OO10O100O2O2N1O1N2O001N2N2O1M2O2N1O0M4O101002N00O2MP_\\^1"}, {"size": [1080, 1920], "counts": "kmTg04bQ1200O2N10000O10000O1000000001O0O2O1N`S20`lM2O0O2O0O100010O000000000001O01O001O1O0O10001N101N1McS20_lM1T\\70lcH000mV4OTiK000fYkU1"}, {"size": [1080, 1920], "counts": "kmTg04bQ1200O2N10000O10000O1000000001O0O2O1N`S20`lM2O0O2O0O100010O000000000001O01O001O1O0O10001N101N1McS20_lM1T\\70lcH000mV4OTiK000fYkU1"}, {"size": [1080, 1920], "counts": "kmTg04bQ1200O2N10000O10000O1000000001O0O2O1N`S20`lM2O0O2O0O100010O000000000001O01O001O1O0O10001N101N1McS20_lM1T\\70lcH000mV4OTiK000fYkU1"}, {"size": [1080, 1920], "counts": "kmTg04bQ1200O2N10000O10000O1000000001O0O2O1N`S20`lM2O0O2O0O100010O000000000001O01O001O1O0O10001N101N1McS20_lM1T\\70lcH000mV4OTiK000fYkU1"}, {"size": [1080, 1920], "counts": "f]]>4dQ11O100O1O1O00000000001N10000O10001N2O0O1O101O00000O1000001O01O00001O1O0000O1O1O1000O101O0000001O000O2O0000001O00001O1O2M2N2NQPd60oo[I1O2N100O2O0O10000O10000000001O01O0O1O1O1000O2O0O101O0O100010O000000000000001O01O00O2O000O101O0O100O01000O10000O01O010N110O01O1O0100O010O10O1O001O1O01000O1O00010O010O1O100O^S2OdlM00000000000bloT1"}, {"size": [1080, 1920],