{"labels": [10, 10, 12, 12, 2, 3, 4, 6, 7, 8, 10, 11, 12, 10, 1, 3, 6, 8, 10, 22, 10, 10, 12, 10, 10, 12, 1, 3, 6, 10, 23, 10, 8, 10, 12, 12, 10, 10, 12, 3, 10, 12, 7, 10, 12, 10, 10, 12, 7, 12, 19, 10, 0, 10, 10, 2, 3, 10, 19, 1, 4, 7, 10, 12, 1, 6, 10, 10, 19, 12, 2, 10, 12, 1, 3, 6, 7, 8, 10, 11, 12, 19, 10, 2, 3, 4, 10, 10, 12, 10, 12, 19, 2, 6, 7, 8, 10, 12, 10, 12], "scores": [0.0, 0.0008316599996760488, 0.0, 0.0, 0.0, 0.0, 0.0, 0.0, 0.0, 0.0, 0.0, 0.0, 0.00024910009233281016, 0.0007438015891239047, 0.012797246687114239, 0.000479709095088765, 0.042386822402477264, 0.0005558268167078495, 0.0005146694020368159, 0.0008281526388600469, 0.0009790501790121198, 0.0, 0.0, 0.0, 0.0, 0.0005024657002650201, 0.00818943977355957, 0.0007045055390335619, 0.0008334233425557613, 0.0006316736689768732, 0.0012737114448100328, 0.0, 0.0002871112956199795, 0.0021021722350269556, 0.0, 0.0003671337035484612, 0.0, 0.0, 0.0, 0.6375481486320496, 0.0008350037387572229, 0.0022963094525039196, 0.000256093917414546, 0.0022103064693510532, 0.0002998457057401538, 0.0, 0.0, 0.0, 0.00033150860690511763, 0.00043285288847982883, 0.0005767861730419099, 0.0005959581467323005, 0.001494714175350964, 0.0, 0.0007511588046327233, 0.0, 0.0, 0.0, 0.0, 0.0002863647823687643, 0.0004301407025195658, 0.00046406890032812953, 0.001957441447302699, 0.0005771444411948323, 0.007113932631909847, 0.000350622198311612, 0.04835979640483856, 0.0, 0.9845999479293823, 0.0, 0.0002487247984390706, 0.0013814527774229646, 0.0007776016718707979, 0.0, 0.0, 0.0, 0.0, 0.0, 0.0, 0.0, 0.0, 0.0, 0.0, 0.005395313259214163, 0.00024152203695848584, 0.3354732394218445, 0.0014890623278915882, 0.0, 0.0, 0.00034541997592896223, 0.0005651027895510197, 0.0005004764534533024, 0.0, 0.0, 0.0, 0.0, 0.0, 0.0, 0.0, 0.0], "bboxes": [[0.0, 0.0, 0.0, 0.0], [658.0, 457.0, 670.0, 463.0], [0.0, 0.0, 0.0, 0.0], [0.0, 0.0, 0.0, 0.0], [0.0, 0.0, 0.0, 0.0], [0.0, 0.0, 0.0, 0.0], [0.0, 0.0, 0.0, 0.0], [0.0, 0.0, 0.0, 0.0], [0.0, 0.0, 0.0, 0.0], [0.0, 0.0, 0.0, 0.0], [0.0, 0.0, 0.0, 0.0], [0.0, 0.0, 0.0, 0.0], [664.0, 461.0, 667.0, 462.0], [653.0, 453.0, 680.0, 468.0], [764.0, 528.0, 831.0, 569.0], [764.0, 528.0, 831.0, 569.0], [764.0, 528.0, 831.0, 569.0], [764.0, 528.0, 831.0, 569.0], [764.0, 528.0, 831.0, 569.0], [764.0, 528.0, 831.0, 569.0], [664.0, 461.0, 667.0, 463.0], [0.0, 0.0, 0.0, 0.0], [0.0, 0.0, 0.0, 0.0], [0.0, 0.0, 0.0, 0.0], [0.0, 0.0, 0.0, 0.0], [416.0, 684.0, 1556.0, 818.0], [763.0, 528.0, 828.0, 563.0], [763.0, 528.0, 828.0, 563.0], [763.0, 528.0, 828.0, 563.0], [763.0, 528.0, 828.0, 563.0], [763.0, 528.0, 828.0, 563.0], [0.0, 0.0, 0.0, 0.0], [665.0, 461.0, 667.0, 463.0], [665.0, 461.0, 667.0, 463.0], [0.0, 0.0, 0.0, 0.0], [414.0, 678.0, 1554.0, 808.0], [0.0, 0.0, 0.0, 0.0], [0.0, 0.0, 0.0, 0.0], [0.0, 0.0, 0.0, 0.0], [768.0, 528.0, 880.0, 602.0], [645.0, 449.0, 669.0, 463.0], [645.0, 449.0, 669.0, 463.0], [651.0, 453.0, 680.0, 468.0], [651.0, 453.0, 680.0, 468.0], [651.0, 453.0, 680.0, 468.0], [0.0, 0.0, 0.0, 0.0], [0.0, 0.0, 0.0, 0.0], [0.0, 0.0, 0.0, 0.0], [413.0, 676.0, 448.0, 777.0], [413.0, 676.0, 448.0, 777.0], [413.0, 676.0, 448.0, 777.0], [664.0, 460.0, 669.0, 463.0], [987.0, 647.0, 1214.0, 757.0], [0.0, 0.0, 0.0, 0.0], [661.0, 458.0, 679.0, 467.0], [0.0, 0.0, 0.0, 0.0], [0.0, 0.0, 0.0, 0.0], [0.0, 0.0, 0.0, 0.0], [0.0, 0.0, 0.0, 0.0], [651.0, 453.0, 679.0, 467.0], [651.0, 453.0, 679.0, 467.0], [651.0, 453.0, 679.0, 467.0], [651.0, 453.0, 679.0, 467.0], [651.0, 453.0, 679.0, 467.0], [676.0, 465.0, 714.0, 490.0], [676.0, 465.0, 714.0, 490.0], [676.0, 465.0, 714.0, 490.0], [0.0, 0.0, 0.0, 0.0], [402.0, 360.0, 1534.0, 1080.0], [0.0, 0.0, 0.0, 0.0], [653.0, 454.0, 668.0, 463.0], [653.0, 454.0, 668.0, 463.0], [653.0, 454.0, 668.0, 463.0], [0.0, 0.0, 0.0, 0.0], [0.0, 0.0, 0.0, 0.0], [0.0, 0.0, 0.0, 0.0], [0.0, 0.0, 0.0, 0.0], [0.0, 0.0, 0.0, 0.0], [0.0, 0.0, 0.0, 0.0], [0.0, 0.0, 0.0, 0.0], [0.0, 0.0, 0.0, 0.0], [0.0, 0.0, 0.0, 0.0], [0.0, 0.0, 0.0, 0.0], [1149.0, 733.0, 1186.0, 751.0], [1149.0, 733.0, 1186.0, 751.0], [1149.0, 733.0, 1186.0, 751.0], [1149.0, 733.0, 1186.0, 751.0], [0.0, 0.0, 0.0, 0.0], [0.0, 0.0, 0.0, 0.0], [653.0, 454.0, 669.0, 463.0], [412.0, 668.0, 1554.0, 815.0], [412.0, 668.0, 1554.0, 815.0], [0.0, 0.0, 0.0, 0.0], [0.0, 0.0, 0.0, 0.0], [0.0, 0.0, 0.0, 0.0], [0.0, 0.0, 0.0, 0.0], [0.0, 0.0, 0.0, 0.0], [0.0, 0.0, 0.0, 0.0], [0.0, 0.0, 0.0, 0.0], [0.0, 0.0, 0.0, 0.0]], "masks": [{"size": [1080, 1920], "counts": "PPYo1"}, {"size": [1080, 1920], "counts": "i]fe01jX51khK2O01O001O1ORmUY1"}, {"size": [1080, 1920], "counts": "PPYo1"}, {"size": [1080, 1920], "counts": "PPYo1"}, {"size": [1080, 1920], "counts": "PPYo1"}, {"size": [1080, 1920], "counts": "PPYo1"}, {"size": [1080, 1920], "counts": "PPYo1"}, {"size": [1080, 1920], "counts": "PPYo1"}, {"size": [1080, 1920], "counts": "PPYo1"}, {"size": [1080, 1920], "counts": "PPYo1"}, {"size": [1080, 1920], "counts": "PPYo1"}, {"size": [1080, 1920], "counts": "PPYo1"}, {"size": [1080, 1920], "counts": "]hle01gQ1000[RYY1"}, {"size": [1080, 1920], "counts": "mTae02fQ1100O1O0100O01O2OO01O01O010O001000O01O100O000001O01N`[kX1"}, {"size": [1080, 1920], "counts": "aYVi07aQ12M2O00100O1O1O001O1O01O01O01O10O00010O001O010O1O010O0000010O00010O100O010O10000O100000O00100O0010O01O001O1O1O1O1O001O1O1O1O102N100MTPlS1"}, {"size": [1080, 1920], "counts": "aYVi07aQ12M2O00100O1O1O001O1O01O01O01O10O00010O001O010O1O010O0000010O00010O100O010O10000O100000O00100O0010O01O001O1O1O1O1O001O1O1O1O102N100MTPlS1"}, {"size": [1080, 1920], "counts": "aYVi07aQ12M2O00100O1O1O001O1O01O01O01O10O00010O001O010O1O010O0000010O00010O100O010O10000O100000O00100O0010O01O001O1O1O1O1O001O1O1O1O102N100MTPlS1"}, {"size": [1080, 1920], "counts": "aYVi07aQ12M2O00100O1O1O001O1O01O01O01O10O00010O001O010O1O010O0000010O00010O100O010O10000O100000O00100O0010O01O001O1O1O1O1O001O1O1O1O102N100MTPlS1"}, {"size": [1080, 1920], "counts": "aYVi07aQ12M2O00100O1O1O001O1O01O01O01O10O00010O001O010O1O010O0000010O00010O100O010O10000O100000O00100O0010O01O001O1O1O1O1O001O1O1O1O102N100MTPlS1"}, {"size": [1080, 1920], "counts": "aYVi07aQ12M2O00100O1O1O001O1O01O01O01O10O00010O001O010O1O010O0000010O00010O100O010O10000O100000O00100O0010O01O001O1O1O1O1O001O1O1O1O102N100MTPlS1"}, {"size": [1080, 1920], "counts": "]hle01gQ11O0[RYY1"}, {"size": [1080, 1920], "counts": "PPYo1"}, {"size": [1080, 1920], "counts": "PPYo1"}, {"size": [1080, 1920], "counts": "PPYo1"}, {"size": [1080, 1920], "counts": "PPYo1"}, {"size": [1080, 1920], "counts": "a]g=161TQ1>0122L0N6L0O03M2N4LO202N00O3L3OO1N02M5K62J1ON2N108NKM^blS16Z]SlN8I5M7H7JN1000001N2O001O1O1N2M3M3N1O2M3N2N4KfTo;"}, {"size": [1080, 1920], "counts": "iWUi03dQ13N1O1O001O1O1O001O000010O00010O10O01O01O00010O00010O00001O010O0010O0100O010O01000000O01000000O10O10O01O010O1O1O1O00100O1O1O1O1ObUoS1"}, {"size": [1080, 1920], "counts": "iWUi03dQ13N1O1O001O1O1O001O000010O00010O10O01O01O00010O00010O00001O010O0010O0100O010O01000000O01000000O10O10O01O010O1O1O1O00100O1O1O1O1ObUoS1"}, {"size": [1080, 1920], "counts": "iWUi03dQ13N1O1O001O1O1O001O000010O00010O10O01O01O00010O00010O00001O010O0010O0100O010O01000000O01000000O10O10O01O010O1O1O1O00100O1O1O1O1ObUoS1"}, {"size": [1080, 1920], "counts": "iWUi03dQ13N1O1O001O1O1O001O000010O00010O10O01O01O00010O00010O00001O010O0010O0100O010O01000000O01000000O10O10O01O010O1O1O1O00100O1O1O1O1ObUoS1"}, {"size": [1080, 1920], "counts": "iWUi03dQ13N1O1O001O1O1O001O000010O00010O10O01O01O00010O00010O00001O010O0010O0100O010O01000000O01000000O10O10O01O010O1O1O1O00100O1O1O1O1ObUoS1"}, {"size": [1080, 1920], "counts": "PPYo1"}, {"size": [1080, 1920], "counts": "Ujme01gQ11ZRYY1"}, {"size": [1080, 1920], "counts": "Ujme01gQ11ZRYY1"}, {"size": [1080, 1920], "counts": "PPYo1"}, {"size": [1080, 1920], "counts": "fYe=3cS2<emN304N0O3L3N0OO3N3N2NO1O1000O2N3M10OO0O2O7OMN1M1O11anNJ[Q196IZkQT16\\TnkN6L4L3O00O10O01O1N1L5N2O1M4L4MQXQ<"}, {"size": [1080, 1920], "counts": "PPYo1"}, {"size": [1080, 1920], "counts": "PPYo1"}, {"size": [1080, 1920], "counts": "PPYo1"}, {"size": [1080, 1920],